InvoiceNo,StockCode,Description,Quantity,InvoiceDate,UnitPrice,CustomerID,Country,IsGuest,IsCancel,IsProduct
536370,POST,POSTAGE,3,2010-12-01 08:45:00,18.0,12583,France,False,False,False
C536379,D,Discount,-1,2010-12-01 09:41:00,27.5,14527,United Kingdom,False,True,False
536403,POST,POSTAGE,1,2010-12-01 11:27:00,15.0,12791,Netherlands,False,False,False
536414,22139,,56,2010-12-01 11:52:00,0.0,,United Kingdom,True,False,True
536527,POST,POSTAGE,1,2010-12-01 13:04:00,18.0,12662,Germany,False,False,False
536544,DOT,DOTCOM POSTAGE,1,2010-12-01 14:32:00,569.77,,United Kingdom,True,False,False
536545,21134,,1,2010-12-01 14:32:00,0.0,,United Kingdom,True,False,True
536546,22145,,1,2010-12-01 14:33:00,0.0,,United Kingdom,True,False,True
536547,37509,,1,2010-12-01 14:33:00,0.0,,United Kingdom,True,False,True
536549,85226A,,1,2010-12-01 14:34:00,0.0,,United Kingdom,True,False,True
536550,85044,,1,2010-12-01 14:34:00,0.0,,United Kingdom,True,False,True
536552,20950,,1,2010-12-01 14:34:00,0.0,,United Kingdom,True,False,True
536553,37461,,3,2010-12-01 14:35:00,0.0,,United Kingdom,True,False,True
536554,84670,,23,2010-12-01 14:35:00,0.0,,United Kingdom,True,False,True
536569,M,Manual,1,2010-12-01 15:35:00,1.25,16274,United Kingdom,False,False,False
536569,M,Manual,1,2010-12-01 15:35:00,18.95,16274,United Kingdom,False,False,False
536589,21777,,-10,2010-12-01 16:50:00,0.0,,United Kingdom,True,False,True
536592,DOT,DOTCOM POSTAGE,1,2010-12-01 17:06:00,607.49,,United Kingdom,True,False,False
536764,84952C,,-38,2010-12-02 14:42:00,0.0,,United Kingdom,True,False,True
536765,84952C,,19,2010-12-02 14:43:00,0.0,,United Kingdom,True,False,True
536779,BANK CHARGES,Bank Charges,1,2010-12-02 15:08:00,15.0,15823,United Kingdom,False,False,False
536840,POST,POSTAGE,1,2010-12-02 18:27:00,18.0,12738,Germany,False,False,False
536852,POST,POSTAGE,1,2010-12-03 09:51:00,18.0,12686,France,False,False,False
536858,POST,POSTAGE,2,2010-12-03 10:36:00,40.0,13520,Switzerland,False,False,False
536861,POST,POSTAGE,3,2010-12-03 10:44:00,18.0,12427,Germany,False,False,False
536862,DOT,DOTCOM POSTAGE,1,2010-12-03 11:13:00,254.43,,United Kingdom,True,False,False
536864,DOT,DOTCOM POSTAGE,1,2010-12-03 11:27:00,121.06,,United Kingdom,True,False,False
536865,M,Manual,1,2010-12-03 11:28:00,2.55,,United Kingdom,True,False,False
536865,DOT,DOTCOM POSTAGE,1,2010-12-03 11:28:00,498.47,,United Kingdom,True,False,False
536876,DOT,DOTCOM POSTAGE,1,2010-12-03 11:36:00,887.52,,United Kingdom,True,False,False
536941,22734,amazon,20,2010-12-03 12:08:00,0.0,,United Kingdom,True,False,True
536942,22139,amazon,15,2010-12-03 12:08:00,0.0,,United Kingdom,True,False,True
536967,POST,POSTAGE,1,2010-12-03 12:57:00,18.0,12600,Germany,False,False,False
536974,POST,POSTAGE,2,2010-12-03 13:59:00,18.0,12682,France,False,False,False
536981,M,Manual,2,2010-12-03 14:26:00,0.85,14723,United Kingdom,False,False,False
536983,POST,POSTAGE,1,2010-12-03 14:30:00,18.0,12712,Germany,False,False,False
536990,POST,POSTAGE,1,2010-12-03 15:14:00,28.0,12793,Portugal,False,False,False
536995,35951,,57,2010-12-03 15:29:00,0.0,,United Kingdom,True,False,True
536996,22712,,-20,2010-12-03 15:30:00,0.0,,United Kingdom,True,False,True
536997,22028,,-20,2010-12-03 15:30:00,0.0,,United Kingdom,True,False,True
536998,85067,,-6,2010-12-03 15:30:00,0.0,,United Kingdom,True,False,True
536999,21421,,110,2010-12-03 15:32:00,0.0,,United Kingdom,True,False,True
537000,21414,,-22,2010-12-03 15:32:00,0.0,,United Kingdom,True,False,True
537001,21653,,-6,2010-12-03 15:33:00,0.0,,United Kingdom,True,False,True
537002,21651,,70,2010-12-03 15:33:00,0.0,,United Kingdom,True,False,True
537003,85126,,-2,2010-12-03 15:33:00,0.0,,United Kingdom,True,False,True
537004,21814,,-30,2010-12-03 15:34:00,0.0,,United Kingdom,True,False,True
537005,21692,,-70,2010-12-03 15:35:00,0.0,,United Kingdom,True,False,True
537006,21648,,-130,2010-12-03 15:36:00,0.0,,United Kingdom,True,False,True
537007,21172,,-80,2010-12-03 15:36:00,0.0,,United Kingdom,True,False,True
537008,21161,,-120,2010-12-03 15:37:00,0.0,,United Kingdom,True,False,True
537009,84534B,,-80,2010-12-03 15:38:00,0.0,,United Kingdom,True,False,True
537010,22162,,-40,2010-12-03 15:38:00,0.0,,United Kingdom,True,False,True
537011,22139,,-5,2010-12-03 15:38:00,0.0,,United Kingdom,True,False,True
537012,21535,,-12,2010-12-03 15:39:00,0.0,,United Kingdom,True,False,True
537013,35965,,-25,2010-12-03 15:40:00,0.0,,United Kingdom,True,False,True
537014,21040,,-20,2010-12-03 15:40:00,0.0,,United Kingdom,True,False,True
537015,37464,,-14,2010-12-03 15:41:00,0.0,,United Kingdom,True,False,True
537016,21836,,-15,2010-12-03 15:41:00,0.0,,United Kingdom,True,False,True
537017,47556B,,-69,2010-12-03 15:41:00,0.0,,United Kingdom,True,False,True
537018,84562A,,-3,2010-12-03 15:42:00,0.0,,United Kingdom,True,False,True
537019,37474,,-15,2010-12-03 15:43:00,0.0,,United Kingdom,True,False,True
537020,21807,,-30,2010-12-03 15:43:00,0.0,,United Kingdom,True,False,True
537021,21011,,-20,2010-12-03 15:43:00,0.0,,United Kingdom,True,False,True
537022,POST,POSTAGE,2,2010-12-03 15:45:00,28.0,12725,Italy,False,False,False
537026,POST,POSTAGE,2,2010-12-03 16:35:00,18.0,12395,Belgium,False,False,False
537027,18098C,,-140,2010-12-03 16:36:00,0.0,,United Kingdom,True,False,True
537028,21696,,-320,2010-12-03 16:36:00,0.0,,United Kingdom,True,False,True
537029,37476,,-6,2010-12-03 16:37:00,0.0,,United Kingdom,True,False,True
537032,21275,?,-30,2010-12-03 16:50:00,0.0,,United Kingdom,True,False,True
537065,POST,POSTAGE,9,2010-12-05 11:57:00,18.0,12567,France,False,False,False
537077,M,Manual,12,2010-12-05 11:59:00,0.42,17062,United Kingdom,False,False,False
537137,M,Manual,36,2010-12-05 12:43:00,0.85,16327,United Kingdom,False,False,False
537140,M,Manual,1,2010-12-05 12:53:00,0.42,12748,United Kingdom,False,False,False
537140,M,Manual,1,2010-12-05 12:53:00,0.85,12748,United Kingdom,False,False,False
C537164,D,Discount,-1,2010-12-05 13:21:00,29.29,14527,United Kingdom,False,True,False
537197,POST,POSTAGE,3,2010-12-05 14:02:00,18.0,12647,Germany,False,False,False
537197,22841,ROUND CAKE TIN VINTAGE GREEN,1,2010-12-05 14:02:00,0.0,12647,Germany,False,False,True
537198,POST,POSTAGE,1,2010-12-05 14:03:00,18.0,12647,Germany,False,False,False
537199,M,Manual,1,2010-12-05 14:06:00,0.65,15894,United Kingdom,False,False,False
537201,POST,POSTAGE,6,2010-12-05 14:19:00,18.0,12472,Germany,False,False,False
537208,M,Manual,4,2010-12-05 15:12:00,0.85,15889,United Kingdom,False,False,False
537212,POST,POSTAGE,4,2010-12-05 15:21:00,18.0,12720,Germany,False,False,False
537225,M,Manual,1,2010-12-05 16:41:00,1.0,12748,United Kingdom,False,False,False
537237,DOT,DOTCOM POSTAGE,1,2010-12-06 09:58:00,863.74,,United Kingdom,True,False,False
537240,DOT,DOTCOM POSTAGE,1,2010-12-06 10:08:00,940.87,,United Kingdom,True,False,False
537246,POST,POSTAGE,1,2010-12-06 10:27:00,28.0,12808,Portugal,False,False,False
537250,POST,POSTAGE,1,2010-12-06 10:43:00,18.0,12708,Germany,False,False,False
537361,21777,,5,2010-12-06 12:34:00,0.0,,United Kingdom,True,False,True
537363,84569B,,-20,2010-12-06 12:35:00,0.0,,United Kingdom,True,False,True
537364,21027,,-70,2010-12-06 12:36:00,0.0,,United Kingdom,True,False,True
537377,M,Manual,12,2010-12-06 13:01:00,0.19,15882,United Kingdom,False,False,False
537392,M,Manual,5,2010-12-06 13:58:00,1.25,17068,United Kingdom,False,False,False
537396,M,Manual,1,2010-12-06 14:08:00,35.0,17223,United Kingdom,False,False,False
537401,84898F,,-24,2010-12-06 14:37:00,0.0,,United Kingdom,True,False,True
C537414,POST,POSTAGE,-1,2010-12-06 15:09:00,4.41,16861,United Kingdom,False,True,False
537425,84968F,check,-20,2010-12-06 15:35:00,0.0,,United Kingdom,True,False,True
537426,84968E,check,-35,2010-12-06 15:36:00,0.0,,United Kingdom,True,False,True
537427,84968B,,-21,2010-12-06 15:37:00,0.0,,United Kingdom,True,False,True
537430,85215,,120,2010-12-06 16:05:00,0.0,,United Kingdom,True,False,True
537432,35833G,damages,-43,2010-12-06 16:10:00,0.0,,United Kingdom,True,False,True
537434,DOT,DOTCOM POSTAGE,1,2010-12-06 16:57:00,950.99,,United Kingdom,True,False,False
537435,M,Manual,2,2010-12-06 16:58:00,5.95,17920,United Kingdom,False,False,False
537436,84270,,7,2010-12-06 17:00:00,0.0,,United Kingdom,True,False,True
537437,90167,,10,2010-12-06 17:00:00,0.0,,United Kingdom,True,False,True
537438,22959,,13,2010-12-06 17:00:00,0.0,,United Kingdom,True,False,True
537439,37474,,1,2010-12-06 17:01:00,0.0,,United Kingdom,True,False,True
537449,21054,,-30,2010-12-07 09:26:00,0.0,,United Kingdom,True,False,True
537450,20684,,-19,2010-12-07 09:26:00,0.0,,United Kingdom,True,False,True
537451,84881,,-11,2010-12-07 09:27:00,0.0,,United Kingdom,True,False,True
537452,20941,,-24,2010-12-07 09:28:00,0.0,,United Kingdom,True,False,True
537453,21248,,-18,2010-12-07 09:28:00,0.0,,United Kingdom,True,False,True
537454,21349,,-44,2010-12-07 09:30:00,0.0,,United Kingdom,True,False,True
537455,22155,,-70,2010-12-07 09:31:00,0.0,,United Kingdom,True,False,True
537463,POST,POSTAGE,4,2010-12-07 10:08:00,18.0,12681,France,False,False,False
537466,21488,,-50,2010-12-07 10:33:00,0.0,,United Kingdom,True,False,True
537468,POST,POSTAGE,3,2010-12-07 10:36:00,18.0,12567,France,False,False,False
537534,85064,CREAM SWEETHEART LETTER RACK,1,2010-12-07 11:48:00,0.0,,United Kingdom,True,False,True
537534,84832,ZINC WILLIE WINKIE  CANDLE STICK,1,2010-12-07 11:48:00,0.0,,United Kingdom,True,False,True
537534,84692,BOX OF 24 COCKTAIL PARASOLS,2,2010-12-07 11:48:00,0.0,,United Kingdom,True,False,True
537534,48184,DOORMAT ENGLISH ROSE ,3,2010-12-07 11:48:00,0.0,,United Kingdom,True,False,True
537534,48111,DOORMAT 3 SMILEY CATS,1,2010-12-07 11:48:00,0.0,,United Kingdom,True,False,True
537534,22697,GREEN REGENCY TEACUP AND SAUCER,1,2010-12-07 11:48:00,0.0,,United Kingdom,True,False,True
537534,22682,FRENCH BLUE METAL DOOR SIGN 7,1,2010-12-07 11:48:00,0.0,,United Kingdom,True,False,True
537534,22680,FRENCH BLUE METAL DOOR SIGN 5,1,2010-12-07 11:48:00,0.0,,United Kingdom,True,False,True
537534,22681,FRENCH BLUE METAL DOOR SIGN 6,2,2010-12-07 11:48:00,0.0,,United Kingdom,True,False,True
537534,22679,FRENCH BLUE METAL DOOR SIGN 4,5,2010-12-07 11:48:00,0.0,,United Kingdom,True,False,True
537534,22686,FRENCH BLUE METAL DOOR SIGN No,2,2010-12-07 11:48:00,0.0,,United Kingdom,True,False,True
537534,22683,FRENCH BLUE METAL DOOR SIGN 8,3,2010-12-07 11:48:00,0.0,,United Kingdom,True,False,True
537534,22676,FRENCH BLUE METAL DOOR SIGN 1,3,2010-12-07 11:48:00,0.0,,United Kingdom,True,False,True
537534,22625,RED KITCHEN SCALES,1,2010-12-07 11:48:00,0.0,,United Kingdom,True,False,True
537534,22624,IVORY KITCHEN SCALES,3,2010-12-07 11:48:00,0.0,,United Kingdom,True,False,True
537534,22619,SET OF 6 SOLDIER SKITTLES,1,2010-12-07 11:48:00,0.0,,United Kingdom,True,False,True
537534,22520,CHILDS GARDEN TROWEL BLUE ,1,2010-12-07 11:48:00,0.0,,United Kingdom,True,False,True
537534,22524,CHILDRENS GARDEN GLOVES BLUE,3,2010-12-07 11:48:00,0.0,,United Kingdom,True,False,True
537534,22502,PICNIC BASKET WICKER SMALL,29,2010-12-07 11:48:00,0.0,,United Kingdom,True,False,True
537534,22501,PICNIC BASKET WICKER LARGE,2,2010-12-07 11:48:00,0.0,,United Kingdom,True,False,True
537534,22476,EMPIRE UNION JACK TV DINNER TRAY,1,2010-12-07 11:48:00,0.0,,United Kingdom,True,False,True
537534,22473,TV DINNER TRAY VINTAGE PAISLEY,1,2010-12-07 11:48:00,0.0,,United Kingdom,True,False,True
537534,22474,SPACEBOY TV DINNER TRAY,1,2010-12-07 11:48:00,0.0,,United Kingdom,True,False,True
537534,22472,TV DINNER TRAY DOLLY GIRL,1,2010-12-07 11:48:00,0.0,,United Kingdom,True,False,True
537534,22514,CHILDS GARDEN SPADE BLUE,1,2010-12-07 11:48:00,0.0,,United Kingdom,True,False,True
537534,22516,CHILDS GARDEN RAKE BLUE,1,2010-12-07 11:48:00,0.0,,United Kingdom,True,False,True
537534,22432,WATERING CAN PINK BUNNY,1,2010-12-07 11:48:00,0.0,,United Kingdom,True,False,True
537534,22428,ENAMEL FIRE BUCKET CREAM,3,2010-12-07 11:48:00,0.0,,United Kingdom,True,False,True
537534,22427,ENAMEL FLOWER JUG CREAM,1,2010-12-07 11:48:00,0.0,,United Kingdom,True,False,True
537534,22376,AIRLINE BAG VINTAGE JET SET WHITE,1,2010-12-07 11:48:00,0.0,,United Kingdom,True,False,True
537534,22375,AIRLINE BAG VINTAGE JET SET BROWN,1,2010-12-07 11:48:00,0.0,,United Kingdom,True,False,True
537534,22372,AIRLINE BAG VINTAGE WORLD CHAMPION ,1,2010-12-07 11:48:00,0.0,,United Kingdom,True,False,True
537534,22371,AIRLINE BAG VINTAGE TOKYO 78,5,2010-12-07 11:48:00,0.0,,United Kingdom,True,False,True
537534,22620,4 TRADITIONAL SPINNING TOPS,1,2010-12-07 11:48:00,0.0,,United Kingdom,True,False,True
537534,22624,IVORY KITCHEN SCALES,1,2010-12-07 11:48:00,0.0,,United Kingdom,True,False,True
537534,22109,FULL ENGLISH BREAKFAST PLATE,1,2010-12-07 11:48:00,0.0,,United Kingdom,True,False,True
537534,22367,CHILDRENS APRON SPACEBOY DESIGN,1,2010-12-07 11:48:00,0.0,,United Kingdom,True,False,True
537534,22366,DOORMAT AIRMAIL ,1,2010-12-07 11:48:00,0.0,,United Kingdom,True,False,True
537534,22364,GLASS JAR DIGESTIVE BISCUITS,1,2010-12-07 11:48:00,0.0,,United Kingdom,True,False,True
537534,22362,GLASS JAR PEACOCK BATH SALTS,3,2010-12-07 11:48:00,0.0,,United Kingdom,True,False,True
537534,22360,GLASS JAR ENGLISH CONFECTIONERY,1,2010-12-07 11:48:00,0.0,,United Kingdom,True,False,True
537534,22361,GLASS JAR DAISY FRESH COTTON WOOL,2,2010-12-07 11:48:00,0.0,,United Kingdom,True,False,True
537534,22359,GLASS JAR KINGS CHOICE,1,2010-12-07 11:48:00,0.0,,United Kingdom,True,False,True
537534,22353,LUNCH BOX WITH CUTLERY FAIRY CAKES ,1,2010-12-07 11:48:00,0.0,,United Kingdom,True,False,True
537534,22350,ILLUSTRATED CAT BOWL ,1,2010-12-07 11:48:00,0.0,,United Kingdom,True,False,True
537534,22327,ROUND SNACK BOXES SET OF 4 SKULLS,1,2010-12-07 11:48:00,0.0,,United Kingdom,True,False,True
537534,21116,OWL DOORSTOP,1,2010-12-07 11:48:00,0.0,,United Kingdom,True,False,True
537534,22202,MILK PAN PINK POLKADOT,2,2010-12-07 11:48:00,0.0,,United Kingdom,True,False,True
537534,22550,HOLIDAY FUN LUDO,1,2010-12-07 11:48:00,0.0,,United Kingdom,True,False,True
537534,21912,VINTAGE SNAKES & LADDERS,1,2010-12-07 11:48:00,0.0,,United Kingdom,True,False,True
537534,21891,TRADITIONAL WOODEN SKIPPING ROPE,1,2010-12-07 11:48:00,0.0,,United Kingdom,True,False,True
537534,21559,STRAWBERRY LUNCH BOX WITH CUTLERY,1,2010-12-07 11:48:00,0.0,,United Kingdom,True,False,True
537534,21531,RED RETROSPOT SUGAR JAM BOWL,2,2010-12-07 11:48:00,0.0,,United Kingdom,True,False,True
537534,20726,LUNCH BAG WOODLAND,1,2010-12-07 11:48:00,0.0,,United Kingdom,True,False,True
537534,20652,BLUE POLKADOT LUGGAGE TAG ,1,2010-12-07 11:48:00,0.0,,United Kingdom,True,False,True
537534,20615,BLUE POLKADOT PASSPORT COVER,1,2010-12-07 11:48:00,0.0,,United Kingdom,True,False,True
537534,M,Manual,1,2010-12-07 11:48:00,924.59,,United Kingdom,True,False,False
C537572,BANK CHARGES,Bank Charges,-1,2010-12-07 12:00:00,95.38,,United Kingdom,True,True,False
C537581,S,SAMPLES,-1,2010-12-07 12:03:00,12.95,,United Kingdom,True,True,False
C537581,S,SAMPLES,-1,2010-12-07 12:03:00,52.0,,United Kingdom,True,True,False
537594,POST,POSTAGE,5,2010-12-07 12:28:00,18.0,12647,Germany,False,False,False
C537597,D,Discount,-1,2010-12-07 12:34:00,281.0,15498,United Kingdom,False,True,False
C537600,AMAZONFEE,AMAZON FEE,-1,2010-12-07 12:41:00,1.0,,United Kingdom,True,True,False
C537610,M,Manual,-1,2010-12-07 13:23:00,631.31,,United Kingdom,True,True,False
C537613,M,Manual,-1,2010-12-07 13:28:00,313.78,,United Kingdom,True,True,False
C537630,AMAZONFEE,AMAZON FEE,-1,2010-12-07 15:04:00,13541.33,,United Kingdom,True,True,False
537632,AMAZONFEE,AMAZON FEE,1,2010-12-07 15:08:00,13541.33,,United Kingdom,True,False,False
537638,DOT,DOTCOM POSTAGE,1,2010-12-07 15:28:00,836.14,,United Kingdom,True,False,False
537639,22734,amazon,30,2010-12-07 15:29:00,0.0,,United Kingdom,True,False,True
537640,21232,STRAWBERRY CERAMIC TRINKET BOX,1,2010-12-07 15:31:00,0.0,,United Kingdom,True,False,True
537641,DOT,DOTCOM POSTAGE,1,2010-12-07 15:32:00,229.74,,United Kingdom,True,False,False
537642,DOT,DOTCOM POSTAGE,1,2010-12-07 15:33:00,448.0,,United Kingdom,True,False,False
537643,DOT,DOTCOM POSTAGE,1,2010-12-07 15:34:00,593.15,,United Kingdom,True,False,False
537645,DOT,DOTCOM POSTAGE,1,2010-12-07 15:34:00,607.96,,United Kingdom,True,False,False
C537644,AMAZONFEE,AMAZON FEE,-1,2010-12-07 15:34:00,13474.79,,United Kingdom,True,True,False
C537647,AMAZONFEE,AMAZON FEE,-1,2010-12-07 15:41:00,5519.25,,United Kingdom,True,True,False
C537651,AMAZONFEE,AMAZON FEE,-1,2010-12-07 15:49:00,13541.33,,United Kingdom,True,True,False
C537652,AMAZONFEE,AMAZON FEE,-1,2010-12-07 15:51:00,6706.71,,United Kingdom,True,True,False
537666,DOT,DOTCOM POSTAGE,1,2010-12-07 18:36:00,701.95,,United Kingdom,True,False,False
537673,POST,POSTAGE,7,2010-12-08 09:49:00,18.0,12709,Germany,False,False,False
537687,84840,,-9,2010-12-08 10:26:00,0.0,,United Kingdom,True,False,True
537693,POST,POSTAGE,1,2010-12-08 10:45:00,18.0,12441,France,False,False,False
537800,M,Manual,12,2010-12-08 13:08:00,0.19,12748,United Kingdom,False,False,False
537804,M,Manual,12,2010-12-08 13:17:00,2.95,12748,United Kingdom,False,False,False
537804,M,Manual,12,2010-12-08 13:17:00,0.19,12748,United Kingdom,False,False,False
537818,POST,POSTAGE,6,2010-12-08 13:53:00,28.0,12766,Portugal,False,False,False
537823,DOT,DOTCOM POSTAGE,1,2010-12-08 14:25:00,729.42,,United Kingdom,True,False,False
C537857,D,Discount,-1,2010-12-08 16:00:00,267.12,17340,United Kingdom,False,True,False
537870,21486,,-77,2010-12-08 17:08:00,0.0,,United Kingdom,True,False,True
537872,21595,,1,2010-12-08 18:07:00,0.0,,United Kingdom,True,False,True
537873,37461,,1,2010-12-08 18:07:00,0.0,,United Kingdom,True,False,True
537874,85170A,,1,2010-12-08 18:07:00,0.0,,United Kingdom,True,False,True
537875,20849,,1,2010-12-08 18:08:00,0.0,,United Kingdom,True,False,True
537876,84977,,2,2010-12-08 18:08:00,0.0,,United Kingdom,True,False,True
537877,21661,,1,2010-12-08 18:08:00,0.0,,United Kingdom,True,False,True
537878,72803B,,1,2010-12-08 18:09:00,0.0,,United Kingdom,True,False,True
537892,POST,POSTAGE,1,2010-12-09 10:13:00,18.0,12481,Germany,False,False,False
537894,POST,POSTAGE,2,2010-12-09 10:16:00,18.0,12621,Germany,False,False,False
537897,POST,POSTAGE,1,2010-12-09 10:37:00,18.0,12683,France,False,False,False
537915,POST,POSTAGE,1,2010-12-09 10:55:00,28.0,12797,Portugal,False,False,False
537967,POST,POSTAGE,1,2010-12-09 11:31:00,18.0,12494,France,False,False,False
537995,POST,POSTAGE,2,2010-12-09 11:39:00,18.0,12712,Germany,False,False,False
537999,22034,,-223,2010-12-09 11:44:00,0.0,,United Kingdom,True,False,True
538001,35958,,10,2010-12-09 11:45:00,0.0,,United Kingdom,True,False,True
538003,POST,POSTAGE,8,2010-12-09 12:05:00,18.0,12429,Denmark,False,False,False
538004,22114,,144,2010-12-09 12:11:00,0.0,,United Kingdom,True,False,True
538008,POST,POSTAGE,5,2010-12-09 12:17:00,18.0,12683,France,False,False,False
538036,21690,,34,2010-12-09 13:04:00,0.0,,United Kingdom,True,False,True
538038,21488,,8,2010-12-09 13:07:00,0.0,,United Kingdom,True,False,True
538039,22139,,7,2010-12-09 13:07:00,0.0,,United Kingdom,True,False,True
538041,22145,,30,2010-12-09 13:09:00,0.0,,United Kingdom,True,False,True
538042,21763,,-4,2010-12-09 13:10:00,0.0,,United Kingdom,True,False,True
538043,22833,,-1,2010-12-09 13:10:00,0.0,,United Kingdom,True,False,True
538045,84688,,27,2010-12-09 13:11:00,0.0,,United Kingdom,True,False,True
538046,85008,,-15,2010-12-09 13:12:00,0.0,,United Kingdom,True,False,True
538047,21429,,-70,2010-12-09 13:13:00,0.0,,United Kingdom,True,False,True
538054,85167B,,-24,2010-12-09 13:34:00,0.0,,United Kingdom,True,False,True
538055,22454,,-20,2010-12-09 13:34:00,0.0,,United Kingdom,True,False,True
538058,20966,,-150,2010-12-09 13:38:00,0.0,,United Kingdom,True,False,True
538061,21801,,-38,2010-12-09 13:39:00,0.0,,United Kingdom,True,False,True
538071,22585,PACK OF 6 BIRDY GIFT TAGS,1,2010-12-09 14:09:00,0.0,,United Kingdom,True,False,True
538071,DOT,DOTCOM POSTAGE,1,2010-12-09 14:09:00,885.94,,United Kingdom,True,False,False
538072,22423,faulty,-13,2010-12-09 14:10:00,0.0,,United Kingdom,True,False,True
538074,21743,,-80,2010-12-09 14:11:00,0.0,,United Kingdom,True,False,True
538090,20956,?,-723,2010-12-09 14:48:00,0.0,,United Kingdom,True,False,True
538092,37467,,-177,2010-12-09 14:49:00,0.0,,United Kingdom,True,False,True
538093,POST,POSTAGE,5,2010-12-09 14:49:00,18.0,12682,France,False,False,False
C538124,M,Manual,-4,2010-12-09 15:43:00,0.5,15329,United Kingdom,False,True,False
538128,21357,,46,2010-12-09 15:54:00,0.0,,United Kingdom,True,False,True
538129,84497,,79,2010-12-09 15:55:00,0.0,,United Kingdom,True,False,True
538130,90042C,,10,2010-12-09 15:55:00,0.0,,United Kingdom,True,False,True
538131,17091A,,84,2010-12-09 15:56:00,0.0,,United Kingdom,True,False,True
538132,84773,,3,2010-12-09 15:56:00,0.0,,United Kingdom,True,False,True
538133,85018C,,3,2010-12-09 15:56:00,0.0,,United Kingdom,True,False,True
538134,20878,,2,2010-12-09 15:56:00,0.0,,United Kingdom,True,False,True
538135,21186,,2,2010-12-09 15:56:00,0.0,,United Kingdom,True,False,True
538136,37509,,2,2010-12-09 15:57:00,0.0,,United Kingdom,True,False,True
538137,62095B,,2,2010-12-09 15:57:00,0.0,,United Kingdom,True,False,True
538138,72814,,2,2010-12-09 15:57:00,0.0,,United Kingdom,True,False,True
538139,84802A,,2,2010-12-09 15:57:00,0.0,,United Kingdom,True,False,True
538140,90002D,,9,2010-12-09 15:57:00,0.0,,United Kingdom,True,False,True
538141,22218,,2,2010-12-09 15:58:00,0.0,,United Kingdom,True,False,True
538142,84247C,,1,2010-12-09 15:58:00,0.0,,United Kingdom,True,False,True
538143,84534B,,1,2010-12-09 15:58:00,0.0,,United Kingdom,True,False,True
538144,90042B,,1,2010-12-09 15:58:00,0.0,,United Kingdom,True,False,True
538147,M,Manual,1,2010-12-09 16:11:00,15.0,13090,United Kingdom,False,False,False
538148,DOT,DOTCOM POSTAGE,1,2010-12-09 16:26:00,547.32,,United Kingdom,True,False,False
538149,DOT,DOTCOM POSTAGE,1,2010-12-09 16:27:00,620.68,,United Kingdom,True,False,False
538153,DOT,DOTCOM POSTAGE,1,2010-12-09 16:31:00,822.94,,United Kingdom,True,False,False
538154,DOT,DOTCOM POSTAGE,1,2010-12-09 16:35:00,85.79,,United Kingdom,True,False,False
538158,20892,,-32,2010-12-09 17:17:00,0.0,,United Kingdom,True,False,True
538159,21324,,-18,2010-12-09 17:17:00,0.0,,United Kingdom,True,False,True
538160,20956,,288,2010-12-09 17:18:00,0.0,,United Kingdom,True,False,True
538161,46000S,Dotcom sales,-100,2010-12-09 17:25:00,0.0,,United Kingdom,True,False,True
538162,46000M,Dotcom sales,-100,2010-12-09 17:25:00,0.0,,United Kingdom,True,False,True
538173,22353,,-28,2010-12-10 09:35:00,0.0,,United Kingdom,True,False,True
538175,POST,POSTAGE,21,2010-12-10 09:48:00,18.0,12471,Germany,False,False,False
538177,DOT,DOTCOM POSTAGE,1,2010-12-10 09:51:00,847.42,,United Kingdom,True,False,False
C538189,M,Manual,-1,2010-12-10 10:35:00,133.08,,United Kingdom,True,True,False
538196,POST,POSTAGE,8,2010-12-10 10:56:00,18.0,12731,France,False,False,False
538241,21431,,-21,2010-12-10 12:00:00,0.0,,United Kingdom,True,False,True
538247,79067,,-145,2010-12-10 12:09:00,0.0,,United Kingdom,True,False,True
538249,85084,,25,2010-12-10 12:19:00,0.0,,United Kingdom,True,False,True
538311,POST,POSTAGE,2,2010-12-10 13:48:00,28.0,12785,Portugal,False,False,False
538348,22734,amazon,30,2010-12-10 14:59:00,0.0,,United Kingdom,True,False,True
538349,DOT,DOTCOM POSTAGE,1,2010-12-10 14:59:00,907.47,,United Kingdom,True,False,False
538359,35958,,2,2010-12-10 16:29:00,0.0,,United Kingdom,True,False,True
538360,35004P,,1,2010-12-10 16:29:00,0.0,,United Kingdom,True,False,True
538524,DOT,DOTCOM POSTAGE,1,2010-12-13 09:35:00,641.86,,United Kingdom,True,False,False
538525,POST,POSTAGE,5,2010-12-13 09:39:00,28.0,12540,Spain,False,False,False
538566,DOT,DOTCOM POSTAGE,1,2010-12-13 11:21:00,584.59,,United Kingdom,True,False,False
538597,M,Manual,1,2010-12-13 12:26:00,1.25,15555,United Kingdom,False,False,False
C538680,BANK CHARGES,Bank Charges,-1,2010-12-13 17:10:00,966.92,,United Kingdom,True,True,False
C538681,M,Manual,-1,2010-12-13 17:12:00,316.3,,United Kingdom,True,True,False
C538682,M,Manual,-1,2010-12-13 17:14:00,1130.9,,United Kingdom,True,True,False
538685,POST,POSTAGE,1,2010-12-14 09:39:00,15.0,15694,United Kingdom,False,False,False
538707,M,Manual,2,2010-12-14 10:38:00,0.21,17894,United Kingdom,False,False,False
C538806,M,Manual,-1,2010-12-14 11:59:00,4.25,15181,United Kingdom,False,True,False
538807,M,Manual,4,2010-12-14 12:06:00,0.21,17194,United Kingdom,False,False,False
538807,M,Manual,1,2010-12-14 12:06:00,20.0,17194,United Kingdom,False,False,False
538807,M,Manual,1,2010-12-14 12:06:00,5.0,17194,United Kingdom,False,False,False
538837,85135B,,-40,2010-12-14 13:10:00,0.0,,United Kingdom,True,False,True
538861,22444,,460,2010-12-14 14:04:00,0.0,,United Kingdom,True,False,True
538873,22734,amazon sales,20,2010-12-14 15:13:00,0.0,,United Kingdom,True,False,True
538877,21479,WHITE SKULL HOT WATER BOTTLE ,1,2010-12-14 15:29:00,0.0,,United Kingdom,True,False,True
538877,22112,CHOCOLATE HOT WATER BOTTLE,1,2010-12-14 15:29:00,0.0,,United Kingdom,True,False,True
538877,22356,CHARLOTTE BAG PINK POLKADOT,1,2010-12-14 15:29:00,0.0,,United Kingdom,True,False,True
538880,DOT,DOTCOM POSTAGE,1,2010-12-14 15:52:00,113.45,,United Kingdom,True,False,False
538881,DOT,DOTCOM POSTAGE,1,2010-12-14 15:54:00,198.17,,United Kingdom,True,False,False
538883,DOT,DOTCOM POSTAGE,1,2010-12-14 15:56:00,340.72,,United Kingdom,True,False,False
538884,DOT,DOTCOM POSTAGE,1,2010-12-14 15:56:00,146.85,,United Kingdom,True,False,False
C538897,D,Discount,-1,2010-12-15 09:14:00,5.76,16422,United Kingdom,False,True,False
C538897,D,Discount,-1,2010-12-15 09:14:00,42.5,16422,United Kingdom,False,True,False
538906,21895,,-5,2010-12-15 10:31:00,0.0,,United Kingdom,True,False,True
C539003,D,Discount,-1,2010-12-15 12:35:00,26.93,14527,United Kingdom,False,True,False
539014,M,Manual,48,2010-12-15 13:37:00,0.32,17692,United Kingdom,False,False,False
539056,M,Manual,1,2010-12-15 16:38:00,1.45,16725,United Kingdom,False,False,False
C539063,POST,POSTAGE,-1,2010-12-15 16:50:00,12.34,15107,United Kingdom,False,True,False
C539073,POST,POSTAGE,-1,2010-12-15 17:08:00,3.5,12971,United Kingdom,False,True,False
539263,22580,ADVENT CALENDAR GINGHAM SACK,4,2010-12-16 14:36:00,0.0,16560,United Kingdom,False,False,True
539317,M,Manual,2,2010-12-16 19:04:00,3.0,17392,United Kingdom,False,False,False
539318,POST,POSTAGE,6,2010-12-16 19:09:00,40.0,12348,Finland,False,False,False
539327,POST,POSTAGE,1,2010-12-17 09:24:00,18.0,12600,Germany,False,False,False
539330,POST,POSTAGE,3,2010-12-17 09:38:00,40.0,12370,Austria,False,False,False
539353,POST,POSTAGE,3,2010-12-17 11:30:00,28.0,12782,Portugal,False,False,False
539391,POST,POSTAGE,2,2010-12-17 11:51:00,15.0,12417,Belgium,False,False,False
539395,POST,POSTAGE,11,2010-12-17 11:52:00,18.0,12471,Germany,False,False,False
539403,POST,POSTAGE,2,2010-12-17 12:21:00,18.0,12647,Germany,False,False,False
539405,POST,POSTAGE,6,2010-12-17 12:38:00,18.0,12621,Germany,False,False,False
539407,POST,POSTAGE,1,2010-12-17 12:56:00,18.0,12726,France,False,False,False
539408,POST,POSTAGE,3,2010-12-17 12:56:00,18.0,12720,Germany,False,False,False
C539409,POST,POSTAGE,-1,2010-12-17 12:58:00,18.0,12720,Germany,False,True,False
539413,22959,,12,2010-12-17 13:44:00,0.0,,United Kingdom,True,False,True
539434,DOT,DOTCOM POSTAGE,1,2010-12-17 14:41:00,510.79,,United Kingdom,True,False,False
539435,POST,POSTAGE,1,2010-12-17 14:46:00,18.0,12691,France,False,False,False
539436,DOT,DOTCOM POSTAGE,1,2010-12-17 14:49:00,565.37,,United Kingdom,True,False,False
539437,DOT,DOTCOM POSTAGE,1,2010-12-17 14:54:00,803.55,,United Kingdom,True,False,False
539446,POST,POSTAGE,9,2010-12-17 15:58:00,18.0,12705,Germany,False,False,False
539447,POST,POSTAGE,3,2010-12-17 16:00:00,18.0,12395,Belgium,False,False,False
539451,DOT,DOTCOM POSTAGE,1,2010-12-17 16:59:00,662.14,,United Kingdom,True,False,False
539453,DOT,DOTCOM POSTAGE,1,2010-12-17 17:08:00,603.62,,United Kingdom,True,False,False
539457,M,Manual,2,2010-12-17 17:24:00,1.0,,United Kingdom,True,False,False
539466,POST,POSTAGE,4,2010-12-19 12:46:00,18.0,12668,Germany,False,False,False
539491,POST,POSTAGE,1,2010-12-20 10:09:00,15.0,14646,Netherlands,False,False,False
539492,DOT,DOTCOM POSTAGE,1,2010-12-20 10:14:00,396.81,,United Kingdom,True,False,False
539494,21479,?,752,2010-12-20 10:36:00,0.0,,United Kingdom,True,False,True
539495,22591,,36,2010-12-20 10:37:00,0.0,,United Kingdom,True,False,True
539551,POST,POSTAGE,1,2010-12-20 11:38:00,18.0,12721,France,False,False,False
539582,71477,,8,2010-12-20 12:53:00,0.0,,United Kingdom,True,False,True
539583,35400,,1,2010-12-20 12:53:00,0.0,,United Kingdom,True,False,True
539584,21491,,1,2010-12-20 12:54:00,0.0,,United Kingdom,True,False,True
539585,21009,,1,2010-12-20 12:54:00,0.0,,United Kingdom,True,False,True
C539589,D,Discount,-1,2010-12-20 13:14:00,13.88,14527,United Kingdom,False,True,False
539595,DOT,DOTCOM POSTAGE,1,2010-12-20 13:43:00,350.78,,United Kingdom,True,False,False
539607,POST,POSTAGE,5,2010-12-20 14:10:00,18.0,12681,France,False,False,False
539611,85135B,Found,53,2010-12-20 14:33:00,0.0,,United Kingdom,True,False,True
539631,DOT,DOTCOM POSTAGE,1,2010-12-20 15:03:00,250.83,,United Kingdom,True,False,False
539636,POST,POSTAGE,6,2010-12-20 15:15:00,18.0,12481,Germany,False,False,False
539638,22139,,1,2010-12-20 15:23:00,0.0,,United Kingdom,True,False,True
539651,M,Manual,1,2010-12-20 16:19:00,22.0,,United Kingdom,True,False,False
539676,POST,POSTAGE,3,2010-12-21 10:54:00,15.0,12423,Belgium,False,False,False
539708,DOT,DOTCOM POSTAGE,1,2010-12-21 12:18:00,182.37,,United Kingdom,True,False,False
C539712,POST,POSTAGE,-1,2010-12-21 12:40:00,5.75,15602,United Kingdom,False,True,False
539718,DOT,DOTCOM POSTAGE,1,2010-12-21 13:06:00,112.37,,United Kingdom,True,False,False
539722,22423,REGENCY CAKESTAND 3 TIER,10,2010-12-21 13:45:00,0.0,14911,EIRE,False,False,True
539727,POST,POSTAGE,1,2010-12-21 14:26:00,18.0,12678,France,False,False,False
539735,DOT,DOTCOM POSTAGE,1,2010-12-21 15:17:00,164.55,,United Kingdom,True,False,False
539736,m,Manual,1,2010-12-21 15:18:00,2.55,,United Kingdom,True,False,False
539736,DOT,DOTCOM POSTAGE,1,2010-12-21 15:18:00,337.23,,United Kingdom,True,False,False
539737,DOT,DOTCOM POSTAGE,1,2010-12-21 15:19:00,514.0,,United Kingdom,True,False,False
539738,DOT,DOTCOM POSTAGE,1,2010-12-21 15:19:00,549.79,,United Kingdom,True,False,False
539739,DOT,DOTCOM POSTAGE,1,2010-12-21 15:19:00,324.43,,United Kingdom,True,False,False
539740,DOT,DOTCOM POSTAGE,1,2010-12-21 15:20:00,311.66,,United Kingdom,True,False,False
539741,DOT,DOTCOM POSTAGE,1,2010-12-21 15:20:00,128.6,,United Kingdom,True,False,False
539742,DOT,DOTCOM POSTAGE,1,2010-12-21 15:20:00,114.34,,United Kingdom,True,False,False
539743,DOT,DOTCOM POSTAGE,1,2010-12-21 15:20:00,103.57,,United Kingdom,True,False,False
539744,DOT,DOTCOM POSTAGE,1,2010-12-21 15:21:00,189.57,,United Kingdom,True,False,False
539745,DOT,DOTCOM POSTAGE,1,2010-12-21 15:21:00,152.68,,United Kingdom,True,False,False
539746,DOT,DOTCOM POSTAGE,1,2010-12-21 15:22:00,50.6,,United Kingdom,True,False,False
539747,DOT,DOTCOM POSTAGE,1,2010-12-21 15:23:00,50.64,,United Kingdom,True,False,False
539748,DOT,DOTCOM POSTAGE,1,2010-12-21 15:23:00,29.53,,United Kingdom,True,False,False
539749,22734,,30,2010-12-21 15:33:00,0.0,,United Kingdom,True,False,True
539750,22114,HOT WATER BOTTLE TEA AND SYMPATHY,1,2010-12-21 15:40:00,0.0,,United Kingdom,True,False,True
539750,22652,TRAVEL SEWING KIT,1,2010-12-21 15:40:00,0.0,,United Kingdom,True,False,True
539750,21080,SET/20 RED RETROSPOT PAPER NAPKINS ,2,2010-12-21 15:40:00,0.0,,United Kingdom,True,False,True
539750,21481,FAWN BLUE HOT WATER BOTTLE,1,2010-12-21 15:40:00,0.0,,United Kingdom,True,False,True
539752,POST,POSTAGE,3,2010-12-21 15:43:00,35.0,12515,Italy,False,False,False
539840,POST,POSTAGE,3,2010-12-22 14:28:00,15.0,12383,Belgium,False,False,False
539856,22444,GROW YOUR OWN PLANT IN A CAN ,1,2010-12-22 14:41:00,0.0,,United Kingdom,True,False,True
539856,20682,RED RETROSPOT CHILDRENS UMBRELLA,2,2010-12-22 14:41:00,0.0,,United Kingdom,True,False,True
539856,20724,RED RETROSPOT CHARLOTTE BAG,2,2010-12-22 14:41:00,0.0,,United Kingdom,True,False,True
539856,18098C,PORCELAIN BUTTERFLY OIL BURNER,2,2010-12-22 14:41:00,0.0,,United Kingdom,True,False,True
539856,M,Manual,1,2010-12-22 14:41:00,1298.4,,United Kingdom,True,False,False
539856,85123A,WHITE HANGING HEART T-LIGHT HOLDER,1,2010-12-22 14:41:00,0.0,,United Kingdom,True,False,True
539856,84968E,SET OF 16 VINTAGE BLACK CUTLERY,1,2010-12-22 14:41:00,0.0,,United Kingdom,True,False,True
539856,84872A,TEATIME FUNKY FLOWER BACKPACK FOR 2,2,2010-12-22 14:41:00,0.0,,United Kingdom,True,False,True
539856,22518,CHILDS GARDEN BRUSH BLUE,1,2010-12-22 14:41:00,0.0,,United Kingdom,True,False,True
539856,84692,BOX OF 24 COCKTAIL PARASOLS,2,2010-12-22 14:41:00,0.0,,United Kingdom,True,False,True
539856,79321,CHILLI LIGHTS,1,2010-12-22 14:41:00,0.0,,United Kingdom,True,False,True
539856,48194,DOORMAT HEARTS,2,2010-12-22 14:41:00,0.0,,United Kingdom,True,False,True
539856,37333,"RETRO ""TEA FOR ONE"" ",1,2010-12-22 14:41:00,0.0,,United Kingdom,True,False,True
539856,22843,BISCUIT TIN VINTAGE GREEN,1,2010-12-22 14:41:00,0.0,,United Kingdom,True,False,True
539856,22842,BISCUIT TIN VINTAGE RED,1,2010-12-22 14:41:00,0.0,,United Kingdom,True,False,True
539856,22690,DOORMAT HOME SWEET HOME BLUE ,2,2010-12-22 14:41:00,0.0,,United Kingdom,True,False,True
539856,85099B,JUMBO BAG RED RETROSPOT,1,2010-12-22 14:41:00,0.0,,United Kingdom,True,False,True
539856,22685,FRENCH BLUE METAL DOOR SIGN 0,2,2010-12-22 14:41:00,0.0,,United Kingdom,True,False,True
539856,22684,FRENCH BLUE METAL DOOR SIGN 9,1,2010-12-22 14:41:00,0.0,,United Kingdom,True,False,True
539856,22686,FRENCH BLUE METAL DOOR SIGN No,2,2010-12-22 14:41:00,0.0,,United Kingdom,True,False,True
539856,22682,FRENCH BLUE METAL DOOR SIGN 7,3,2010-12-22 14:41:00,0.0,,United Kingdom,True,False,True
539856,22683,FRENCH BLUE METAL DOOR SIGN 8,2,2010-12-22 14:41:00,0.0,,United Kingdom,True,False,True
539856,22681,FRENCH BLUE METAL DOOR SIGN 6,1,2010-12-22 14:41:00,0.0,,United Kingdom,True,False,True
539856,22679,FRENCH BLUE METAL DOOR SIGN 4,2,2010-12-22 14:41:00,0.0,,United Kingdom,True,False,True
539856,22678,FRENCH BLUE METAL DOOR SIGN 3,2,2010-12-22 14:41:00,0.0,,United Kingdom,True,False,True
539856,22680,FRENCH BLUE METAL DOOR SIGN 5,1,2010-12-22 14:41:00,0.0,,United Kingdom,True,False,True
539856,22677,FRENCH BLUE METAL DOOR SIGN 2,6,2010-12-22 14:41:00,0.0,,United Kingdom,True,False,True
539856,22676,FRENCH BLUE METAL DOOR SIGN 1,5,2010-12-22 14:41:00,0.0,,United Kingdom,True,False,True
539856,22666,RECIPE BOX PANTRY YELLOW DESIGN,7,2010-12-22 14:41:00,0.0,,United Kingdom,True,False,True
539856,22665,RECIPE BOX BLUE SKETCHBOOK DESIGN,2,2010-12-22 14:41:00,0.0,,United Kingdom,True,False,True
539856,22650,CERAMIC PIRATE CHEST MONEY BANK,1,2010-12-22 14:41:00,0.0,,United Kingdom,True,False,True
539856,22647,CERAMIC LOVE HEART MONEY BANK,1,2010-12-22 14:41:00,0.0,,United Kingdom,True,False,True
539856,22626,BLACK KITCHEN SCALES,3,2010-12-22 14:41:00,0.0,,United Kingdom,True,False,True
539856,22625,RED KITCHEN SCALES,7,2010-12-22 14:41:00,0.0,,United Kingdom,True,False,True
539856,22624,IVORY KITCHEN SCALES,3,2010-12-22 14:41:00,0.0,,United Kingdom,True,False,True
539856,22619,SET OF 6 SOLDIER SKITTLES,1,2010-12-22 14:41:00,0.0,,United Kingdom,True,False,True
539856,22526,WHEELBARROW FOR CHILDREN ,1,2010-12-22 14:41:00,0.0,,United Kingdom,True,False,True
539856,22525,CHILDRENS GARDEN GLOVES PINK,3,2010-12-22 14:41:00,0.0,,United Kingdom,True,False,True
539856,22524,CHILDRENS GARDEN GLOVES BLUE,1,2010-12-22 14:41:00,0.0,,United Kingdom,True,False,True
539856,22514,CHILDS GARDEN SPADE BLUE,1,2010-12-22 14:41:00,0.0,,United Kingdom,True,False,True
539856,22512,DOORSTOP RACING CAR DESIGN,1,2010-12-22 14:41:00,0.0,,United Kingdom,True,False,True
539856,22475,SKULL DESIGN TV DINNER TRAY,5,2010-12-22 14:41:00,0.0,,United Kingdom,True,False,True
539856,22431,WATERING CAN BLUE ELEPHANT,1,2010-12-22 14:41:00,0.0,,United Kingdom,True,False,True
539856,22428,ENAMEL FIRE BUCKET CREAM,4,2010-12-22 14:41:00,0.0,,United Kingdom,True,False,True
539856,22426,ENAMEL WASH BOWL CREAM,2,2010-12-22 14:41:00,0.0,,United Kingdom,True,False,True
539856,22374,AIRLINE BAG VINTAGE JET SET RED,3,2010-12-22 14:41:00,0.0,,United Kingdom,True,False,True
539856,22375,AIRLINE BAG VINTAGE JET SET BROWN,3,2010-12-22 14:41:00,0.0,,United Kingdom,True,False,True
539856,22372,AIRLINE BAG VINTAGE WORLD CHAMPION ,1,2010-12-22 14:41:00,0.0,,United Kingdom,True,False,True
539856,22371,AIRLINE BAG VINTAGE TOKYO 78,3,2010-12-22 14:41:00,0.0,,United Kingdom,True,False,True
539856,22367,CHILDRENS APRON SPACEBOY DESIGN,2,2010-12-22 14:41:00,0.0,,United Kingdom,True,False,True
539856,22361,GLASS JAR DAISY FRESH COTTON WOOL,2,2010-12-22 14:41:00,0.0,,United Kingdom,True,False,True
539856,22360,GLASS JAR ENGLISH CONFECTIONERY,1,2010-12-22 14:41:00,0.0,,United Kingdom,True,False,True
539856,22357,KINGS CHOICE BISCUIT TIN,7,2010-12-22 14:41:00,0.0,,United Kingdom,True,False,True
539856,22350,ILLUSTRATED CAT BOWL ,1,2010-12-22 14:41:00,0.0,,United Kingdom,True,False,True
539856,22327,ROUND SNACK BOXES SET OF 4 SKULLS,1,2010-12-22 14:41:00,0.0,,United Kingdom,True,False,True
539856,22072,RED RETROSPOT TEA CUP AND SAUCER ,1,2010-12-22 14:41:00,0.0,,United Kingdom,True,False,True
539856,21912,VINTAGE SNAKES & LADDERS,1,2010-12-22 14:41:00,0.0,,United Kingdom,True,False,True
539856,21791,VINTAGE HEADS AND TAILS CARD GAME ,1,2010-12-22 14:41:00,0.0,,United Kingdom,True,False,True
539856,22550,HOLIDAY FUN LUDO,1,2010-12-22 14:41:00,0.0,,United Kingdom,True,False,True
539856,21888,BINGO SET,2,2010-12-22 14:41:00,0.0,,United Kingdom,True,False,True
539856,21539,RED RETROSPOT BUTTER DISH,3,2010-12-22 14:41:00,0.0,,United Kingdom,True,False,True
539856,21258,VICTORIAN SEWING BOX LARGE,3,2010-12-22 14:41:00,0.0,,United Kingdom,True,False,True
539856,21116,OWL DOORSTOP,1,2010-12-22 14:41:00,0.0,,United Kingdom,True,False,True
539856,20719,WOODLAND CHARLOTTE BAG,1,2010-12-22 14:41:00,0.0,,United Kingdom,True,False,True
539946,POST,POSTAGE,1,2010-12-23 11:46:00,18.0,13817,Germany,False,False,False
539957,POST,POSTAGE,6,2010-12-23 12:58:00,18.0,12585,Germany,False,False,False
539958,DOT,DOTCOM POSTAGE,1,2010-12-23 13:26:00,627.47,,United Kingdom,True,False,False
539980,35001W,,-36,2010-12-23 14:34:00,0.0,,United Kingdom,True,False,True
539988,M,Manual,18,2010-12-23 16:06:00,0.2,18116,United Kingdom,False,False,False
539994,22830,,-1,2011-01-04 10:09:00,0.0,,United Kingdom,True,False,True
539995,85064,,-12,2011-01-04 10:12:00,0.0,,United Kingdom,True,False,True
539996,21784,,-10,2011-01-04 10:12:00,0.0,,United Kingdom,True,False,True
539997,84689,,5,2011-01-04 10:15:00,0.0,,United Kingdom,True,False,True
539998,84675,,2,2011-01-04 10:16:00,0.0,,United Kingdom,True,False,True
539999,20892,,-1,2011-01-04 10:16:00,0.0,,United Kingdom,True,False,True
540000,84499,,-9,2011-01-04 10:17:00,0.0,,United Kingdom,True,False,True
540008,85230F,,-48,2011-01-04 11:10:00,0.0,,United Kingdom,True,False,True
540009,22158,,-120,2011-01-04 11:10:00,0.0,,United Kingdom,True,False,True
540010,22501,reverse 21/5/10 adjustment,-100,2011-01-04 11:13:00,0.0,,United Kingdom,True,False,True
540011,22501,,30,2011-01-04 11:13:00,0.0,,United Kingdom,True,False,True
540012,22502,reverse 21/5/10 adjustment,-100,2011-01-04 11:14:00,0.0,,United Kingdom,True,False,True
540018,90112,,2,2011-01-04 12:07:00,0.0,,United Kingdom,True,False,True
540021,M,Manual,1,2011-01-04 12:51:00,1.25,17841,United Kingdom,False,False,False
540026,DOT,DOTCOM POSTAGE,1,2011-01-04 13:25:00,469.7,,United Kingdom,True,False,False
540040,POST,POSTAGE,5,2011-01-04 14:20:00,40.0,12483,Sweden,False,False,False
C540057,POST,POSTAGE,-1,2011-01-04 14:29:00,40.0,12483,Sweden,False,True,False
540073,M,Manual,6,2011-01-04 14:47:00,1.65,16814,United Kingdom,False,False,False
540100,22837,?,-106,2011-01-04 16:53:00,0.0,,United Kingdom,True,False,True
540116,DOT,DOTCOM POSTAGE,1,2011-01-05 09:54:00,2.51,,United Kingdom,True,False,False
C540117,AMAZONFEE,AMAZON FEE,-1,2011-01-05 09:55:00,16888.02,,United Kingdom,True,True,False
C540118,AMAZONFEE,AMAZON FEE,-1,2011-01-05 09:57:00,16453.71,,United Kingdom,True,True,False
540119,22865,,-60,2011-01-05 10:07:00,0.0,,United Kingdom,True,False,True
540154,DOT,DOTCOM POSTAGE,1,2011-01-05 11:30:00,192.86,,United Kingdom,True,False,False
C540171,D,Discount,-1,2011-01-05 12:26:00,22.97,14527,United Kingdom,False,True,False
540178,POST,POSTAGE,3,2011-01-05 12:42:00,18.0,12681,France,False,False,False
540238,DOT,DOTCOM POSTAGE,1,2011-01-05 14:44:00,109.19,,United Kingdom,True,False,False
540239,POST,POSTAGE,4,2011-01-05 14:48:00,18.0,12682,France,False,False,False
540241,35957,,-939,2011-01-05 15:17:00,0.0,,United Kingdom,True,False,True
540242,M,Manual,1,2011-01-05 15:30:00,18.95,15046,United Kingdom,False,False,False
540252,22198,,-100,2011-01-05 16:25:00,0.0,,United Kingdom,True,False,True
540255,DOT,DOTCOM POSTAGE,1,2011-01-05 16:50:00,219.24,,United Kingdom,True,False,False
540256,35957,,35,2011-01-05 17:21:00,0.0,,United Kingdom,True,False,True
C540266,M,Manual,-1,2011-01-06 11:05:00,458.29,,United Kingdom,True,True,False
C540266,POST,POSTAGE,-1,2011-01-06 11:05:00,35.09,,United Kingdom,True,True,False
C540271,M,Manual,-1,2011-01-06 11:51:00,1126.0,12503,Spain,False,True,False
540272,90096,,-54,2011-01-06 11:57:00,0.0,,United Kingdom,True,False,True
540278,M,Manual,1,2011-01-06 12:31:00,1.65,15719,United Kingdom,False,False,False
C540307,M,Manual,-2,2011-01-06 12:58:00,21.95,15823,United Kingdom,False,True,False
540351,POST,POSTAGE,2,2011-01-06 14:26:00,18.0,12735,France,False,False,False
540352,DOT,DOTCOM POSTAGE,1,2011-01-06 14:27:00,306.35,,United Kingdom,True,False,False
540355,20724,RED RETROSPOT CHARLOTTE BAG,1,2011-01-06 15:11:00,0.0,,United Kingdom,True,False,True
540356,20724,RED RETROSPOT CHARLOTTE BAG,1,2011-01-06 15:12:00,0.0,,United Kingdom,True,False,True
540365,POST,POSTAGE,3,2011-01-06 16:12:00,18.0,12413,France,False,False,False
C540367,POST,POSTAGE,-3,2011-01-06 16:17:00,18.0,12413,France,False,True,False
540369,47591D,,-201,2011-01-06 16:20:00,0.0,,United Kingdom,True,False,True
540372,22090,PAPER BUNTING RETROSPOT,24,2011-01-06 16:41:00,0.0,13081,United Kingdom,False,False,True
540372,22553,PLASTERS IN TIN SKULLS,24,2011-01-06 16:41:00,0.0,13081,United Kingdom,False,False,True
540410,POST,POSTAGE,3,2011-01-07 10:04:00,18.0,12530,Germany,False,False,False
540414,POST,POSTAGE,3,2011-01-07 10:32:00,18.0,12481,Germany,False,False,False
540418,DOT,DOTCOM POSTAGE,1,2011-01-07 11:04:00,369.95,,United Kingdom,True,False,False
540455,POST,POSTAGE,3,2011-01-07 12:07:00,18.0,12583,France,False,False,False
540458,POST,POSTAGE,8,2011-01-07 12:28:00,18.0,12501,Germany,False,False,False
540463,POST,POSTAGE,2,2011-01-07 13:13:00,18.0,12489,France,False,False,False
540468,DOT,DOTCOM POSTAGE,1,2011-01-07 13:55:00,278.97,,United Kingdom,True,False,False
540469,POST,POSTAGE,4,2011-01-07 14:04:00,28.0,12484,Spain,False,False,False
540480,POST,POSTAGE,4,2011-01-07 15:27:00,18.0,12480,Germany,False,False,False
540519,POST,POSTAGE,2,2011-01-09 12:12:00,28.0,12793,Portugal,False,False,False
540546,POST,POSTAGE,3,2011-01-09 15:56:00,28.0,12766,Portugal,False,False,False
540549,21587,,-53,2011-01-10 09:07:00,0.0,,United Kingdom,True,False,True
540551,DOT,DOTCOM POSTAGE,1,2011-01-10 09:43:00,557.0,,United Kingdom,True,False,False
540553,POST,POSTAGE,1,2011-01-10 09:48:00,18.0,12500,Germany,False,False,False
540558,21258,?,-29,2011-01-10 10:04:00,0.0,,United Kingdom,True,False,True
540560,21589,,-14,2011-01-10 10:08:00,0.0,,United Kingdom,True,False,True
540562,POST,POSTAGE,3,2011-01-10 10:35:00,18.0,12524,Germany,False,False,False
540564,22617,"mouldy, thrown away.",-2600,2011-01-10 10:36:00,0.0,,United Kingdom,True,False,True
540566,M,Manual,1,2011-01-10 10:58:00,6.7,17811,United Kingdom,False,False,False
540637,21275,,-5,2011-01-10 12:13:00,0.0,,United Kingdom,True,False,True
540638,72038P,damages,-990,2011-01-10 12:14:00,0.0,,United Kingdom,True,False,True
540642,POST,POSTAGE,7,2011-01-10 13:22:00,18.0,12681,France,False,False,False
540646,DOT,DOTCOM POSTAGE,1,2011-01-10 14:32:00,262.73,,United Kingdom,True,False,False
540650,85124C,,-8,2011-01-10 14:59:00,0.0,,United Kingdom,True,False,True
540651,82599,?,-290,2011-01-10 15:00:00,0.0,,United Kingdom,True,False,True
540673,21644,found,144,2011-01-10 16:04:00,0.0,,United Kingdom,True,False,True
540674,22837,Found,26,2011-01-10 16:05:00,0.0,,United Kingdom,True,False,True
540675,20748,Found,40,2011-01-10 16:05:00,0.0,,United Kingdom,True,False,True
540676,84534B,,12,2011-01-10 16:05:00,0.0,,United Kingdom,True,False,True
540677,21667,,1,2011-01-10 16:20:00,0.0,,United Kingdom,True,False,True
540678,21667,,-1,2011-01-10 16:21:00,0.0,,United Kingdom,True,False,True
540679,21667,,-1,2011-01-10 16:21:00,0.0,,United Kingdom,True,False,True
540681,DOT,DOTCOM POSTAGE,1,2011-01-10 16:25:00,223.35,,United Kingdom,True,False,False
540683,84546,,-45,2011-01-10 17:00:00,0.0,,United Kingdom,True,False,True
540684,35271S,,-13,2011-01-10 17:01:00,0.0,,United Kingdom,True,False,True
540688,POST,POSTAGE,5,2011-01-11 07:57:00,18.0,12736,France,False,False,False
540693,82605,,1,2011-01-11 09:13:00,0.0,,United Kingdom,True,False,True
540694,71477,,1,2011-01-11 09:13:00,0.0,,United Kingdom,True,False,True
540695,21661,,1,2011-01-11 09:14:00,0.0,,United Kingdom,True,False,True
540696,84562A,,1,2011-01-11 09:14:00,0.0,,United Kingdom,True,False,True
540699,POST,,1000,2011-01-11 09:32:00,0.0,,United Kingdom,True,False,False
540769,POST,POSTAGE,1,2011-01-11 10:38:00,18.0,12601,Germany,False,False,False
540778,84029E,,-50,2011-01-11 11:15:00,0.0,,United Kingdom,True,False,True
540789,POST,POSTAGE,2,2011-01-11 11:48:00,18.0,12643,France,False,False,False
C540793,POST,POSTAGE,-1,2011-01-11 11:53:00,3.0,14295,United Kingdom,False,True,False
540801,POST,POSTAGE,6,2011-01-11 12:25:00,28.0,12540,Spain,False,False,False
540821,DOT,DOTCOM POSTAGE,1,2011-01-11 13:16:00,394.83,,United Kingdom,True,False,False
540824,POST,POSTAGE,2,2011-01-11 13:31:00,18.0,12728,France,False,False,False
540832,21670,BLUE SPOT CERAMIC DRAWER KNOB,2,2011-01-11 14:42:00,0.0,,United Kingdom,True,False,True
540832,21673,WHITE SPOT BLUE CERAMIC DRAWER KNOB,1,2011-01-11 14:42:00,0.0,,United Kingdom,True,False,True
540832,84692,BOX OF 24 COCKTAIL PARASOLS,1,2011-01-11 14:42:00,0.0,,United Kingdom,True,False,True
540832,20724,RED RETROSPOT CHARLOTTE BAG,1,2011-01-11 14:42:00,0.0,,United Kingdom,True,False,True
540832,22423,REGENCY CAKESTAND 3 TIER,1,2011-01-11 14:42:00,0.0,,United Kingdom,True,False,True
540835,POST,POSTAGE,1,2011-01-11 15:00:00,18.0,12724,France,False,False,False
540839,M,Manual,1,2011-01-11 15:42:00,12.75,16791,United Kingdom,False,False,False
C540841,POST,POSTAGE,-1,2011-01-11 16:14:00,12.99,15602,United Kingdom,False,True,False
540848,DOT,DOTCOM POSTAGE,1,2011-01-12 09:26:00,491.93,,United Kingdom,True,False,False
540900,POST,POSTAGE,2,2011-01-12 11:46:00,18.0,12712,Germany,False,False,False
C540937,POST,POSTAGE,-1,2011-01-12 12:09:00,7.06,14748,United Kingdom,False,True,False
540971,POST,POSTAGE,4,2011-01-12 14:10:00,15.0,12383,Belgium,False,False,False
540972,POST,POSTAGE,3,2011-01-12 14:13:00,18.0,12437,France,False,False,False
540976,POST,POSTAGE,7,2011-01-12 15:00:00,18.0,12652,France,False,False,False
540977,DOT,DOTCOM POSTAGE,1,2011-01-12 15:01:00,478.1,,United Kingdom,True,False,False
540978,84050,counted,-310,2011-01-12 15:04:00,0.0,,United Kingdom,True,False,True
540982,22323,,1,2011-01-12 15:35:00,0.0,,United Kingdom,True,False,True
540987,17011A,,-61,2011-01-12 16:15:00,0.0,,United Kingdom,True,False,True
540995,DOT,DOTCOM POSTAGE,1,2011-01-13 09:30:00,404.49,,United Kingdom,True,False,False
541000,21632,,-41,2011-01-13 10:11:00,0.0,,United Kingdom,True,False,True
541093,POST,POSTAGE,5,2011-01-13 13:21:00,18.0,12471,Germany,False,False,False
541104,DOT,DOTCOM POSTAGE,1,2011-01-13 14:29:00,323.98,,United Kingdom,True,False,False
541109,22168,ORGANISER WOOD ANTIQUE WHITE ,1,2011-01-13 15:10:00,0.0,15107,United Kingdom,False,False,True
541115,POST,POSTAGE,7,2011-01-13 15:34:00,28.0,12578,Italy,False,False,False
541120,POST,POSTAGE,5,2011-01-14 09:13:00,18.0,12490,France,False,False,False
541122,POST,POSTAGE,2,2011-01-14 09:23:00,18.0,12708,Germany,False,False,False
541125,POST,POSTAGE,1,2011-01-14 10:06:00,18.0,12474,Germany,False,False,False
541127,DOT,DOTCOM POSTAGE,1,2011-01-14 10:11:00,50.96,,United Kingdom,True,False,False
541128,DOT,DOTCOM POSTAGE,1,2011-01-14 10:12:00,60.79,,United Kingdom,True,False,False
541129,DOT,DOTCOM POSTAGE,1,2011-01-14 10:14:00,81.42,,United Kingdom,True,False,False
541130,DOT,DOTCOM POSTAGE,1,2011-01-14 10:15:00,138.0,,United Kingdom,True,False,False
541131,DOT,DOTCOM POSTAGE,1,2011-01-14 10:16:00,156.21,,United Kingdom,True,False,False
541132,DOT,DOTCOM POSTAGE,1,2011-01-14 10:17:00,127.54,,United Kingdom,True,False,False
541133,M,Manual,1,2011-01-14 10:17:00,2.5,,United Kingdom,True,False,False
541133,DOT,DOTCOM POSTAGE,1,2011-01-14 10:17:00,120.88,,United Kingdom,True,False,False
541138,POST,POSTAGE,6,2011-01-14 10:42:00,18.0,12553,France,False,False,False
541219,DOT,DOTCOM POSTAGE,1,2011-01-14 14:06:00,391.32,,United Kingdom,True,False,False
541224,POST,POSTAGE,1,2011-01-14 14:45:00,18.0,12474,Germany,False,False,False
541265,M,Manual,2,2011-01-16 16:23:00,1.25,17609,United Kingdom,False,False,False
541269,POST,POSTAGE,8,2011-01-17 11:01:00,18.0,12626,Germany,False,False,False
C541284,M,Manual,-36,2011-01-17 12:45:00,0.87,17744,United Kingdom,False,True,False
541405,POST,POSTAGE,5,2011-01-17 15:17:00,18.0,12683,France,False,False,False
541421,DOT,DOTCOM POSTAGE,1,2011-01-17 17:44:00,449.52,,United Kingdom,True,False,False
541422,DOT,DOTCOM POSTAGE,1,2011-01-17 17:48:00,295.2,,United Kingdom,True,False,False
541423,DOT,DOTCOM POSTAGE,1,2011-01-17 17:54:00,235.48,,United Kingdom,True,False,False
541424,DOT,DOTCOM POSTAGE,1,2011-01-17 17:57:00,301.84,,United Kingdom,True,False,False
541430,POST,POSTAGE,18,2011-01-18 09:50:00,18.0,12356,Portugal,False,False,False
541480,POST,POSTAGE,1,2011-01-18 12:05:00,18.0,12527,Germany,False,False,False
541482,22837,,-35,2011-01-18 12:32:00,0.0,,United Kingdom,True,False,True
541485,M,Manual,12,2011-01-18 13:05:00,0.2,18118,United Kingdom,False,False,False
541487,85118,,-35,2011-01-18 13:19:00,0.0,,United Kingdom,True,False,True
541491,POST,POSTAGE,3,2011-01-18 14:04:00,28.0,12510,Spain,False,False,False
541495,DOT,DOTCOM POSTAGE,1,2011-01-18 14:59:00,116.71,,United Kingdom,True,False,False
541496,DOT,DOTCOM POSTAGE,1,2011-01-18 15:00:00,101.0,,United Kingdom,True,False,False
541497,DOT,DOTCOM POSTAGE,1,2011-01-18 15:19:00,243.21,,United Kingdom,True,False,False
541505,BANK CHARGES,Bank Charges,1,2011-01-18 15:58:00,15.0,15939,United Kingdom,False,False,False
541506,DOT,DOTCOM POSTAGE,1,2011-01-18 16:05:00,118.33,,United Kingdom,True,False,False
541507,DOT,DOTCOM POSTAGE,1,2011-01-18 16:05:00,72.33,,United Kingdom,True,False,False
541508,DOT,DOTCOM POSTAGE,1,2011-01-18 16:06:00,152.92,,United Kingdom,True,False,False
541516,DOT,DOTCOM POSTAGE,1,2011-01-18 17:34:00,285.3,,United Kingdom,True,False,False
541517,POST,POSTAGE,1,2011-01-19 08:34:00,18.0,12665,Germany,False,False,False
541519,21429,,-15,2011-01-19 09:11:00,0.0,,United Kingdom,True,False,True
541564,M,Manual,10,2011-01-19 11:38:00,0.38,16904,United Kingdom,False,False,False
541567,POST,POSTAGE,3,2011-01-19 11:51:00,18.0,12681,France,False,False,False
541569,POST,POSTAGE,3,2011-01-19 12:14:00,40.0,13520,Switzerland,False,False,False
541584,DOT,DOTCOM POSTAGE,1,2011-01-19 14:12:00,118.25,,United Kingdom,True,False,False
541592,DOT,DOTCOM POSTAGE,1,2011-01-19 15:08:00,470.12,,United Kingdom,True,False,False
541600,22866,,-64,2011-01-19 16:48:00,0.0,,United Kingdom,True,False,True
541601,22632,,-84,2011-01-19 16:48:00,0.0,,United Kingdom,True,False,True
541607,POST,POSTAGE,1,2011-01-20 09:53:00,29.43,,United Kingdom,True,False,False
541631,POST,POSTAGE,6,2011-01-20 10:48:00,18.0,12637,France,False,False,False
C541650,M,Manual,-1,2011-01-20 11:44:00,544.4,,United Kingdom,True,True,False
C541651,M,Manual,-1,2011-01-20 11:48:00,1283.8,,United Kingdom,True,True,False
C541653,BANK CHARGES,Bank Charges,-1,2011-01-20 11:50:00,1050.15,,United Kingdom,True,True,False
541658,M,Manual,1,2011-01-20 12:16:00,2.55,15529,United Kingdom,False,False,False
541675,POST,POSTAGE,2,2011-01-20 13:49:00,15.0,12402,Belgium,False,False,False
541685,22351,Given away,-1400,2011-01-20 15:41:00,0.0,,United Kingdom,True,False,True
541687,46000S,Dotcom,-300,2011-01-20 15:42:00,0.0,,United Kingdom,True,False,True
541695,DOT,DOTCOM POSTAGE,1,2011-01-20 18:01:00,334.16,,United Kingdom,True,False,False
541696,DOT,DOTCOM POSTAGE,1,2011-01-20 18:08:00,307.85,,United Kingdom,True,False,False
541697,21632,,8,2011-01-20 18:09:00,0.0,,United Kingdom,True,False,True
541702,22451,,-30,2011-01-21 09:44:00,0.0,,United Kingdom,True,False,True
541703,POST,POSTAGE,2,2011-01-21 09:52:00,28.0,12594,Italy,False,False,False
541756,POST,POSTAGE,2,2011-01-21 11:42:00,40.0,12664,Finland,False,False,False
541802,20854,,-80,2011-01-21 14:45:00,0.0,,United Kingdom,True,False,True
541808,M,Manual,1,2011-01-21 14:51:00,10.0,16210,United Kingdom,False,False,False
541810,DOT,DOTCOM POSTAGE,1,2011-01-21 15:00:00,157.08,,United Kingdom,True,False,False
541811,DOT,DOTCOM POSTAGE,1,2011-01-21 15:01:00,171.04,,United Kingdom,True,False,False
541827,DOT,DOTCOM POSTAGE,1,2011-01-21 17:05:00,403.81,,United Kingdom,True,False,False
541830,DOT,DOTCOM POSTAGE,1,2011-01-21 17:09:00,214.42,,United Kingdom,True,False,False
541857,POST,POSTAGE,6,2011-01-23 15:17:00,18.0,12727,France,False,False,False
541869,DOT,DOTCOM POSTAGE,1,2011-01-24 09:35:00,144.45,,United Kingdom,True,False,False
541870,DOT,DOTCOM POSTAGE,1,2011-01-24 09:39:00,105.71,,United Kingdom,True,False,False
541871,DOT,DOTCOM POSTAGE,1,2011-01-24 09:41:00,127.09,,United Kingdom,True,False,False
541877,POST,POSTAGE,2,2011-01-24 10:12:00,18.0,12559,Germany,False,False,False
541878,DOT,DOTCOM POSTAGE,1,2011-01-24 10:28:00,161.08,,United Kingdom,True,False,False
541879,DOT,DOTCOM POSTAGE,1,2011-01-24 10:31:00,80.46,,United Kingdom,True,False,False
541882,48185,?,-57,2011-01-24 10:54:00,0.0,,United Kingdom,True,False,True
541962,POST,POSTAGE,2,2011-01-24 12:58:00,18.0,12693,Germany,False,False,False
541965,POST,POSTAGE,7,2011-01-24 13:27:00,18.0,12625,Germany,False,False,False
541967,84823,,-3,2011-01-24 13:35:00,0.0,,United Kingdom,True,False,True
541969,DOT,DOTCOM POSTAGE,1,2011-01-24 13:46:00,163.67,,United Kingdom,True,False,False
541971,DOT,DOTCOM POSTAGE,1,2011-01-24 13:48:00,124.16,,United Kingdom,True,False,False
541980,POST,POSTAGE,1,2011-01-24 15:09:00,28.0,12421,Spain,False,False,False
541983,M,Manual,1,2011-01-24 15:47:00,15.0,15797,United Kingdom,False,False,False
541991,POST,POSTAGE,2,2011-01-25 09:11:00,15.0,12417,Belgium,False,False,False
541993,DOT,DOTCOM POSTAGE,1,2011-01-25 09:37:00,150.25,,United Kingdom,True,False,False
541998,POST,POSTAGE,1,2011-01-25 10:42:00,40.0,12348,Finland,False,False,False
541999,DOT,DOTCOM POSTAGE,1,2011-01-25 10:45:00,216.11,,United Kingdom,True,False,False
542080,POST,POSTAGE,5,2011-01-25 12:16:00,18.0,13815,Germany,False,False,False
542115,DOT,DOTCOM POSTAGE,1,2011-01-25 14:01:00,247.54,,United Kingdom,True,False,False
542128,POST,POSTAGE,2,2011-01-25 15:13:00,18.0,12609,Germany,False,False,False
542132,POST,POSTAGE,2,2011-01-25 15:59:00,18.0,12691,France,False,False,False
542147,POST,POSTAGE,4,2011-01-26 10:02:00,28.0,12782,Portugal,False,False,False
542156,21348,,8,2011-01-26 10:52:00,0.0,,United Kingdom,True,False,True
542215,POST,POSTAGE,3,2011-01-26 12:27:00,18.0,12472,Germany,False,False,False
542225,85096,label mix up,-59,2011-01-26 13:10:00,0.0,,United Kingdom,True,False,True
542229,POST,POSTAGE,1,2011-01-26 13:38:00,18.0,12474,Germany,False,False,False
542238,POST,POSTAGE,3,2011-01-26 14:35:00,28.0,12591,Italy,False,False,False
542252,DOT,DOTCOM POSTAGE,1,2011-01-26 16:01:00,200.38,,United Kingdom,True,False,False
542255,DOT,DOTCOM POSTAGE,1,2011-01-26 16:43:00,246.37,,United Kingdom,True,False,False
542344,DOT,DOTCOM POSTAGE,1,2011-01-27 11:30:00,200.33,,United Kingdom,True,False,False
C542348,M,Manual,-1,2011-01-27 12:09:00,1715.85,12539,Spain,False,True,False
542361,85161,samples/damages,-20,2011-01-27 12:47:00,0.0,,United Kingdom,True,False,True
542362,20699,,-16,2011-01-27 12:49:00,0.0,,United Kingdom,True,False,True
542363,84823,,1,2011-01-27 12:50:00,0.0,,United Kingdom,True,False,True
542364,21324,,5,2011-01-27 12:50:00,0.0,,United Kingdom,True,False,True
542365,21897,,-22,2011-01-27 12:51:00,0.0,,United Kingdom,True,False,True
542367,82583,,-30,2011-01-27 12:57:00,0.0,,United Kingdom,True,False,True
542368,85188B,,-70,2011-01-27 12:59:00,0.0,,United Kingdom,True,False,True
542369,POST,POSTAGE,1,2011-01-27 13:08:00,18.0,12645,Germany,False,False,False
542371,POST,POSTAGE,2,2011-01-27 13:29:00,18.0,12468,Germany,False,False,False
542375,POST,POSTAGE,2,2011-01-27 13:42:00,18.0,12626,Germany,False,False,False
C542376,M,Manual,-1,2011-01-27 13:44:00,4.65,13777,United Kingdom,False,True,False
C542376,M,Manual,-2,2011-01-27 13:44:00,2.55,13777,United Kingdom,False,True,False
542378,84279B,,192,2011-01-27 13:56:00,0.0,,United Kingdom,True,False,True
542379,35922,,-30,2011-01-27 13:58:00,0.0,,United Kingdom,True,False,True
542380,84917,,-50,2011-01-27 13:59:00,0.0,,United Kingdom,True,False,True
542391,84455,,-31,2011-01-27 14:54:00,0.0,,United Kingdom,True,False,True
542392,84227,,-2,2011-01-27 14:56:00,0.0,,United Kingdom,True,False,True
542394,84452,,65,2011-01-27 15:11:00,0.0,,United Kingdom,True,False,True
542396,22146,,-4,2011-01-27 15:12:00,0.0,,United Kingdom,True,False,True
542398,M,Manual,1,2011-01-27 15:36:00,4.0,13174,United Kingdom,False,False,False
542414,84967A,,-2,2011-01-27 17:15:00,0.0,,United Kingdom,True,False,True
542415,84967B,,-1,2011-01-27 17:15:00,0.0,,United Kingdom,True,False,True
542417,84966B,,-11,2011-01-27 17:38:00,0.0,,United Kingdom,True,False,True
542418,84966A,,-17,2011-01-27 17:39:00,0.0,,United Kingdom,True,False,True
542425,POST,POSTAGE,2,2011-01-28 09:20:00,18.0,12574,France,False,False,False
542433,POST,POSTAGE,2,2011-01-28 10:45:00,18.0,12726,France,False,False,False
542504,37413,,5568,2011-01-28 12:03:00,0.0,,United Kingdom,True,False,True
542505,79063D,,2560,2011-01-28 12:04:00,0.0,,United Kingdom,True,False,True
542507,20798,,5,2011-01-28 12:06:00,0.0,,United Kingdom,True,False,True
542508,37467,,136,2011-01-28 12:06:00,0.0,,United Kingdom,True,False,True
542509,85049B,,3,2011-01-28 12:07:00,0.0,,United Kingdom,True,False,True
542510,21667,,2,2011-01-28 12:07:00,0.0,,United Kingdom,True,False,True
542512,22830,,2,2011-01-28 12:07:00,0.0,,United Kingdom,True,False,True
542513,75013B,,2,2011-01-28 12:08:00,0.0,,United Kingdom,True,False,True
542514,22866,,1,2011-01-28 12:08:00,0.0,,United Kingdom,True,False,True
542515,35607A,,1,2011-01-28 12:08:00,0.0,,United Kingdom,True,False,True
542516,71477,,4,2011-01-28 12:08:00,0.0,,United Kingdom,True,False,True
542518,22184,,-13,2011-01-28 12:17:00,0.0,,United Kingdom,True,False,True
542529,DCGS0055,,-1,2011-01-28 13:08:00,0.0,,United Kingdom,True,False,True
542531,DCGS0072,,-1,2011-01-28 13:08:00,0.0,,United Kingdom,True,False,True
542532,DCGS0074,,-1,2011-01-28 13:09:00,0.0,,United Kingdom,True,False,True
542535,POST,POSTAGE,3,2011-01-28 13:37:00,18.0,12735,France,False,False,False
C542540,POST,POSTAGE,-1,2011-01-28 14:20:00,4.41,,United Kingdom,True,True,False
C542540,DOT,DOTCOM POSTAGE,-1,2011-01-28 14:20:00,3.29,,United Kingdom,True,True,False
542541,DOT,DOTCOM POSTAGE,1,2011-01-28 14:25:00,223.89,,United Kingdom,True,False,False
542544,17165D,,-10,2011-01-28 14:43:00,0.0,,United Kingdom,True,False,True
542545,17165D,,9,2011-01-28 14:44:00,0.0,,United Kingdom,True,False,True
542546,20734,,-1,2011-01-28 14:44:00,0.0,,United Kingdom,True,False,True
542547,20864,,-1,2011-01-28 14:45:00,0.0,,United Kingdom,True,False,True
542548,20892,,-1,2011-01-28 14:45:00,0.0,,United Kingdom,True,False,True
542550,20910,,-1,2011-01-28 14:45:00,0.0,,United Kingdom,True,False,True
542551,21282,,-1,2011-01-28 14:46:00,0.0,,United Kingdom,True,False,True
542552,21645,,-1,2011-01-28 14:47:00,0.0,,United Kingdom,True,False,True
542553,21805,,-1,2011-01-28 14:49:00,0.0,,United Kingdom,True,False,True
542554,21836,,-1,2011-01-28 14:49:00,0.0,,United Kingdom,True,False,True
542555,21841,,-1,2011-01-28 14:50:00,0.0,,United Kingdom,True,False,True
542556,22143,,-1,2011-01-28 14:50:00,0.0,,United Kingdom,True,False,True
542557,22765,,-1,2011-01-28 14:50:00,0.0,,United Kingdom,True,False,True
542558,35644,,-1,2011-01-28 14:51:00,0.0,,United Kingdom,True,False,True
542559,35991,,-1,2011-01-28 14:51:00,0.0,,United Kingdom,True,False,True
542560,47579,,-1,2011-01-28 14:51:00,0.0,,United Kingdom,True,False,True
542561,84424A,,-1,2011-01-28 14:52:00,0.0,,United Kingdom,True,False,True
542562,84499,,-1,2011-01-28 14:52:00,0.0,,United Kingdom,True,False,True
542563,84509F,,-1,2011-01-28 14:52:00,0.0,,United Kingdom,True,False,True
542564,84526,,-1,2011-01-28 14:52:00,0.0,,United Kingdom,True,False,True
542565,84664,,-1,2011-01-28 14:52:00,0.0,,United Kingdom,True,False,True
542566,84964B,,-1,2011-01-28 14:53:00,0.0,,United Kingdom,True,False,True
542567,84975,,-1,2011-01-28 14:53:00,0.0,,United Kingdom,True,False,True
542569,85028L,,-1,2011-01-28 14:53:00,0.0,,United Kingdom,True,False,True
542570,85028S,,-1,2011-01-28 14:53:00,0.0,,United Kingdom,True,False,True
542571,85031C,,-1,2011-01-28 14:54:00,0.0,,United Kingdom,True,False,True
542572,85064,,-1,2011-01-28 14:54:00,0.0,,United Kingdom,True,False,True
542573,85110,,-1,2011-01-28 14:55:00,0.0,,United Kingdom,True,False,True
542574,85119,,-1,2011-01-28 14:55:00,0.0,,United Kingdom,True,False,True
542575,85126,,-1,2011-01-28 14:55:00,0.0,,United Kingdom,True,False,True
542576,85179B,,-1,2011-01-28 14:56:00,0.0,,United Kingdom,True,False,True
542577,85232B,,-1,2011-01-28 14:56:00,0.0,,United Kingdom,True,False,True
542579,90000C,,-1,2011-01-28 14:57:00,0.0,,United Kingdom,True,False,True
542580,90095,,-1,2011-01-28 14:58:00,0.0,,United Kingdom,True,False,True
542581,90091,,-1,2011-01-28 14:58:00,0.0,,United Kingdom,True,False,True
542582,DCGS0057,,-6,2011-01-28 15:01:00,0.0,,United Kingdom,True,False,True
542586,POST,POSTAGE,2,2011-01-28 15:45:00,40.0,12377,Switzerland,False,False,False
542621,POST,POSTAGE,3,2011-01-31 09:05:00,18.0,12528,Germany,False,False,False
542622,DOT,DOTCOM POSTAGE,1,2011-01-31 09:09:00,230.61,,United Kingdom,True,False,False
542624,DOT,DOTCOM POSTAGE,1,2011-01-31 09:48:00,188.88,,United Kingdom,True,False,False
542625,DOT,DOTCOM POSTAGE,1,2011-01-31 09:50:00,192.21,,United Kingdom,True,False,False
542626,POST,POSTAGE,2,2011-01-31 09:51:00,18.0,12720,Germany,False,False,False
542648,POST,POSTAGE,5,2011-01-31 11:46:00,18.0,12476,Germany,False,False,False
542664,DOT,DOTCOM POSTAGE,1,2011-01-31 12:14:00,157.76,,United Kingdom,True,False,False
542713,POST,POSTAGE,7,2011-01-31 13:27:00,18.0,12668,Germany,False,False,False
542717,M,Manual,1,2011-01-31 14:07:00,2.95,17580,United Kingdom,False,False,False
542720,POST,POSTAGE,1,2011-01-31 14:35:00,15.0,12778,Netherlands,False,False,False
542735,POST,POSTAGE,3,2011-01-31 15:36:00,18.0,12681,France,False,False,False
542782,POST,POSTAGE,2,2011-02-01 10:00:00,18.0,12712,Germany,False,False,False
542783,21690,,4,2011-02-01 10:02:00,0.0,,United Kingdom,True,False,True
542784,84795C,,3,2011-02-01 10:04:00,0.0,,United Kingdom,True,False,True
542794,DOT,DOTCOM POSTAGE,1,2011-02-01 10:56:00,86.77,,United Kingdom,True,False,False
542861,47591B,?,-207,2011-02-01 11:47:00,0.0,,United Kingdom,True,False,True
542879,22242,,-19,2011-02-01 12:52:00,0.0,,United Kingdom,True,False,True
542880,22242,,10,2011-02-01 12:53:00,0.0,,United Kingdom,True,False,True
542882,22162,,-40,2011-02-01 12:55:00,0.0,,United Kingdom,True,False,True
542883,21448,,-40,2011-02-01 13:07:00,0.0,,United Kingdom,True,False,True
542884,84748,,-52,2011-02-01 13:08:00,0.0,,United Kingdom,True,False,True
542885,84465,,-6,2011-02-01 13:08:00,0.0,,United Kingdom,True,False,True
542887,POST,POSTAGE,1,2011-02-01 13:10:00,40.0,12373,Austria,False,False,False
542894,POST,POSTAGE,2,2011-02-01 13:45:00,15.0,12775,Netherlands,False,False,False
542904,POST,POSTAGE,3,2011-02-01 14:58:00,18.0,12682,France,False,False,False
542905,POST,POSTAGE,1,2011-02-01 15:11:00,28.0,12540,Spain,False,False,False
542906,DOT,DOTCOM POSTAGE,1,2011-02-01 15:12:00,189.59,,United Kingdom,True,False,False
542911,POST,POSTAGE,1,2011-02-01 15:41:00,40.0,12676,Sweden,False,False,False
C542916,M,Manual,-1,2011-02-01 16:21:00,4.0,15940,United Kingdom,False,True,False
542922,POST,POSTAGE,2,2011-02-02 09:06:00,18.0,12682,France,False,False,False
542965,35400,,2,2011-02-02 11:22:00,0.0,,United Kingdom,True,False,True
542997,DOT,DOTCOM POSTAGE,1,2011-02-02 12:16:00,108.75,,United Kingdom,True,False,False
542998,DOT,DOTCOM POSTAGE,1,2011-02-02 12:16:00,172.42,,United Kingdom,True,False,False
542999,DOT,DOTCOM POSTAGE,1,2011-02-02 12:16:00,142.29,,United Kingdom,True,False,False
543000,DOT,DOTCOM POSTAGE,1,2011-02-02 12:17:00,259.75,,United Kingdom,True,False,False
543013,DOT,DOTCOM POSTAGE,1,2011-02-02 13:35:00,174.12,,United Kingdom,True,False,False
543014,47591B,,1,2011-02-02 13:36:00,0.0,,United Kingdom,True,False,True
543017,M,Manual,1,2011-02-02 14:17:00,15.0,13199,United Kingdom,False,False,False
543027,POST,POSTAGE,1,2011-02-02 14:51:00,40.0,12414,Austria,False,False,False
543030,POST,POSTAGE,1,2011-02-02 15:22:00,18.0,12437,France,False,False,False
543034,85049F,,-130,2011-02-02 15:50:00,0.0,,United Kingdom,True,False,True
543035,35004C,,-206,2011-02-02 15:51:00,0.0,,United Kingdom,True,False,True
543037,POST,POSTAGE,1,2011-02-02 16:01:00,40.0,12350,Norway,False,False,False
543048,POST,POSTAGE,3,2011-02-03 09:58:00,18.0,12600,Germany,False,False,False
543049,79063C,,320,2011-02-03 10:09:00,0.0,,United Kingdom,True,False,True
C543050,POST,POSTAGE,-1,2011-02-03 10:14:00,18.0,12625,Germany,False,True,False
543051,79062D,,960,2011-02-03 10:15:00,0.0,,United Kingdom,True,False,True
543055,POST,POSTAGE,4,2011-02-03 10:41:00,28.0,12502,Spain,False,False,False
543056,POST,POSTAGE,6,2011-02-03 10:47:00,18.0,12471,Germany,False,False,False
543097,DOT,DOTCOM POSTAGE,1,2011-02-03 11:41:00,168.53,,United Kingdom,True,False,False
543117,POST,POSTAGE,3,2011-02-03 13:30:00,15.0,12464,Belgium,False,False,False
543121,POST,POSTAGE,2,2011-02-03 13:58:00,18.0,12662,Germany,False,False,False
543134,M,Manual,1,2011-02-03 15:28:00,15.0,15885,United Kingdom,False,False,False
543171,DOT,DOTCOM POSTAGE,1,2011-02-04 09:11:00,230.08,,United Kingdom,True,False,False
543172,DOT,DOTCOM POSTAGE,1,2011-02-04 09:11:00,164.46,,United Kingdom,True,False,False
C543175,POST,POSTAGE,-1,2011-02-04 09:46:00,18.0,12712,Germany,False,True,False
543176,22353,,60,2011-02-04 09:52:00,0.0,,United Kingdom,True,False,True
543180,POST,POSTAGE,4,2011-02-04 10:38:00,40.0,12410,Switzerland,False,False,False
543182,DOT,DOTCOM POSTAGE,1,2011-02-04 10:40:00,208.12,,United Kingdom,True,False,False
543188,POST,POSTAGE,6,2011-02-04 11:45:00,18.0,12567,France,False,False,False
543194,21355,,-217,2011-02-04 12:25:00,0.0,,United Kingdom,True,False,True
543200,DOT,DOTCOM POSTAGE,1,2011-02-04 13:03:00,166.92,,United Kingdom,True,False,False
543201,DOT,DOTCOM POSTAGE,1,2011-02-04 13:03:00,212.04,,United Kingdom,True,False,False
543238,22833,,1,2011-02-04 13:42:00,0.0,,United Kingdom,True,False,True
543254,35645,,18,2011-02-04 15:40:00,0.0,,United Kingdom,True,False,True
543257,84611B,thrown away,-1430,2011-02-04 16:06:00,0.0,,United Kingdom,True,False,True
543258,84611B,,1287,2011-02-04 16:06:00,0.0,,United Kingdom,True,False,True
543259,84612B,thrown away,-162,2011-02-04 16:07:00,0.0,,United Kingdom,True,False,True
543260,84613A,thrown away,-230,2011-02-04 16:07:00,0.0,,United Kingdom,True,False,True
543261,84613C,,-173,2011-02-04 16:08:00,0.0,,United Kingdom,True,False,True
543262,84614A,thrown away,-390,2011-02-04 16:08:00,0.0,,United Kingdom,True,False,True
543265,84872A,,-4,2011-02-04 17:23:00,0.0,,United Kingdom,True,False,True
543266,82095,,-5,2011-02-04 17:24:00,0.0,,United Kingdom,True,False,True
543267,35645,,3,2011-02-04 17:24:00,0.0,,United Kingdom,True,False,True
543268,84306,,3,2011-02-04 17:24:00,0.0,,United Kingdom,True,False,True
543269,84638,,-18,2011-02-04 17:25:00,0.0,,United Kingdom,True,False,True
543270,84631,,-19,2011-02-04 17:25:00,0.0,,United Kingdom,True,False,True
543271,21087,,-6,2011-02-04 17:26:00,0.0,,United Kingdom,True,False,True
543308,35969,,-3,2011-02-07 12:04:00,0.0,,United Kingdom,True,False,True
543310,35954,,-234,2011-02-07 12:10:00,0.0,,United Kingdom,True,False,True
543345,DOT,DOTCOM POSTAGE,1,2011-02-07 12:29:00,183.09,,United Kingdom,True,False,False
543358,DCGSSBOY,BOYS PARTY BAG,1,2011-02-07 14:04:00,3.29,,United Kingdom,True,False,False
543358,DCGSSGIRL,GIRLS PARTY BAG,3,2011-02-07 14:04:00,3.29,,United Kingdom,True,False,False
543358,DOT,DOTCOM POSTAGE,1,2011-02-07 14:04:00,218.26,,United Kingdom,True,False,False
543386,16207B,,4,2011-02-08 09:22:00,0.0,,United Kingdom,True,False,True
543387,POST,POSTAGE,10,2011-02-08 09:41:00,15.0,14646,Netherlands,False,False,False
C543388,POST,POSTAGE,-3,2011-02-08 09:44:00,15.0,14646,Netherlands,False,True,False
543390,84880,,-5,2011-02-08 10:02:00,0.0,,United Kingdom,True,False,True
543399,DOT,DOTCOM POSTAGE,1,2011-02-08 11:07:00,171.42,,United Kingdom,True,False,False
543450,DOT,DOTCOM POSTAGE,1,2011-02-08 12:12:00,110.13,,United Kingdom,True,False,False
543451,DOT,DOTCOM POSTAGE,1,2011-02-08 12:13:00,179.29,,United Kingdom,True,False,False
543453,21429,,1,2011-02-08 12:15:00,0.0,,United Kingdom,True,False,True
543459,POST,POSTAGE,2,2011-02-08 13:28:00,18.0,12599,France,False,False,False
543461,DOT,DOTCOM POSTAGE,1,2011-02-08 13:35:00,153.71,,United Kingdom,True,False,False
543467,DOT,DOTCOM POSTAGE,1,2011-02-08 14:35:00,234.92,,United Kingdom,True,False,False
543471,85150,,118,2011-02-08 15:00:00,0.0,,United Kingdom,True,False,True
543472,22451,,1,2011-02-08 15:01:00,0.0,,United Kingdom,True,False,True
543473,21661,,1,2011-02-08 15:01:00,0.0,,United Kingdom,True,False,True
543484,POST,POSTAGE,3,2011-02-09 10:11:00,18.0,12721,France,False,False,False
543492,POST,POSTAGE,1,2011-02-09 10:41:00,18.0,12720,Germany,False,False,False
543521,22769,,-6,2011-02-09 11:49:00,0.0,,United Kingdom,True,False,True
543530,DOT,DOTCOM POSTAGE,1,2011-02-09 12:46:00,213.15,,United Kingdom,True,False,False
543532,DOT,DOTCOM POSTAGE,1,2011-02-09 12:59:00,225.17,,United Kingdom,True,False,False
543533,DOT,DOTCOM POSTAGE,1,2011-02-09 13:00:00,254.08,,United Kingdom,True,False,False
543537,POST,POSTAGE,1,2011-02-09 13:50:00,15.0,12401,Belgium,False,False,False
543541,POST,POSTAGE,6,2011-02-09 14:44:00,28.0,12462,Spain,False,False,False
543543,M,Manual,1,2011-02-09 15:33:00,2.95,17843,United Kingdom,False,False,False
543543,M,Manual,24,2011-02-09 15:33:00,0.2,17843,United Kingdom,False,False,False
543545,22627,,-11,2011-02-09 15:50:00,0.0,,United Kingdom,True,False,True
543546,DOT,DOTCOM POSTAGE,1,2011-02-09 16:52:00,206.15,,United Kingdom,True,False,False
543550,POST,POSTAGE,1,2011-02-10 09:43:00,18.0,12601,Germany,False,False,False
543552,22847,,-10,2011-02-10 10:05:00,0.0,,United Kingdom,True,False,True
543599,84535B,FAIRY CAKES NOTEBOOK A6 SIZE,16,2011-02-10 13:08:00,0.0,17560,United Kingdom,False,False,True
C543624,M,Manual,-200,2011-02-10 15:33:00,0.41,12931,United Kingdom,False,True,False
543625,POST,POSTAGE,2,2011-02-10 15:38:00,18.0,12583,France,False,False,False
543629,DOT,DOTCOM POSTAGE,1,2011-02-10 15:55:00,208.92,,United Kingdom,True,False,False
543654,22525,,-57,2011-02-11 10:29:00,0.0,,United Kingdom,True,False,True
543655,21717,,-42,2011-02-11 10:30:00,0.0,,United Kingdom,True,False,True
543656,84801B,,-44,2011-02-11 10:30:00,0.0,,United Kingdom,True,False,True
543660,DOT,DOTCOM POSTAGE,1,2011-02-11 10:40:00,248.48,,United Kingdom,True,False,False
543732,DOT,DOTCOM POSTAGE,1,2011-02-11 12:02:00,198.21,,United Kingdom,True,False,False
543733,POST,POSTAGE,1,2011-02-11 12:16:00,15.0,12395,Belgium,False,False,False
C543743,M,Manual,-1,2011-02-11 13:39:00,4.5,12505,Italy,False,True,False
C543749,M,Manual,-1,2011-02-11 13:55:00,71.46,13672,United Kingdom,False,True,False
C543752,D,Discount,-1,2011-02-11 14:12:00,64.27,14031,United Kingdom,False,True,False
C543758,D,Discount,-1,2011-02-11 15:07:00,65.91,15299,United Kingdom,False,True,False
543781,21655,,19,2011-02-11 16:36:00,0.0,,United Kingdom,True,False,True
543782,85232B,,6,2011-02-11 16:36:00,0.0,,United Kingdom,True,False,True
543783,20966,,-41,2011-02-11 16:45:00,0.0,,United Kingdom,True,False,True
C543789,M,Manual,-1,2011-02-11 17:10:00,856.48,17450,United Kingdom,False,True,False
C543789,D,Discount,-1,2011-02-11 17:10:00,84.8,17450,United Kingdom,False,True,False
C543789,M,Manual,-1,2011-02-11 17:10:00,190.8,17450,United Kingdom,False,True,False
543822,POST,POSTAGE,3,2011-02-14 09:24:00,28.0,12507,Spain,False,False,False
543826,DOT,DOTCOM POSTAGE,1,2011-02-14 09:41:00,168.19,,United Kingdom,True,False,False
543827,84406B,incorrectly made-thrown away.,-64,2011-02-14 09:44:00,0.0,,United Kingdom,True,False,True
543833,POST,POSTAGE,1,2011-02-14 10:24:00,18.0,12476,Germany,False,False,False
C543835,M,Manual,-8,2011-02-14 10:40:00,1.95,12963,United Kingdom,False,True,False
C543838,POST,POSTAGE,-1,2011-02-14 10:59:00,7.06,15827,United Kingdom,False,True,False
C543840,D,Discount,-1,2011-02-14 11:19:00,70.01,14527,United Kingdom,False,True,False
C543841,M,Manual,-1,2011-02-14 11:20:00,208.16,17095,United Kingdom,False,True,False
543900,POST,POSTAGE,3,2011-02-14 12:11:00,18.0,12621,Germany,False,False,False
543909,DOT,DOTCOM POSTAGE,1,2011-02-14 12:32:00,127.24,,United Kingdom,True,False,False
543985,DOT,DOTCOM POSTAGE,1,2011-02-15 09:44:00,138.5,,United Kingdom,True,False,False
C543992,POST,POSTAGE,-1,2011-02-15 10:29:00,18.0,12583,France,False,True,False
544046,21785,,-140,2011-02-15 12:34:00,0.0,,United Kingdom,True,False,True
C544047,M,Manual,-1,2011-02-15 12:36:00,1435.79,,United Kingdom,True,True,False
C544049,BANK CHARGES,Bank Charges,-1,2011-02-15 12:39:00,566.37,,United Kingdom,True,True,False
C544054,M,Manual,-1,2011-02-15 12:41:00,869.55,,United Kingdom,True,True,False
544063,22837,,-9,2011-02-15 13:37:00,0.0,,United Kingdom,True,False,True
544069,POST,POSTAGE,2,2011-02-15 14:17:00,18.0,12616,France,False,False,False
544072,22837,,26,2011-02-15 14:32:00,0.0,,United Kingdom,True,False,True
544086,21785,,-7,2011-02-15 16:49:00,0.0,,United Kingdom,True,False,True
544087,M,Manual,1,2011-02-15 17:02:00,3.75,17530,United Kingdom,False,False,False
544087,M,Manual,2,2011-02-15 17:02:00,0.42,17530,United Kingdom,False,False,False
544089,DOT,DOTCOM POSTAGE,1,2011-02-15 17:51:00,111.86,,United Kingdom,True,False,False
544115,POST,POSTAGE,5,2011-02-16 11:45:00,18.0,12727,France,False,False,False
C544117,POST,POSTAGE,-1,2011-02-16 11:48:00,18.0,12727,France,False,True,False
544157,POST,POSTAGE,2,2011-02-16 12:46:00,18.0,12372,Denmark,False,False,False
544186,DOT,DOTCOM POSTAGE,1,2011-02-16 15:56:00,149.49,,United Kingdom,True,False,False
544193,POST,POSTAGE,5,2011-02-17 08:23:00,15.0,12431,Belgium,False,False,False
544200,POST,POSTAGE,2,2011-02-17 10:08:00,18.0,12494,France,False,False,False
544201,DOT,DOTCOM POSTAGE,1,2011-02-17 10:11:00,213.08,,United Kingdom,True,False,False
544202,DOT,DOTCOM POSTAGE,1,2011-02-17 10:29:00,143.04,,United Kingdom,True,False,False
544203,POST,POSTAGE,3,2011-02-17 10:30:00,15.0,12362,Belgium,False,False,False
544204,DOT,DOTCOM POSTAGE,1,2011-02-17 10:30:00,132.25,,United Kingdom,True,False,False
544205,DOT,DOTCOM POSTAGE,1,2011-02-17 10:31:00,207.79,,United Kingdom,True,False,False
544206,DOT,DOTCOM POSTAGE,1,2011-02-17 10:33:00,159.46,,United Kingdom,True,False,False
544207,DOT,DOTCOM POSTAGE,1,2011-02-17 10:34:00,185.83,,United Kingdom,True,False,False
544208,DOT,DOTCOM POSTAGE,1,2011-02-17 10:34:00,135.75,,United Kingdom,True,False,False
544281,POST,POSTAGE,1,2011-02-17 12:23:00,18.0,12500,Germany,False,False,False
544302,POST,POSTAGE,1,2011-02-17 13:16:00,18.0,12654,Germany,False,False,False
544321,16033,,120,2011-02-17 15:42:00,0.0,,United Kingdom,True,False,True
544323,DOT,DOTCOM POSTAGE,1,2011-02-17 15:51:00,179.94,,United Kingdom,True,False,False
544331,POST,POSTAGE,1,2011-02-17 17:05:00,15.0,12455,Cyprus,False,False,False
544342,22633,,-53,2011-02-18 09:44:00,0.0,,United Kingdom,True,False,True
544343,22867,,-99,2011-02-18 09:45:00,0.0,,United Kingdom,True,False,True
544344,22865,,51,2011-02-18 09:47:00,0.0,,United Kingdom,True,False,True
544345,22866,,1,2011-02-18 09:49:00,0.0,,United Kingdom,True,False,True
544346,22114,,-21,2011-02-18 09:50:00,0.0,,United Kingdom,True,False,True
544347,22114,,-4,2011-02-18 09:51:00,0.0,,United Kingdom,True,False,True
544348,84029E,,13,2011-02-18 09:52:00,0.0,,United Kingdom,True,False,True
544355,POST,POSTAGE,5,2011-02-18 10:53:00,18.0,12714,France,False,False,False
544396,62094B,,-92,2011-02-18 12:16:00,0.0,,United Kingdom,True,False,True
544399,POST,POSTAGE,1,2011-02-18 12:28:00,28.0,12594,Italy,False,False,False
544407,M,Manual,1,2011-02-18 13:26:00,15.0,14606,United Kingdom,False,False,False
544410,84997C,?,-741,2011-02-18 13:54:00,0.0,,United Kingdom,True,False,True
544434,DOT,DOTCOM POSTAGE,1,2011-02-18 16:12:00,149.02,,United Kingdom,True,False,False
C544437,M,Manual,-1,2011-02-18 17:19:00,82.5,16027,United Kingdom,False,True,False
544464,M,Manual,4,2011-02-20 14:38:00,0.85,17323,United Kingdom,False,False,False
544474,POST,POSTAGE,1,2011-02-21 09:52:00,15.0,12423,Belgium,False,False,False
544483,POST,POSTAGE,5,2011-02-21 10:53:00,18.0,12524,Germany,False,False,False
544495,POST,POSTAGE,6,2011-02-21 11:42:00,28.0,12766,Portugal,False,False,False
544554,22588,,-41,2011-02-21 12:12:00,0.0,,United Kingdom,True,False,True
544573,POST,POSTAGE,5,2011-02-21 13:40:00,18.0,12621,Germany,False,False,False
C544575,BANK CHARGES,Bank Charges,-1,2011-02-21 13:58:00,134.76,,United Kingdom,True,True,False
C544576,BANK CHARGES,Bank Charges,-1,2011-02-21 14:01:00,149.16,,United Kingdom,True,True,False
C544577,M,Manual,-1,2011-02-21 14:02:00,320.69,12365,Cyprus,False,True,False
544578,M,Manual,1,2011-02-21 14:04:00,320.69,12365,Cyprus,False,False,False
544579,21651,,-6,2011-02-21 14:05:00,0.0,,United Kingdom,True,False,True
C544580,S,SAMPLES,-1,2011-02-21 14:25:00,5.74,,United Kingdom,True,True,False
C544580,S,SAMPLES,-1,2011-02-21 14:25:00,11.08,,United Kingdom,True,True,False
C544580,S,SAMPLES,-1,2011-02-21 14:25:00,5.79,,United Kingdom,True,True,False
C544580,S,SAMPLES,-1,2011-02-21 14:25:00,6.7,,United Kingdom,True,True,False
C544580,S,SAMPLES,-1,2011-02-21 14:25:00,8.74,,United Kingdom,True,True,False
C544580,S,SAMPLES,-1,2011-02-21 14:25:00,9.74,,United Kingdom,True,True,False
C544580,S,SAMPLES,-1,2011-02-21 14:25:00,9.99,,United Kingdom,True,True,False
C544580,S,SAMPLES,-1,2011-02-21 14:25:00,20.98,,United Kingdom,True,True,False
C544580,S,SAMPLES,-1,2011-02-21 14:25:00,7.69,,United Kingdom,True,True,False
C544580,S,SAMPLES,-1,2011-02-21 14:25:00,5.44,,United Kingdom,True,True,False
C544580,S,SAMPLES,-1,2011-02-21 14:25:00,7.0,,United Kingdom,True,True,False
C544580,S,SAMPLES,-1,2011-02-21 14:25:00,10.0,,United Kingdom,True,True,False
C544580,S,SAMPLES,-1,2011-02-21 14:25:00,19.5,,United Kingdom,True,True,False
C544580,S,SAMPLES,-1,2011-02-21 14:25:00,20.55,,United Kingdom,True,True,False
C544580,S,SAMPLES,-1,2011-02-21 14:25:00,29.99,,United Kingdom,True,True,False
C544581,S,SAMPLES,-1,2011-02-21 14:32:00,12.94,,United Kingdom,True,True,False
C544581,S,SAMPLES,-1,2011-02-21 14:32:00,92.0,,United Kingdom,True,True,False
C544581,S,SAMPLES,-1,2011-02-21 14:32:00,107.99,,United Kingdom,True,True,False
C544581,S,SAMPLES,-1,2011-02-21 14:32:00,55.0,,United Kingdom,True,True,False
C544583,S,SAMPLES,-1,2011-02-21 14:48:00,128.56,,United Kingdom,True,True,False
C544583,S,SAMPLES,-1,2011-02-21 14:48:00,39.5,,United Kingdom,True,True,False
C544583,S,SAMPLES,-1,2011-02-21 14:48:00,37.49,,United Kingdom,True,True,False
C544583,S,SAMPLES,-1,2011-02-21 14:48:00,31.98,,United Kingdom,True,True,False
C544583,S,SAMPLES,-1,2011-02-21 14:48:00,2.8,,United Kingdom,True,True,False
C544583,S,SAMPLES,-1,2011-02-21 14:48:00,4.59,,United Kingdom,True,True,False
C544583,S,SAMPLES,-1,2011-02-21 14:48:00,95.0,,United Kingdom,True,True,False
C544584,BANK CHARGES,Bank Charges,-1,2011-02-21 14:52:00,109.84,,United Kingdom,True,True,False
544585,POST,POSTAGE,1,2011-02-21 14:58:00,18.0,12523,France,False,False,False
C544587,AMAZONFEE,AMAZON FEE,-1,2011-02-21 15:07:00,5575.28,,United Kingdom,True,True,False
C544589,AMAZONFEE,AMAZON FEE,-1,2011-02-21 15:11:00,5258.77,,United Kingdom,True,True,False
544598,DOT,DOTCOM POSTAGE,1,2011-02-21 18:10:00,144.15,,United Kingdom,True,False,False
544599,DCGSSBOY,BOYS PARTY BAG,1,2011-02-21 18:15:00,3.29,,United Kingdom,True,False,False
544599,DOT,DOTCOM POSTAGE,1,2011-02-21 18:15:00,198.77,,United Kingdom,True,False,False
544649,21621,?,-400,2011-02-22 12:37:00,0.0,,United Kingdom,True,False,True
C544671,S,SAMPLES,-1,2011-02-22 15:45:00,21.9,,United Kingdom,True,True,False
544673,M,Manual,25,2011-02-22 15:46:00,0.42,13421,United Kingdom,False,False,False
544681,DOT,DOTCOM POSTAGE,1,2011-02-22 16:28:00,140.19,,United Kingdom,True,False,False
544684,DOT,DOTCOM POSTAGE,1,2011-02-22 16:32:00,172.99,,United Kingdom,True,False,False
544703,22202,,-114,2011-02-23 10:35:00,0.0,,United Kingdom,True,False,True
544766,DOT,DOTCOM POSTAGE,1,2011-02-23 11:09:00,136.38,,United Kingdom,True,False,False
544767,DOT,DOTCOM POSTAGE,1,2011-02-23 11:10:00,100.17,,United Kingdom,True,False,False
544768,DOT,DOTCOM POSTAGE,1,2011-02-23 11:10:00,134.04,,United Kingdom,True,False,False
544770,DOT,DOTCOM POSTAGE,1,2011-02-23 11:11:00,124.79,,United Kingdom,True,False,False
544771,DOT,DOTCOM POSTAGE,1,2011-02-23 11:12:00,137.33,,United Kingdom,True,False,False
544772,DOT,DOTCOM POSTAGE,1,2011-02-23 11:12:00,161.04,,United Kingdom,True,False,False
544811,POST,POSTAGE,3,2011-02-23 15:53:00,18.0,12471,Germany,False,False,False
544812,DOT,DOTCOM POSTAGE,1,2011-02-23 15:58:00,170.54,,United Kingdom,True,False,False
C544814,M,Manual,-1,2011-02-23 16:36:00,30.19,15590,United Kingdom,False,True,False
544817,POST,POSTAGE,2,2011-02-23 16:44:00,18.0,12437,France,False,False,False
544819,M,Manual,6,2011-02-23 17:15:00,5.0,12748,United Kingdom,False,False,False
544832,62096A,,-88,2011-02-24 10:05:00,0.0,,United Kingdom,True,False,True
544834,90200C,,-33,2011-02-24 10:15:00,0.0,,United Kingdom,True,False,True
544886,POST,POSTAGE,1,2011-02-24 11:42:00,40.0,12582,Finland,False,False,False
544928,DOT,DOTCOM POSTAGE,1,2011-02-24 18:07:00,189.91,,United Kingdom,True,False,False
544933,POST,POSTAGE,6,2011-02-25 08:44:00,18.0,12633,Germany,False,False,False
544996,POST,POSTAGE,2,2011-02-25 11:53:00,18.0,12474,Germany,False,False,False
545017,POST,POSTAGE,1,2011-02-25 13:51:00,15.0,12361,Belgium,False,False,False
545024,DOT,DOTCOM POSTAGE,1,2011-02-25 14:38:00,79.67,,United Kingdom,True,False,False
545025,DOT,DOTCOM POSTAGE,1,2011-02-25 14:40:00,137.96,,United Kingdom,True,False,False
545034,POST,POSTAGE,1,2011-02-25 16:42:00,40.0,13493,Switzerland,False,False,False
545051,POST,POSTAGE,1,2011-02-27 11:58:00,18.0,12599,France,False,False,False
545078,DOT,DOTCOM POSTAGE,1,2011-02-28 10:15:00,147.49,,United Kingdom,True,False,False
545084,POST,POSTAGE,2,2011-02-28 10:55:00,40.0,12458,Switzerland,False,False,False
545086,POST,POSTAGE,1,2011-02-28 11:43:00,18.0,12678,France,False,False,False
545105,POST,POSTAGE,6,2011-02-28 11:58:00,18.0,12598,France,False,False,False
545127,22024,,-50,2011-02-28 12:04:00,0.0,,United Kingdom,True,False,True
545135,22028,,-30,2011-02-28 12:06:00,0.0,,United Kingdom,True,False,True
545140,POST,POSTAGE,2,2011-02-28 12:08:00,15.0,12464,Belgium,False,False,False
545160,22666,RECIPE BOX PANTRY YELLOW DESIGN,1,2011-02-28 13:31:00,0.0,,United Kingdom,True,False,True
545160,22627,MINT KITCHEN SCALES,1,2011-02-28 13:31:00,0.0,,United Kingdom,True,False,True
545160,22625,RED KITCHEN SCALES,1,2011-02-28 13:31:00,0.0,,United Kingdom,True,False,True
545160,22559,SEASIDE FLYING DISC,1,2011-02-28 13:31:00,0.0,,United Kingdom,True,False,True
545160,M,Manual,1,2011-02-28 13:31:00,48.0,,United Kingdom,True,False,False
545176,M,Manual,1,2011-02-28 14:19:00,764.12,,United Kingdom,True,False,False
545176,22470,HEART OF WICKER LARGE,1,2011-02-28 14:19:00,0.0,,United Kingdom,True,False,True
545176,22374,AIRLINE BAG VINTAGE JET SET RED,2,2011-02-28 14:19:00,0.0,,United Kingdom,True,False,True
545176,22371,AIRLINE BAG VINTAGE TOKYO 78,1,2011-02-28 14:19:00,0.0,,United Kingdom,True,False,True
545176,22365,DOORMAT RESPECTABLE HOUSE,1,2011-02-28 14:19:00,0.0,,United Kingdom,True,False,True
545176,22363,GLASS JAR MARMALADE ,1,2011-02-28 14:19:00,0.0,,United Kingdom,True,False,True
545176,22360,GLASS JAR ENGLISH CONFECTIONERY,1,2011-02-28 14:19:00,0.0,,United Kingdom,True,False,True
545176,22364,GLASS JAR DIGESTIVE BISCUITS,1,2011-02-28 14:19:00,0.0,,United Kingdom,True,False,True
545176,22359,GLASS JAR KINGS CHOICE,2,2011-02-28 14:19:00,0.0,,United Kingdom,True,False,True
545176,22357,KINGS CHOICE BISCUIT TIN,3,2011-02-28 14:19:00,0.0,,United Kingdom,True,False,True
545176,22350,ILLUSTRATED CAT BOWL ,1,2011-02-28 14:19:00,0.0,,United Kingdom,True,False,True
545176,22300,COFFEE MUG DOG + BALL DESIGN,1,2011-02-28 14:19:00,0.0,,United Kingdom,True,False,True
545176,22064,PINK DOUGHNUT TRINKET POT ,1,2011-02-28 14:19:00,0.0,,United Kingdom,True,False,True
545176,21888,BINGO SET,1,2011-02-28 14:19:00,0.0,,United Kingdom,True,False,True
545176,21116,OWL DOORSTOP,5,2011-02-28 14:19:00,0.0,,United Kingdom,True,False,True
545176,20724,RED RETROSPOT CHARLOTTE BAG,1,2011-02-28 14:19:00,0.0,,United Kingdom,True,False,True
545176,20685,DOORMAT RED RETROSPOT,1,2011-02-28 14:19:00,0.0,,United Kingdom,True,False,True
545176,20652,BLUE POLKADOT LUGGAGE TAG ,3,2011-02-28 14:19:00,0.0,,United Kingdom,True,False,True
545176,20615,BLUE POLKADOT PASSPORT COVER,3,2011-02-28 14:19:00,0.0,,United Kingdom,True,False,True
545176,18098C,PORCELAIN BUTTERFLY OIL BURNER,6,2011-02-28 14:19:00,0.0,,United Kingdom,True,False,True
545176,22383,LUNCH BAG SUKI DESIGN ,1,2011-02-28 14:19:00,0.0,,United Kingdom,True,False,True
545176,85099F,JUMBO BAG STRAWBERRY,1,2011-02-28 14:19:00,0.0,,United Kingdom,True,False,True
545176,84968E,SET OF 16 VINTAGE BLACK CUTLERY,1,2011-02-28 14:19:00,0.0,,United Kingdom,True,False,True
545176,84872A,TEATIME FUNKY FLOWER BACKPACK FOR 2,1,2011-02-28 14:19:00,0.0,,United Kingdom,True,False,True
545176,22676,FRENCH BLUE METAL DOOR SIGN 1,1,2011-02-28 14:19:00,0.0,,United Kingdom,True,False,True
545176,21899,"KEY FOB , GARAGE DESIGN",1,2011-02-28 14:19:00,0.0,,United Kingdom,True,False,True
545176,22524,CHILDRENS GARDEN GLOVES BLUE,1,2011-02-28 14:19:00,0.0,,United Kingdom,True,False,True
545176,84692,BOX OF 24 COCKTAIL PARASOLS,1,2011-02-28 14:19:00,0.0,,United Kingdom,True,False,True
545176,79321,CHILLI LIGHTS,1,2011-02-28 14:19:00,0.0,,United Kingdom,True,False,True
545176,37333,"RETRO ""TEA FOR ONE"" ",3,2011-02-28 14:19:00,0.0,,United Kingdom,True,False,True
545176,22697,GREEN REGENCY TEACUP AND SAUCER,1,2011-02-28 14:19:00,0.0,,United Kingdom,True,False,True
545176,22699,ROSES REGENCY TEACUP AND SAUCER ,1,2011-02-28 14:19:00,0.0,,United Kingdom,True,False,True
545176,22698,PINK REGENCY TEACUP AND SAUCER,1,2011-02-28 14:19:00,0.0,,United Kingdom,True,False,True
545176,22689,DOORMAT MERRY CHRISTMAS RED ,3,2011-02-28 14:19:00,0.0,,United Kingdom,True,False,True
545176,22681,FRENCH BLUE METAL DOOR SIGN 6,2,2011-02-28 14:19:00,0.0,,United Kingdom,True,False,True
545176,22678,FRENCH BLUE METAL DOOR SIGN 3,1,2011-02-28 14:19:00,0.0,,United Kingdom,True,False,True
545176,22686,FRENCH BLUE METAL DOOR SIGN No,2,2011-02-28 14:19:00,0.0,,United Kingdom,True,False,True
545176,22681,FRENCH BLUE METAL DOOR SIGN 6,3,2011-02-28 14:19:00,0.0,,United Kingdom,True,False,True
545176,22677,FRENCH BLUE METAL DOOR SIGN 2,1,2011-02-28 14:19:00,0.0,,United Kingdom,True,False,True
545176,22683,FRENCH BLUE METAL DOOR SIGN 8,1,2011-02-28 14:19:00,0.0,,United Kingdom,True,False,True
545176,22676,FRENCH BLUE METAL DOOR SIGN 1,2,2011-02-28 14:19:00,0.0,,United Kingdom,True,False,True
545176,22665,RECIPE BOX BLUE SKETCHBOOK DESIGN,1,2011-02-28 14:19:00,0.0,,United Kingdom,True,False,True
545176,22649,STRAWBERRY FAIRY CAKE TEAPOT,1,2011-02-28 14:19:00,0.0,,United Kingdom,True,False,True
545176,22627,MINT KITCHEN SCALES,1,2011-02-28 14:19:00,0.0,,United Kingdom,True,False,True
545176,22625,RED KITCHEN SCALES,4,2011-02-28 14:19:00,0.0,,United Kingdom,True,False,True
545176,22624,IVORY KITCHEN SCALES,8,2011-02-28 14:19:00,0.0,,United Kingdom,True,False,True
545176,22619,SET OF 6 SOLDIER SKITTLES,1,2011-02-28 14:19:00,0.0,,United Kingdom,True,False,True
545176,22550,HOLIDAY FUN LUDO,1,2011-02-28 14:19:00,0.0,,United Kingdom,True,False,True
545176,22473,TV DINNER TRAY VINTAGE PAISLEY,1,2011-02-28 14:19:00,0.0,,United Kingdom,True,False,True
545176,22475,SKULL DESIGN TV DINNER TRAY,3,2011-02-28 14:19:00,0.0,,United Kingdom,True,False,True
545180,POST,POSTAGE,1,2011-02-28 14:42:00,18.0,12728,France,False,False,False
545181,POST,POSTAGE,1,2011-02-28 14:45:00,18.0,12509,France,False,False,False
545182,M,Manual,17,2011-02-28 14:48:00,0.2,14046,United Kingdom,False,False,False
545191,POST,POSTAGE,1,2011-02-28 15:39:00,28.0,12811,Portugal,False,False,False
545215,DOT,DOTCOM POSTAGE,1,2011-02-28 16:47:00,265.19,,United Kingdom,True,False,False
545216,DOT,DOTCOM POSTAGE,1,2011-02-28 16:50:00,157.08,,United Kingdom,True,False,False
545217,DOT,DOTCOM POSTAGE,1,2011-02-28 16:59:00,172.62,,United Kingdom,True,False,False
545219,20738,,-36,2011-02-28 17:04:00,0.0,,United Kingdom,True,False,True
545235,POST,POSTAGE,2,2011-03-01 10:31:00,18.0,12683,France,False,False,False
545236,22797,damages,-15,2011-03-01 10:32:00,0.0,,United Kingdom,True,False,True
545301,POST,POSTAGE,4,2011-03-01 12:26:00,18.0,12679,France,False,False,False
545314,POST,POSTAGE,4,2011-03-01 14:11:00,15.0,12866,Belgium,False,False,False
545315,DOT,DOTCOM POSTAGE,1,2011-03-01 14:14:00,75.58,,United Kingdom,True,False,False
545316,DOT,DOTCOM POSTAGE,1,2011-03-01 14:14:00,36.08,,United Kingdom,True,False,False
545317,DOT,DOTCOM POSTAGE,1,2011-03-01 14:14:00,148.67,,United Kingdom,True,False,False
545323,POST,POSTAGE,1,2011-03-01 14:57:00,40.0,12352,Norway,False,False,False
C545329,M,Manual,-1,2011-03-01 15:47:00,280.05,12352,Norway,False,True,False
C545329,M,Manual,-1,2011-03-01 15:47:00,183.75,12352,Norway,False,True,False
C545330,M,Manual,-1,2011-03-01 15:49:00,376.5,12352,Norway,False,True,False
545332,M,Manual,1,2011-03-01 15:52:00,376.5,12352,Norway,False,False,False
545332,M,Manual,1,2011-03-01 15:52:00,280.05,12352,Norway,False,False,False
545332,M,Manual,1,2011-03-01 15:52:00,183.75,12352,Norway,False,False,False
545333,DOT,DOTCOM POSTAGE,1,2011-03-01 16:22:00,155.31,,United Kingdom,True,False,False
545336,M,Manual,2,2011-03-01 16:53:00,275.6,12428,Finland,False,False,False
545401,21769,showroom,-5,2011-03-02 12:03:00,0.0,,United Kingdom,True,False,True
545402,22862,,-33,2011-03-02 12:07:00,0.0,,United Kingdom,True,False,True
545464,DOT,DOTCOM POSTAGE,1,2011-03-03 09:10:00,201.64,,United Kingdom,True,False,False
C545476,D,Discount,-1,2011-03-03 11:05:00,30.38,14527,United Kingdom,False,True,False
C545478,D,Discount,-720,2011-03-03 11:08:00,0.01,16422,United Kingdom,False,True,False
545515,POST,POSTAGE,3,2011-03-03 12:06:00,18.0,12727,France,False,False,False
545517,POST,POSTAGE,1,2011-03-03 12:20:00,18.0,12727,France,False,False,False
545533,POST,POSTAGE,2,2011-03-03 14:04:00,18.0,12524,Germany,False,False,False
545536,POST,POSTAGE,3,2011-03-03 14:12:00,15.0,12417,Belgium,False,False,False
545546,84249A,check,-150,2011-03-03 15:03:00,0.0,,United Kingdom,True,False,True
545547,85061W,,-391,2011-03-03 15:07:00,0.0,,United Kingdom,True,False,True
545548,77101A,,-87,2011-03-03 15:08:00,0.0,,United Kingdom,True,False,True
545549,15058B,,-61,2011-03-03 15:10:00,0.0,,United Kingdom,True,False,True
545551,15058A,,20,2011-03-03 15:11:00,0.0,,United Kingdom,True,False,True
545552,22021,,-20,2011-03-03 15:11:00,0.0,,United Kingdom,True,False,True
545553,84459B,,16,2011-03-03 15:12:00,0.0,,United Kingdom,True,False,True
545554,22988,,-70,2011-03-03 15:12:00,0.0,,United Kingdom,True,False,True
545557,POST,POSTAGE,1,2011-03-03 15:30:00,18.0,12500,Germany,False,False,False
545560,37464,,-2,2011-03-03 16:12:00,0.0,,United Kingdom,True,False,True
545561,37379A,,-9,2011-03-03 16:12:00,0.0,,United Kingdom,True,False,True
545562,20689,,-5,2011-03-03 16:12:00,0.0,,United Kingdom,True,False,True
545563,20671,,-22,2011-03-03 16:13:00,0.0,,United Kingdom,True,False,True
545564,85092,,-9,2011-03-03 16:13:00,0.0,,United Kingdom,True,False,True
545565,47563B,,-10,2011-03-03 16:14:00,0.0,,United Kingdom,True,False,True
545566,37477D,,-9,2011-03-03 16:14:00,0.0,,United Kingdom,True,False,True
545567,37444B,,-3,2011-03-03 16:14:00,0.0,,United Kingdom,True,False,True
545568,DOT,DOTCOM POSTAGE,1,2011-03-03 16:22:00,226.19,,United Kingdom,True,False,False
545570,POST,POSTAGE,1,2011-03-03 16:28:00,40.0,12817,Austria,False,False,False
545583,POST,POSTAGE,2,2011-03-04 09:08:00,18.0,12553,France,False,False,False
545585,POST,POSTAGE,1,2011-03-04 09:32:00,28.0,12541,Spain,False,False,False
545595,M,Manual,1,2011-03-04 10:39:00,0.85,14570,United Kingdom,False,False,False
545598,22080,,-278,2011-03-04 11:16:00,0.0,,United Kingdom,True,False,True
545599,22272,,-140,2011-03-04 11:17:00,0.0,,United Kingdom,True,False,True
545600,85160A,,-21,2011-03-04 11:45:00,0.0,,United Kingdom,True,False,True
545647,POST,POSTAGE,1,2011-03-04 12:46:00,28.0,12547,Spain,False,False,False
545651,21973,,140,2011-03-04 13:14:00,0.0,,United Kingdom,True,False,True
545664,POST,POSTAGE,3,2011-03-04 15:15:00,28.0,12584,Italy,False,False,False
545666,37468,,67,2011-03-04 15:33:00,0.0,,United Kingdom,True,False,True
545667,DOT,DOTCOM POSTAGE,1,2011-03-04 16:07:00,176.48,,United Kingdom,True,False,False
C545677,M,Manual,-2,2011-03-06 10:48:00,10.65,14543,United Kingdom,False,True,False
C545677,M,Manual,-1,2011-03-06 10:48:00,12.75,14543,United Kingdom,False,True,False
545706,POST,POSTAGE,1,2011-03-07 09:10:00,18.0,12712,Germany,False,False,False
545709,POST,POSTAGE,1,2011-03-07 09:49:00,18.0,12708,Germany,False,False,False
545714,DOT,DOTCOM POSTAGE,1,2011-03-07 10:12:00,130.58,,United Kingdom,True,False,False
545715,DOT,DOTCOM POSTAGE,1,2011-03-07 10:13:00,180.92,,United Kingdom,True,False,False
545716,DOT,DOTCOM POSTAGE,1,2011-03-07 10:15:00,192.29,,United Kingdom,True,False,False
545717,DOT,DOTCOM POSTAGE,1,2011-03-07 10:15:00,147.13,,United Kingdom,True,False,False
C545739,M,Manual,-1,2011-03-07 11:46:00,45.57,12754,Japan,False,True,False
C545740,POST,POSTAGE,-1,2011-03-07 11:47:00,8.65,18257,United Kingdom,False,True,False
545857,20681,MIA,-154,2011-03-07 13:56:00,0.0,,United Kingdom,True,False,True
545875,21736,Adjustment,34,2011-03-07 15:18:00,0.0,,United Kingdom,True,False,True
C545884,M,Manual,-1,2011-03-07 15:49:00,537.83,,United Kingdom,True,True,False
C545886,M,Manual,-1,2011-03-07 15:53:00,222.59,,United Kingdom,True,True,False
C545887,BANK CHARGES,Bank Charges,-1,2011-03-07 15:54:00,326.68,,United Kingdom,True,True,False
545889,M,Manual,1,2011-03-07 16:14:00,45.0,15291,United Kingdom,False,False,False
C545891,M,Manual,-1,2011-03-07 16:40:00,16.05,12754,Japan,False,True,False
C545892,M,Manual,-1,2011-03-07 16:41:00,17.55,12755,Japan,False,True,False
545895,DOT,DOTCOM POSTAGE,1,2011-03-07 17:14:00,249.02,,United Kingdom,True,False,False
545897,DCGSSBOY,BOYS PARTY BAG,5,2011-03-07 17:22:00,3.29,,United Kingdom,True,False,False
545897,DCGSSGIRL,GIRLS PARTY BAG,5,2011-03-07 17:22:00,3.29,,United Kingdom,True,False,False
545897,DOT,DOTCOM POSTAGE,1,2011-03-07 17:22:00,218.64,,United Kingdom,True,False,False
545901,M,Manual,2,2011-03-07 17:52:00,1.25,15834,United Kingdom,False,False,False
545916,POST,POSTAGE,2,2011-03-08 11:46:00,18.0,12528,Germany,False,False,False
545988,POST,POSTAGE,1,2011-03-08 12:52:00,18.0,12662,Germany,False,False,False
545990,84598,check,-3000,2011-03-08 13:07:00,0.0,,United Kingdom,True,False,True
545994,POST,POSTAGE,2,2011-03-08 13:50:00,18.0,12623,Germany,False,False,False
545995,M,Manual,6,2011-03-08 13:54:00,2.1,15023,United Kingdom,False,False,False
546007,DOT,DOTCOM POSTAGE,1,2011-03-08 15:34:00,146.1,,United Kingdom,True,False,False
546008,DOT,DOTCOM POSTAGE,1,2011-03-08 15:43:00,187.89,,United Kingdom,True,False,False
546010,22423,damages,-19,2011-03-08 15:55:00,0.0,,United Kingdom,True,False,True
546016,85172,Dotcom set,-675,2011-03-08 17:21:00,0.0,,United Kingdom,True,False,True
546018,85172,wrongly sold as sets,-600,2011-03-08 17:23:00,0.0,,United Kingdom,True,False,True
546020,85175,Amazon sold sets,-210,2011-03-08 17:27:00,0.0,,United Kingdom,True,False,True
546021,85175,dotcom sold sets,-345,2011-03-08 17:27:00,0.0,,United Kingdom,True,False,True
546023,85175,wrongly sold sets,-975,2011-03-08 17:29:00,0.0,,United Kingdom,True,False,True
546024,85175,? sold as sets?,-1200,2011-03-08 17:31:00,0.0,,United Kingdom,True,False,True
546025,85172,?sold as sets?,-600,2011-03-08 17:31:00,0.0,,United Kingdom,True,False,True
546026,90200C,,4,2011-03-08 17:43:00,0.0,,United Kingdom,True,False,True
546027,POST,POSTAGE,2,2011-03-09 08:09:00,15.0,12759,Netherlands,False,False,False
546035,M,Manual,1,2011-03-09 09:50:00,7.95,12924,United Kingdom,False,False,False
546085,84535A,,144,2011-03-09 11:32:00,0.0,,United Kingdom,True,False,True
C546106,D,Discount,-1,2011-03-09 12:21:00,9.87,14527,United Kingdom,False,True,False
546114,84247K,,47,2011-03-09 13:47:00,0.0,,United Kingdom,True,False,True
546117,M,Manual,12,2011-03-09 13:56:00,1.0,16771,United Kingdom,False,False,False
546124,35610C,Thrown away.,-1121,2011-03-09 14:50:00,0.0,,United Kingdom,True,False,True
546126,35611B,thrown away,-27,2011-03-09 14:52:00,0.0,,United Kingdom,True,False,True
546129,35610B,thrown away,-541,2011-03-09 15:07:00,0.0,,United Kingdom,True,False,True
546130,35610A,thrown away,-1277,2011-03-09 15:08:00,0.0,,United Kingdom,True,False,True
546134,POST,POSTAGE,2,2011-03-09 15:35:00,40.0,13493,Switzerland,False,False,False
546136,DOT,DOTCOM POSTAGE,1,2011-03-09 16:32:00,199.33,,United Kingdom,True,False,False
546137,20893,damages/display,-197,2011-03-09 16:33:00,0.0,,United Kingdom,True,False,True
546138,21815,?,-300,2011-03-09 16:34:00,0.0,,United Kingdom,True,False,True
546139,84988,?,3000,2011-03-09 16:35:00,0.0,,United Kingdom,True,False,True
546140,21527,damages,-30,2011-03-09 16:35:00,0.0,,United Kingdom,True,False,True
546141,79302M,,73,2011-03-09 16:36:00,0.0,,United Kingdom,True,False,True
546142,40016,damaged stock,-1100,2011-03-09 16:37:00,0.0,,United Kingdom,True,False,True
546145,21537,?,-80,2011-03-09 16:39:00,0.0,,United Kingdom,True,False,True
546146,20752,,-40,2011-03-09 16:41:00,0.0,,United Kingdom,True,False,True
546147,21320,broken,-63,2011-03-09 16:42:00,0.0,,United Kingdom,True,False,True
546148,85049D,?,-100,2011-03-09 16:43:00,0.0,,United Kingdom,True,False,True
546149,20866,?,-230,2011-03-09 17:02:00,0.0,,United Kingdom,True,False,True
546150,21503,,-140,2011-03-09 17:03:00,0.0,,United Kingdom,True,False,True
546151,21504,,-80,2011-03-09 17:04:00,0.0,,United Kingdom,True,False,True
546152,72140F,throw away,-5368,2011-03-09 17:25:00,0.0,,United Kingdom,True,False,True
C546203,POST,POSTAGE,-1,2011-03-10 11:13:00,4.5,16839,United Kingdom,False,True,False
C546204,POST,POSTAGE,-1,2011-03-10 11:13:00,1.72,13599,United Kingdom,False,True,False
C546205,POST,POSTAGE,-1,2011-03-10 11:14:00,2.84,18223,United Kingdom,False,True,False
546240,85045,,20,2011-03-10 13:00:00,0.0,,United Kingdom,True,False,True
546244,21484,,219,2011-03-10 13:24:00,0.0,,United Kingdom,True,False,True
546245,85185B,?,-259,2011-03-10 13:26:00,0.0,,United Kingdom,True,False,True
546303,POST,POSTAGE,1,2011-03-10 15:30:00,8.62,,United Kingdom,True,False,False
546306,DCGSSBOY,BOYS PARTY BAG,1,2011-03-10 16:16:00,3.29,,United Kingdom,True,False,False
546306,DCGSSGIRL,GIRLS PARTY BAG,2,2011-03-10 16:16:00,3.29,,United Kingdom,True,False,False
546306,DOT,DOTCOM POSTAGE,1,2011-03-10 16:16:00,147.03,,United Kingdom,True,False,False
546307,84029G,,280,2011-03-10 16:22:00,0.0,,United Kingdom,True,False,True
546308,21555,,232,2011-03-10 16:23:00,0.0,,United Kingdom,True,False,True
546309,85185B,,180,2011-03-10 16:24:00,0.0,,United Kingdom,True,False,True
C546325,M,Manual,-1,2011-03-11 10:15:00,1687.17,14911,EIRE,False,True,False
C546327,M,Manual,-1,2011-03-11 10:18:00,1687.17,14911,EIRE,False,True,False
546328,M,Manual,1,2011-03-11 10:19:00,1687.17,14911,EIRE,False,False,False
546329,M,Manual,1,2011-03-11 10:22:00,1687.17,14911,EIRE,False,False,False
C546363,POST,POSTAGE,-1,2011-03-11 11:30:00,7.06,16912,United Kingdom,False,True,False
546365,POST,POSTAGE,5,2011-03-11 11:35:00,18.0,12520,Germany,False,False,False
546373,POST,POSTAGE,2,2011-03-11 12:00:00,18.0,12583,France,False,False,False
546374,M,Manual,1,2011-03-11 12:05:00,10.0,17194,United Kingdom,False,False,False
546375,85096,,48,2011-03-11 12:07:00,0.0,,United Kingdom,True,False,True
546379,72225C,,-82,2011-03-11 12:21:00,0.0,,United Kingdom,True,False,True
546406,DOT,DOTCOM POSTAGE,1,2011-03-11 16:21:00,201.37,,United Kingdom,True,False,False
546406,46000S,POLYESTER FILLER PAD 40x40cm,70,2011-03-11 16:21:00,0.0,,United Kingdom,True,False,True
546406,46000M,POLYESTER FILLER PAD 45x45cm,60,2011-03-11 16:21:00,0.0,,United Kingdom,True,False,True
546407,22719,wrong barcode (22467),-178,2011-03-11 16:24:00,0.0,,United Kingdom,True,False,True
546408,22467,wrongly sold (22719) barcode,170,2011-03-11 16:25:00,0.0,,United Kingdom,True,False,True
546409,21833,damages,-110,2011-03-11 16:27:00,0.0,,United Kingdom,True,False,True
546418,M,Manual,24,2011-03-13 10:57:00,0.42,17315,United Kingdom,False,False,False
546426,M,Manual,1,2011-03-13 13:46:00,2.0,13708,United Kingdom,False,False,False
546428,POST,POSTAGE,2,2011-03-13 14:55:00,18.0,12681,France,False,False,False
546433,POST,POSTAGE,1,2011-03-14 08:37:00,15.0,12778,Netherlands,False,False,False
546434,POST,POSTAGE,4,2011-03-14 08:41:00,18.0,12383,Belgium,False,False,False
546479,POST,POSTAGE,3,2011-03-14 11:38:00,18.0,12682,France,False,False,False
546543,M,Manual,1,2011-03-14 15:40:00,0.85,17841,United Kingdom,False,False,False
546551,84563A,,-10,2011-03-14 17:33:00,0.0,,United Kingdom,True,False,True
C546557,M,Manual,-1,2011-03-15 09:44:00,2583.76,,Hong Kong,True,True,False
546558,M,Manual,1,2011-03-15 09:50:00,2583.76,,Hong Kong,True,False,False
546649,DOT,DOTCOM POSTAGE,1,2011-03-15 14:17:00,133.13,,United Kingdom,True,False,False
546650,DOT,DOTCOM POSTAGE,1,2011-03-15 14:17:00,111.79,,United Kingdom,True,False,False
546651,DOT,DOTCOM POSTAGE,1,2011-03-15 14:17:00,112.67,,United Kingdom,True,False,False
546652,DOT,DOTCOM POSTAGE,1,2011-03-15 14:18:00,167.58,,United Kingdom,True,False,False
546653,DOT,DOTCOM POSTAGE,1,2011-03-15 14:18:00,155.46,,United Kingdom,True,False,False
546654,DOT,DOTCOM POSTAGE,1,2011-03-15 14:18:00,125.96,,United Kingdom,True,False,False
546655,DOT,DOTCOM POSTAGE,1,2011-03-15 14:19:00,122.58,,United Kingdom,True,False,False
546656,DOT,DOTCOM POSTAGE,1,2011-03-15 14:19:00,172.54,,United Kingdom,True,False,False
546661,22777,,-25,2011-03-15 14:33:00,0.0,,United Kingdom,True,False,True
546666,79321,,72,2011-03-15 15:14:00,0.0,,United Kingdom,True,False,True
546672,85206A,,-77,2011-03-15 15:47:00,0.0,,United Kingdom,True,False,True
546673,23348,,48,2011-03-15 16:11:00,0.0,,United Kingdom,True,False,True
546678,POST,POSTAGE,3,2011-03-15 16:39:00,18.0,12681,France,False,False,False
546742,M,Manual,12,2011-03-16 12:26:00,0.42,12849,United Kingdom,False,False,False
546742,M,Manual,6,2011-03-16 12:26:00,2.1,12849,United Kingdom,False,False,False
546755,POST,POSTAGE,5,2011-03-16 13:29:00,28.0,12502,Spain,False,False,False
546756,79067,,-5,2011-03-16 13:31:00,0.0,,United Kingdom,True,False,True
546759,POST,POSTAGE,2,2011-03-16 13:58:00,18.0,12712,Germany,False,False,False
546760,POST,POSTAGE,3,2011-03-16 14:00:00,28.0,12597,Spain,False,False,False
546765,POST,POSTAGE,1,2011-03-16 14:37:00,18.0,12437,France,False,False,False
546843,POST,POSTAGE,2,2011-03-17 12:40:00,18.0,12472,Germany,False,False,False
546851,POST,POSTAGE,7,2011-03-17 13:23:00,18.0,12480,Germany,False,False,False
C546859,M,Manual,-102,2011-03-17 14:39:00,5.45,17603,United Kingdom,False,True,False
546866,M,Manual,2,2011-03-17 15:47:00,2.5,14462,United Kingdom,False,False,False
C546870,M,Manual,-2,2011-03-17 16:07:00,2.5,14462,United Kingdom,False,True,False
C546879,M,Manual,-96,2011-03-17 17:14:00,0.91,16422,United Kingdom,False,True,False
546884,DOT,DOTCOM POSTAGE,1,2011-03-17 18:08:00,303.0,,United Kingdom,True,False,False
546888,DOT,DOTCOM POSTAGE,1,2011-03-17 18:15:00,237.89,,United Kingdom,True,False,False
546891,DOT,DOTCOM POSTAGE,1,2011-03-17 18:18:00,227.3,,United Kingdom,True,False,False
546892,DOT,DOTCOM POSTAGE,1,2011-03-17 18:20:00,192.44,,United Kingdom,True,False,False
546896,DOT,DOTCOM POSTAGE,1,2011-03-17 18:24:00,255.04,,United Kingdom,True,False,False
C546905,M,Manual,-48,2011-03-17 18:42:00,0.45,15061,United Kingdom,False,True,False
C546907,M,Manual,-25,2011-03-17 18:46:00,0.67,16422,United Kingdom,False,True,False
546919,POST,POSTAGE,1,2011-03-18 09:55:00,18.0,12500,Germany,False,False,False
546920,POST,POSTAGE,8,2011-03-18 09:55:00,18.0,12471,Germany,False,False,False
546925,POST,POSTAGE,3,2011-03-18 10:09:00,18.0,12647,Germany,False,False,False
546933,85123A,WHITE HANGING HEART T-LIGHT HOLDER,1,2011-03-18 11:02:00,0.0,,United Kingdom,True,False,True
546933,85099B,JUMBO BAG RED RETROSPOT,2,2011-03-18 11:02:00,0.0,,United Kingdom,True,False,True
546933,48184,DOORMAT ENGLISH ROSE ,2,2011-03-18 11:02:00,0.0,,United Kingdom,True,False,True
546933,22692,DOORMAT WELCOME TO OUR HOME,1,2011-03-18 11:02:00,0.0,,United Kingdom,True,False,True
546933,22683,FRENCH BLUE METAL DOOR SIGN 8,2,2011-03-18 11:02:00,0.0,,United Kingdom,True,False,True
546933,22686,FRENCH BLUE METAL DOOR SIGN No,3,2011-03-18 11:02:00,0.0,,United Kingdom,True,False,True
546933,22681,FRENCH BLUE METAL DOOR SIGN 6,7,2011-03-18 11:02:00,0.0,,United Kingdom,True,False,True
546933,22682,FRENCH BLUE METAL DOOR SIGN 7,3,2011-03-18 11:02:00,0.0,,United Kingdom,True,False,True
546933,22685,FRENCH BLUE METAL DOOR SIGN 0,1,2011-03-18 11:02:00,0.0,,United Kingdom,True,False,True
546933,22680,FRENCH BLUE METAL DOOR SIGN 5,3,2011-03-18 11:02:00,0.0,,United Kingdom,True,False,True
546933,22684,FRENCH BLUE METAL DOOR SIGN 9,3,2011-03-18 11:02:00,0.0,,United Kingdom,True,False,True
546933,22678,FRENCH BLUE METAL DOOR SIGN 3,3,2011-03-18 11:02:00,0.0,,United Kingdom,True,False,True
546933,22679,FRENCH BLUE METAL DOOR SIGN 4,4,2011-03-18 11:02:00,0.0,,United Kingdom,True,False,True
546933,22676,FRENCH BLUE METAL DOOR SIGN 1,3,2011-03-18 11:02:00,0.0,,United Kingdom,True,False,True
546933,22666,RECIPE BOX PANTRY YELLOW DESIGN,9,2011-03-18 11:02:00,0.0,,United Kingdom,True,False,True
546933,22627,MINT KITCHEN SCALES,1,2011-03-18 11:02:00,0.0,,United Kingdom,True,False,True
546933,22626,BLACK KITCHEN SCALES,1,2011-03-18 11:02:00,0.0,,United Kingdom,True,False,True
546933,22625,RED KITCHEN SCALES,3,2011-03-18 11:02:00,0.0,,United Kingdom,True,False,True
546933,22623,BOX OF VINTAGE JIGSAW BLOCKS ,1,2011-03-18 11:02:00,0.0,,United Kingdom,True,False,True
546933,22521,CHILDS GARDEN TROWEL PINK,1,2011-03-18 11:02:00,0.0,,United Kingdom,True,False,True
546933,22430,ENAMEL WATERING CAN CREAM,3,2011-03-18 11:02:00,0.0,,United Kingdom,True,False,True
546933,22375,AIRLINE BAG VINTAGE JET SET BROWN,1,2011-03-18 11:02:00,0.0,,United Kingdom,True,False,True
546933,22374,AIRLINE BAG VINTAGE JET SET RED,1,2011-03-18 11:02:00,0.0,,United Kingdom,True,False,True
546933,22366,DOORMAT AIRMAIL ,1,2011-03-18 11:02:00,0.0,,United Kingdom,True,False,True
546933,22364,GLASS JAR DIGESTIVE BISCUITS,2,2011-03-18 11:02:00,0.0,,United Kingdom,True,False,True
546933,22631,CIRCUS PARADE LUNCH BOX ,3,2011-03-18 11:02:00,0.0,,United Kingdom,True,False,True
546933,21556,CERAMIC STRAWBERRY MONEY BOX,2,2011-03-18 11:02:00,0.0,,United Kingdom,True,False,True
546933,22666,RECIPE BOX PANTRY YELLOW DESIGN,1,2011-03-18 11:02:00,0.0,,United Kingdom,True,False,True
546933,22372,AIRLINE BAG VINTAGE WORLD CHAMPION ,1,2011-03-18 11:02:00,0.0,,United Kingdom,True,False,True
546933,20719,WOODLAND CHARLOTTE BAG,1,2011-03-18 11:02:00,0.0,,United Kingdom,True,False,True
546933,M,Manual,1,2011-03-18 11:02:00,498.79,,United Kingdom,True,False,False
C546943,BANK CHARGES,Bank Charges,-1,2011-03-18 11:11:00,56.93,,United Kingdom,True,True,False
C546948,S,SAMPLES,-1,2011-03-18 11:20:00,50.99,,United Kingdom,True,True,False
C546948,S,SAMPLES,-1,2011-03-18 11:20:00,65.85,,United Kingdom,True,True,False
546950,M,Manual,4,2011-03-18 11:24:00,0.5,16511,United Kingdom,False,False,False
546973,DOT,DOTCOM POSTAGE,1,2011-03-18 12:07:00,122.5,,United Kingdom,True,False,False
546974,DOT,DOTCOM POSTAGE,1,2011-03-18 12:08:00,131.46,,United Kingdom,True,False,False
546976,DOT,DOTCOM POSTAGE,1,2011-03-18 12:08:00,184.96,,United Kingdom,True,False,False
546977,DOT,DOTCOM POSTAGE,1,2011-03-18 12:08:00,218.08,,United Kingdom,True,False,False
C546975,M,Manual,-1,2011-03-18 12:08:00,19.05,,United Kingdom,True,True,False
C546987,AMAZONFEE,AMAZON FEE,-1,2011-03-18 12:56:00,5693.05,,United Kingdom,True,True,False
C546989,AMAZONFEE,AMAZON FEE,-1,2011-03-18 12:59:00,5225.03,,United Kingdom,True,True,False
547005,POST,POSTAGE,4,2011-03-18 14:20:00,18.0,12474,Germany,False,False,False
547042,DOT,DOTCOM POSTAGE,1,2011-03-20 11:00:00,279.84,,United Kingdom,True,False,False
C547054,M,Manual,-1,2011-03-20 12:11:00,6.95,16444,United Kingdom,False,True,False
547061,POST,POSTAGE,1,2011-03-20 13:21:00,15.0,12407,Belgium,False,False,False
547071,POST,POSTAGE,2,2011-03-20 13:59:00,18.0,12693,Germany,False,False,False
547085,POST,POSTAGE,1,2011-03-20 15:41:00,18.0,12600,Germany,False,False,False
547086,POST,POSTAGE,3,2011-03-20 15:46:00,40.0,12428,Finland,False,False,False
547087,POST,POSTAGE,1,2011-03-20 15:58:00,18.0,12726,France,False,False,False
547109,POST,POSTAGE,2,2011-03-21 11:46:00,15.0,12423,Belgium,False,False,False
547248,DOT,DOTCOM POSTAGE,1,2011-03-22 09:23:00,197.33,,United Kingdom,True,False,False
547249,DCGSSBOY,BOYS PARTY BAG,6,2011-03-22 09:27:00,3.29,,United Kingdom,True,False,False
547249,DCGSSGIRL,GIRLS PARTY BAG,17,2011-03-22 09:27:00,3.29,,United Kingdom,True,False,False
547249,DOT,DOTCOM POSTAGE,1,2011-03-22 09:27:00,192.43,,United Kingdom,True,False,False
547250,DCGSSGIRL,GIRLS PARTY BAG,2,2011-03-22 09:30:00,3.29,,United Kingdom,True,False,False
547250,DOT,DOTCOM POSTAGE,1,2011-03-22 09:30:00,253.24,,United Kingdom,True,False,False
547327,POST,POSTAGE,3,2011-03-22 11:28:00,18.0,12681,France,False,False,False
547328,22272,,45,2011-03-22 11:37:00,0.0,,United Kingdom,True,False,True
547329,20681,,-1,2011-03-22 11:38:00,0.0,,United Kingdom,True,False,True
547330,21894,,-40,2011-03-22 11:40:00,0.0,,United Kingdom,True,False,True
547331,17013D,,-20,2011-03-22 11:41:00,0.0,,United Kingdom,True,False,True
547332,21613,,-47,2011-03-22 11:42:00,0.0,,United Kingdom,True,False,True
547333,22791,,-70,2011-03-22 11:43:00,0.0,,United Kingdom,True,False,True
547335,20934,,-15,2011-03-22 11:44:00,0.0,,United Kingdom,True,False,True
547336,21689,wrong barcode,-323,2011-03-22 11:45:00,0.0,,United Kingdom,True,False,True
547337,85025C,barcode problem,-230,2011-03-22 11:47:00,0.0,,United Kingdom,True,False,True
547338,22245,,-110,2011-03-22 11:49:00,0.0,,United Kingdom,True,False,True
547339,84406B,?,-450,2011-03-22 11:51:00,0.0,,United Kingdom,True,False,True
547341,85049D,,-20,2011-03-22 11:53:00,0.0,,United Kingdom,True,False,True
547343,77101A,,4,2011-03-22 11:54:00,0.0,,United Kingdom,True,False,True
547344,22838,,5,2011-03-22 11:55:00,0.0,,United Kingdom,True,False,True
547345,22838,,-10,2011-03-22 11:55:00,0.0,,United Kingdom,True,False,True
547346,21000,,-41,2011-03-22 11:56:00,0.0,,United Kingdom,True,False,True
547347,22470,,-6,2011-03-22 11:56:00,0.0,,United Kingdom,True,False,True
547348,85206A,,4,2011-03-22 11:57:00,0.0,,United Kingdom,True,False,True
547363,22459,?lost,-232,2011-03-22 12:33:00,0.0,,United Kingdom,True,False,True
547365,POST,POSTAGE,1,2011-03-22 12:36:00,15.0,12775,Netherlands,False,False,False
547369,21898,,-83,2011-03-22 13:24:00,0.0,,United Kingdom,True,False,True
547379,POST,POSTAGE,6,2011-03-22 15:13:00,18.0,12720,Germany,False,False,False
547383,POST,POSTAGE,3,2011-03-22 15:42:00,18.0,12613,Germany,False,False,False
547384,POST,POSTAGE,1,2011-03-22 15:46:00,18.0,12613,Germany,False,False,False
547385,DOT,DOTCOM POSTAGE,1,2011-03-22 15:48:00,110.6,,United Kingdom,True,False,False
547386,DOT,DOTCOM POSTAGE,1,2011-03-22 15:52:00,131.22,,United Kingdom,True,False,False
547390,POST,POSTAGE,1,2011-03-22 16:08:00,40.0,12352,Norway,False,False,False
547394,71477,,1,2011-03-22 16:38:00,0.0,,United Kingdom,True,False,True
547395,84977,,1,2011-03-22 16:38:00,0.0,,United Kingdom,True,False,True
547396,79321,CHILLI LIGHTS,1,2011-03-22 16:54:00,0.0,,United Kingdom,True,False,True
547397,DOT,DOTCOM POSTAGE,1,2011-03-22 16:55:00,146.29,,United Kingdom,True,False,False
547398,DOT,DOTCOM POSTAGE,1,2011-03-22 16:55:00,141.42,,United Kingdom,True,False,False
547399,DOT,DOTCOM POSTAGE,1,2011-03-22 16:55:00,155.25,,United Kingdom,True,False,False
547400,DOT,DOTCOM POSTAGE,1,2011-03-22 16:56:00,116.67,,United Kingdom,True,False,False
547402,85028L,,12,2011-03-22 17:04:00,0.0,,United Kingdom,True,False,True
547403,85028L,,-2,2011-03-22 17:05:00,0.0,,United Kingdom,True,False,True
547404,85028S,,24,2011-03-22 17:05:00,0.0,,United Kingdom,True,False,True
547412,POST,POSTAGE,1,2011-03-23 09:42:00,15.0,12399,Belgium,False,False,False
547417,22062,CERAMIC BOWL WITH LOVE HEART DESIGN,36,2011-03-23 10:25:00,0.0,13239,United Kingdom,False,False,True
547444,POST,POSTAGE,1,2011-03-23 10:55:00,1.0,12811,Portugal,False,False,False
547487,84596E,,-153,2011-03-23 11:29:00,0.0,,United Kingdom,True,False,True
547492,POST,POSTAGE,1,2011-03-23 12:06:00,18.0,12604,France,False,False,False
547493,POST,POSTAGE,9,2011-03-23 12:06:00,40.0,12818,Austria,False,False,False
547504,POST,POSTAGE,8,2011-03-23 13:33:00,18.0,12683,France,False,False,False
547505,22198,,-9,2011-03-23 13:36:00,0.0,,United Kingdom,True,False,True
547506,21538,,-2,2011-03-23 13:38:00,0.0,,United Kingdom,True,False,True
547517,POST,POSTAGE,3,2011-03-23 14:33:00,15.0,12395,Belgium,False,False,False
547520,POST,POSTAGE,3,2011-03-23 14:55:00,18.0,12564,France,False,False,False
547522,21717,,5,2011-03-23 15:02:00,0.0,,United Kingdom,True,False,True
547523,85197,,5,2011-03-23 15:03:00,0.0,,United Kingdom,True,False,True
547524,22451,,4,2011-03-23 15:03:00,0.0,,United Kingdom,True,False,True
547525,21258,,3,2011-03-23 15:04:00,0.0,,United Kingdom,True,False,True
547526,22627,,3,2011-03-23 15:04:00,0.0,,United Kingdom,True,False,True
547527,21826,,2,2011-03-23 15:04:00,0.0,,United Kingdom,True,False,True
547528,84840,,2,2011-03-23 15:05:00,0.0,,United Kingdom,True,False,True
547529,21841,,1,2011-03-23 15:05:00,0.0,,United Kingdom,True,False,True
547530,22764,,3,2011-03-23 15:05:00,0.0,,United Kingdom,True,False,True
547531,82605,,1,2011-03-23 15:06:00,0.0,,United Kingdom,True,False,True
547532,84227,,1,2011-03-23 15:06:00,0.0,,United Kingdom,True,False,True
547533,84968B,,2,2011-03-23 15:06:00,0.0,,United Kingdom,True,False,True
547534,90084,,1,2011-03-23 15:06:00,0.0,,United Kingdom,True,False,True
547536,90005A,,1,2011-03-23 15:07:00,0.0,,United Kingdom,True,False,True
547547,DOT,DOTCOM POSTAGE,1,2011-03-23 15:30:00,115.42,,United Kingdom,True,False,False
547551,DOT,DOTCOM POSTAGE,1,2011-03-23 15:55:00,128.25,,United Kingdom,True,False,False
547552,DOT,DOTCOM POSTAGE,1,2011-03-23 15:55:00,169.29,,United Kingdom,True,False,False
547557,22866,,2,2011-03-23 16:53:00,0.0,,United Kingdom,True,False,True
547559,72759,thrown away-can't sell.,-524,2011-03-23 17:27:00,0.0,,United Kingdom,True,False,True
547560,72732,thrown away-can't sell,-2472,2011-03-23 17:28:00,0.0,,United Kingdom,True,False,True
547566,POST,POSTAGE,1,2011-03-24 09:42:00,27.0,12811,Portugal,False,False,False
547575,85025C,,144,2011-03-24 10:18:00,0.0,,United Kingdom,True,False,True
547593,20785,,-2,2011-03-24 11:18:00,0.0,,United Kingdom,True,False,True
547595,82483,,-12,2011-03-24 11:20:00,0.0,,United Kingdom,True,False,True
547596,84306,,-5,2011-03-24 11:20:00,0.0,,United Kingdom,True,False,True
547597,17011F,,-18,2011-03-24 11:21:00,0.0,,United Kingdom,True,False,True
547598,21332,,-25,2011-03-24 11:24:00,0.0,,United Kingdom,True,False,True
547599,21361,,-10,2011-03-24 11:24:00,0.0,,United Kingdom,True,False,True
547606,22173,,-22,2011-03-24 11:26:00,0.0,,United Kingdom,True,False,True
547611,84631,,-9,2011-03-24 11:26:00,0.0,,United Kingdom,True,False,True
547618,21547,,-12,2011-03-24 11:28:00,0.0,,United Kingdom,True,False,True
547626,20973,,60,2011-03-24 11:30:00,0.0,,United Kingdom,True,False,True
547645,POST,POSTAGE,1,2011-03-24 11:40:00,40.0,12676,Sweden,False,False,False
547646,84849D,,-80,2011-03-24 11:42:00,0.0,,United Kingdom,True,False,True
547673,47593A,found,13,2011-03-24 13:57:00,0.0,,United Kingdom,True,False,True
547684,POST,POSTAGE,5,2011-03-24 14:46:00,15.0,12408,Belgium,False,False,False
547696,35809B,,12,2011-03-24 16:07:00,0.0,,United Kingdom,True,False,True
547699,21143,,-32,2011-03-24 16:38:00,0.0,,United Kingdom,True,False,True
547700,21147,,-105,2011-03-24 16:39:00,0.0,,United Kingdom,True,False,True
547701,84559D,,-7,2011-03-24 16:42:00,0.0,,United Kingdom,True,False,True
547703,POST,POSTAGE,8,2011-03-24 17:10:00,28.0,12540,Spain,False,False,False
547704,21621,rcvd be air temp fix for dotcom sit,100,2011-03-24 17:51:00,0.0,,United Kingdom,True,False,True
547715,POST,POSTAGE,2,2011-03-25 08:50:00,18.0,12520,Germany,False,False,False
547722,POST,POSTAGE,3,2011-03-25 10:19:00,18.0,12553,France,False,False,False
547788,DOT,DOTCOM POSTAGE,1,2011-03-25 12:00:00,175.28,,United Kingdom,True,False,False
547790,POST,POSTAGE,3,2011-03-25 12:04:00,28.0,12545,Spain,False,False,False
547796,POST,POSTAGE,9,2011-03-25 12:34:00,15.0,14646,Netherlands,False,False,False
547810,M,Manual,1,2011-03-25 14:00:00,0.85,,United Kingdom,True,False,False
547813,84840,,1,2011-03-25 14:11:00,0.0,,United Kingdom,True,False,True
547815,POST,POSTAGE,1,2011-03-25 14:19:00,40.0,13520,Switzerland,False,False,False
547821,POST,POSTAGE,4,2011-03-25 14:50:00,18.0,12621,Germany,False,False,False
547822,POST,POSTAGE,16,2011-03-25 14:53:00,18.0,12668,Germany,False,False,False
547825,POST,POSTAGE,1,2011-03-25 15:01:00,15.0,12778,Netherlands,False,False,False
547827,22444,,82,2011-03-25 15:10:00,0.0,,United Kingdom,True,False,True
547830,DOT,DOTCOM POSTAGE,1,2011-03-25 15:50:00,220.71,,United Kingdom,True,False,False
547863,POST,POSTAGE,2,2011-03-27 13:07:00,18.0,12728,France,False,False,False
547873,M,Manual,1,2011-03-27 15:33:00,14.95,13240,United Kingdom,False,False,False
547892,POST,POSTAGE,6,2011-03-28 10:15:00,18.0,12669,France,False,False,False
547897,POST,POSTAGE,2,2011-03-28 11:36:00,28.0,12792,Portugal,False,False,False
C547899,POST,POSTAGE,-1,2011-03-28 11:51:00,55.89,,United Kingdom,True,True,False
C547899,M,Manual,-1,2011-03-28 11:51:00,1486.12,,United Kingdom,True,True,False
547901,AMAZONFEE,AMAZON FEE,1,2011-03-28 11:57:00,219.76,,United Kingdom,True,False,False
C547904,AMAZONFEE,AMAZON FEE,-1,2011-03-28 12:02:00,219.76,,United Kingdom,True,True,False
C547905,POST,POSTAGE,-1,2011-03-28 12:10:00,18.66,,United Kingdom,True,True,False
C547905,M,Manual,-1,2011-03-28 12:10:00,416.75,,United Kingdom,True,True,False
547906,M,Manual,2,2011-03-28 12:13:00,0.5,14410,United Kingdom,False,False,False
C547908,M,Manual,-1,2011-03-28 12:18:00,646.46,,United Kingdom,True,True,False
C547908,POST,POSTAGE,-1,2011-03-28 12:18:00,38.45,,United Kingdom,True,True,False
C547913,POST,POSTAGE,-1,2011-03-28 12:34:00,13.39,,United Kingdom,True,True,False
C547913,M,Manual,-1,2011-03-28 12:34:00,325.0,,United Kingdom,True,True,False
547914,POST,POSTAGE,1,2011-03-28 12:35:00,18.0,12594,Italy,False,False,False
C547915,POST,POSTAGE,-1,2011-03-28 12:37:00,29.7,,United Kingdom,True,True,False
C547915,M,Manual,-1,2011-03-28 12:37:00,165.29,,United Kingdom,True,True,False
547916,22459,,-36,2011-03-28 12:46:00,0.0,,United Kingdom,True,False,True
547917,21898,,6,2011-03-28 12:46:00,0.0,,United Kingdom,True,False,True
547925,POST,POSTAGE,4,2011-03-28 13:57:00,18.0,12481,Germany,False,False,False
547927,37444C,,5,2011-03-28 13:59:00,0.0,,United Kingdom,True,False,True
547928,37444B,,1,2011-03-28 14:00:00,0.0,,United Kingdom,True,False,True
547929,21393,,3,2011-03-28 14:00:00,0.0,,United Kingdom,True,False,True
C547930,POST,POSTAGE,-1,2011-03-28 14:00:00,18.0,12594,Italy,False,True,False
547931,POST,POSTAGE,1,2011-03-28 14:01:00,28.0,12594,Italy,False,False,False
547932,85197,,24,2011-03-28 14:01:00,0.0,,United Kingdom,True,False,True
547933,21445,,1,2011-03-28 14:02:00,0.0,,United Kingdom,True,False,True
547934,POST,POSTAGE,1,2011-03-28 14:07:00,18.0,12474,Germany,False,False,False
547941,POST,POSTAGE,1,2011-03-28 14:46:00,150.0,16692,United Kingdom,False,False,False
547943,21357,,1,2011-03-28 14:58:00,0.0,,United Kingdom,True,False,True
547948,71038,,167,2011-03-28 15:06:00,0.0,,United Kingdom,True,False,True
547950,35241,damages?,-40,2011-03-28 15:11:00,0.0,,United Kingdom,True,False,True
547957,20713,,32,2011-03-28 15:16:00,0.0,,United Kingdom,True,False,True
547959,20713,,23,2011-03-28 15:19:00,0.0,,United Kingdom,True,False,True
547964,DOT,DOTCOM POSTAGE,1,2011-03-28 15:45:00,184.6,,United Kingdom,True,False,False
547966,DOT,,1000,2011-03-28 15:49:00,0.0,,United Kingdom,True,False,False
547967,DOT,DOTCOM POSTAGE,1,2011-03-28 15:49:00,229.79,,United Kingdom,True,False,False
547989,21621,re dotcom quick fix.,-100,2011-03-29 09:36:00,0.0,,United Kingdom,True,False,True
547994,21228,,-7,2011-03-29 10:18:00,0.0,,United Kingdom,True,False,True
547995,35823P,,-12,2011-03-29 10:20:00,0.0,,United Kingdom,True,False,True
547996,84534B,,-10,2011-03-29 10:22:00,0.0,,United Kingdom,True,False,True
547997,20857,,-34,2011-03-29 10:22:00,0.0,,United Kingdom,True,False,True
547998,20854,,-2,2011-03-29 10:23:00,0.0,,United Kingdom,True,False,True
547999,20860,,-7,2011-03-29 10:24:00,0.0,,United Kingdom,True,False,True
548000,85224,,-7,2011-03-29 10:24:00,0.0,,United Kingdom,True,False,True
548001,22451,,11,2011-03-29 10:26:00,0.0,,United Kingdom,True,False,True
548002,21051,,-25,2011-03-29 10:27:00,0.0,,United Kingdom,True,False,True
548008,21190,,-80,2011-03-29 10:52:00,0.0,,United Kingdom,True,False,True
548069,20713,,-22,2011-03-29 12:10:00,0.0,,United Kingdom,True,False,True
548095,20850,,-3,2011-03-29 12:17:00,0.0,,United Kingdom,True,False,True
548098,21283,,-15,2011-03-29 12:17:00,0.0,,United Kingdom,True,False,True
548104,84854,,-3,2011-03-29 12:18:00,0.0,,United Kingdom,True,False,True
548110,21911,,-27,2011-03-29 12:20:00,0.0,,United Kingdom,True,False,True
548149,72821,,-2,2011-03-29 12:36:00,0.0,,United Kingdom,True,False,True
548161,20734,,2,2011-03-29 13:40:00,0.0,,United Kingdom,True,False,True
548163,DOT,DOTCOM POSTAGE,1,2011-03-29 13:43:00,231.79,,United Kingdom,True,False,False
548164,DOT,DOTCOM POSTAGE,1,2011-03-29 13:44:00,173.42,,United Kingdom,True,False,False
548165,DOT,DOTCOM POSTAGE,1,2011-03-29 13:44:00,142.83,,United Kingdom,True,False,False
548166,DOT,DOTCOM POSTAGE,1,2011-03-29 13:45:00,180.17,,United Kingdom,True,False,False
548167,DOT,DOTCOM POSTAGE,1,2011-03-29 13:45:00,181.88,,United Kingdom,True,False,False
548168,DOT,DOTCOM POSTAGE,1,2011-03-29 13:46:00,144.75,,United Kingdom,True,False,False
548173,85067,,-3,2011-03-29 14:17:00,0.0,,United Kingdom,True,False,True
548175,46115B,,-2,2011-03-29 14:19:00,0.0,,United Kingdom,True,False,True
548191,DOT,DOTCOM POSTAGE,1,2011-03-29 15:20:00,23.53,,United Kingdom,True,False,False
548194,DOT,DOTCOM POSTAGE,1,2011-03-29 15:30:00,226.92,,United Kingdom,True,False,False
548195,79321,,27,2011-03-29 15:36:00,0.0,,United Kingdom,True,False,True
548203,M,Manual,1,2011-03-29 16:41:00,238.12,,United Kingdom,True,False,False
548205,21614,,48,2011-03-29 16:51:00,0.0,,United Kingdom,True,False,True
548206,22469,,-53,2011-03-29 16:56:00,0.0,,United Kingdom,True,False,True
548207,20713,,25,2011-03-29 17:11:00,0.0,,United Kingdom,True,False,True
548209,21621,,-30,2011-03-29 17:21:00,0.0,,United Kingdom,True,False,True
548212,POST,POSTAGE,4,2011-03-30 09:12:00,40.0,12456,Switzerland,False,False,False
548219,POST,POSTAGE,1,2011-03-30 09:46:00,3.95,,United Kingdom,True,False,False
548220,79321,,14,2011-03-30 09:47:00,0.0,,United Kingdom,True,False,True
548221,85049B,,1,2011-03-30 09:47:00,0.0,,United Kingdom,True,False,True
548224,47593A,,2,2011-03-30 10:23:00,0.0,,United Kingdom,True,False,True
548227,90099,,-19,2011-03-30 10:24:00,0.0,,United Kingdom,True,False,True
548261,90104,,2,2011-03-30 11:19:00,0.0,,United Kingdom,True,False,True
548269,22036,,-45,2011-03-30 11:35:00,0.0,,United Kingdom,True,False,True
548286,10002,,180,2011-03-30 11:47:00,0.0,,United Kingdom,True,False,True
548318,22055,MINI CAKE STAND  HANGING STRAWBERY,5,2011-03-30 12:45:00,0.0,13113,United Kingdom,False,False,True
548320,POST,POSTAGE,2,2011-03-30 12:54:00,18.0,12709,Germany,False,False,False
548327,M,Manual,1,2011-03-30 13:05:00,1.65,16788,United Kingdom,False,False,False
548328,21527,,-21,2011-03-30 13:11:00,0.0,,United Kingdom,True,False,True
548339,21827,,-42,2011-03-30 14:08:00,0.0,,United Kingdom,True,False,True
C548350,POST,POSTAGE,-1,2011-03-30 14:49:00,2.7,15648,United Kingdom,False,True,False
548363,POST,POSTAGE,10,2011-03-30 15:48:00,40.0,12428,Finland,False,False,False
548364,21095,,53,2011-03-30 15:49:00,0.0,,United Kingdom,True,False,True
548365,79172D,,-7,2011-03-30 15:49:00,0.0,,United Kingdom,True,False,True
548366,84678,,-33,2011-03-30 15:50:00,0.0,,United Kingdom,True,False,True
548369,84683,,-6,2011-03-30 16:00:00,0.0,,United Kingdom,True,False,True
548373,DOT,DOTCOM POSTAGE,1,2011-03-30 16:34:00,299.76,,United Kingdom,True,False,False
548376,22533,,-80,2011-03-30 16:39:00,0.0,,United Kingdom,True,False,True
548377,85016,,-46,2011-03-30 16:40:00,0.0,,United Kingdom,True,False,True
548378,22052,,-75,2011-03-30 16:41:00,0.0,,United Kingdom,True,False,True
548379,20702,,11,2011-03-30 16:41:00,0.0,,United Kingdom,True,False,True
548380,22127,Dotcom sold in 6's,-60,2011-03-30 16:44:00,0.0,,United Kingdom,True,False,True
548381,22127,sold in set?,-690,2011-03-30 16:45:00,0.0,,United Kingdom,True,False,True
548382,84898F,,-2,2011-03-30 16:46:00,0.0,,United Kingdom,True,False,True
548383,84906,,5,2011-03-30 16:46:00,0.0,,United Kingdom,True,False,True
548385,22168,,-19,2011-03-30 16:47:00,0.0,,United Kingdom,True,False,True
548394,82494L,cracked,-39,2011-03-30 17:18:00,0.0,,United Kingdom,True,False,True
548395,22194,,-9,2011-03-30 17:20:00,0.0,,United Kingdom,True,False,True
548396,22719,sold as 22467,-25,2011-03-30 17:21:00,0.0,,United Kingdom,True,False,True
548397,21195,,-30,2011-03-30 17:23:00,0.0,,United Kingdom,True,False,True
548398,22482,,-66,2011-03-30 17:24:00,0.0,,United Kingdom,True,False,True
548399,15030,,150,2011-03-30 17:25:00,0.0,,United Kingdom,True,False,True
548402,21040,,-5,2011-03-31 09:26:00,0.0,,United Kingdom,True,False,True
C548411,D,Discount,-1,2011-03-31 10:36:00,162.24,13316,United Kingdom,False,True,False
548412,POST,POSTAGE,1,2011-03-31 10:38:00,18.0,12601,Germany,False,False,False
C548454,M,Manual,-1,2011-03-31 11:42:00,5.7,16422,United Kingdom,False,True,False
C548454,M,Manual,-1,2011-03-31 11:42:00,7.88,16422,United Kingdom,False,True,False
C548454,M,Manual,-1,2011-03-31 11:42:00,0.22,16422,United Kingdom,False,True,False
C548454,M,Manual,-1,2011-03-31 11:42:00,57.6,16422,United Kingdom,False,True,False
C548456,M,Manual,-1,2011-03-31 11:49:00,57.6,16422,United Kingdom,False,True,False
548461,M,Manual,2,2011-03-31 12:08:00,0.5,14527,United Kingdom,False,False,False
C548462,D,Discount,-1,2011-03-31 12:11:00,14.52,14527,United Kingdom,False,True,False
C548469,M,Manual,-1,2011-03-31 12:32:00,12.75,14543,United Kingdom,False,True,False
C548469,M,Manual,-2,2011-03-31 12:32:00,10.95,14543,United Kingdom,False,True,False
548470,POST,POSTAGE,2,2011-03-31 12:36:00,28.0,12782,Portugal,False,False,False
548504,DOT,DOTCOM POSTAGE,1,2011-03-31 14:33:00,274.75,,United Kingdom,True,False,False
548505,DOT,DOTCOM POSTAGE,1,2011-03-31 14:34:00,236.88,,United Kingdom,True,False,False
548514,DOT,DOTCOM POSTAGE,1,2011-03-31 16:03:00,282.88,,United Kingdom,True,False,False
548515,M,Manual,3,2011-03-31 16:19:00,0.65,,United Kingdom,True,False,False
548516,DOT,DOTCOM POSTAGE,1,2011-03-31 16:28:00,197.3,,United Kingdom,True,False,False
548522,DOT,DOTCOM POSTAGE,1,2011-03-31 16:43:00,290.59,,United Kingdom,True,False,False
548535,90010A,,25,2011-03-31 17:33:00,0.0,,United Kingdom,True,False,True
548536,90010B,,-50,2011-03-31 17:34:00,0.0,,United Kingdom,True,False,True
548537,90173,,-28,2011-03-31 17:35:00,0.0,,United Kingdom,True,False,True
548538,90082B,,3,2011-03-31 17:36:00,0.0,,United Kingdom,True,False,True
548539,90005A,,2,2011-03-31 17:37:00,0.0,,United Kingdom,True,False,True
548540,90035A,,-9,2011-03-31 17:51:00,0.0,,United Kingdom,True,False,True
C548543,M,Manual,-12,2011-03-31 18:44:00,3.75,14525,United Kingdom,False,True,False
548568,M,Manual,1,2011-04-01 10:43:00,12.75,14543,United Kingdom,False,False,False
548568,M,Manual,2,2011-04-01 10:43:00,10.95,14543,United Kingdom,False,False,False
548615,16010,,-7,2011-04-01 11:47:00,0.0,,United Kingdom,True,False,True
548620,84313B,Damaged,-32,2011-04-01 11:53:00,0.0,,United Kingdom,True,False,True
548621,M,Manual,3,2011-04-01 11:54:00,0.65,16960,United Kingdom,False,False,False
548631,M,Manual,1,2011-04-01 12:24:00,1.0,13184,United Kingdom,False,False,False
548637,84596E,,5,2011-04-01 12:32:00,0.0,,United Kingdom,True,False,True
548638,21258,,4,2011-04-01 12:34:00,0.0,,United Kingdom,True,False,True
548639,22627,,1,2011-04-01 12:34:00,0.0,,United Kingdom,True,False,True
548646,21472,,-140,2011-04-01 13:15:00,0.0,,United Kingdom,True,False,True
548654,POST,POSTAGE,7,2011-04-01 13:47:00,18.0,12569,Germany,False,False,False
548661,POST,POSTAGE,1,2011-04-01 14:28:00,350.0,12415,Australia,False,False,False
548662,82494L,,-180,2011-04-01 14:31:00,0.0,,United Kingdom,True,False,True
548663,DOT,DOTCOM POSTAGE,1,2011-04-01 14:44:00,244.46,,United Kingdom,True,False,False
548675,85185D,,-2,2011-04-01 16:39:00,0.0,,United Kingdom,True,False,True
548676,72800F,,-5,2011-04-01 16:40:00,0.0,,United Kingdom,True,False,True
548677,72781,,-30,2011-04-01 16:40:00,0.0,,United Kingdom,True,False,True
548678,35015,,-9,2011-04-01 16:41:00,0.0,,United Kingdom,True,False,True
548679,72793,,-3,2011-04-01 16:42:00,0.0,,United Kingdom,True,False,True
548680,72800D,,-18,2011-04-01 16:43:00,0.0,,United Kingdom,True,False,True
548681,72800D,,3,2011-04-01 16:43:00,0.0,,United Kingdom,True,False,True
548682,72789,,-2,2011-04-01 16:44:00,0.0,,United Kingdom,True,False,True
548683,72801G,,47,2011-04-01 16:45:00,0.0,,United Kingdom,True,False,True
548684,72798C,,-2,2011-04-01 16:46:00,0.0,,United Kingdom,True,False,True
548685,85018B,,-2,2011-04-01 16:47:00,0.0,,United Kingdom,True,False,True
548693,22720,,-60,2011-04-01 17:25:00,0.0,,United Kingdom,True,False,True
548694,22720,,10,2011-04-01 17:28:00,0.0,,United Kingdom,True,False,True
548725,POST,POSTAGE,1,2011-04-04 09:08:00,134.0,12678,France,False,False,False
548737,POST,POSTAGE,4,2011-04-04 11:18:00,18.0,12682,France,False,False,False
548745,POST,POSTAGE,3,2011-04-04 12:10:00,18.0,12471,Germany,False,False,False
548813,M,Manual,1,2011-04-04 13:03:00,162.6,12744,Singapore,False,False,False
548813,M,Manual,1,2011-04-04 13:03:00,2382.92,12744,Singapore,False,False,False
548813,M,Manual,1,2011-04-04 13:03:00,239.3,12744,Singapore,False,False,False
548813,M,Manual,1,2011-04-04 13:03:00,1252.95,12744,Singapore,False,False,False
548820,M,Manual,1,2011-04-04 13:04:00,2053.07,12744,Singapore,False,False,False
C548830,M,Manual,-1,2011-04-04 13:08:00,162.6,12744,Singapore,False,True,False
C548830,M,Manual,-1,2011-04-04 13:08:00,2382.92,12744,Singapore,False,True,False
C548830,M,Manual,-1,2011-04-04 13:08:00,239.3,12744,Singapore,False,True,False
C548830,M,Manual,-1,2011-04-04 13:08:00,1252.95,12744,Singapore,False,True,False
C548834,M,Manual,-1,2011-04-04 13:09:00,2053.07,12744,Singapore,False,True,False
548860,M,Manual,1,2011-04-04 13:38:00,2.0,13263,United Kingdom,False,False,False
548871,22162,HEART GARLAND RUSTIC PADDED,2,2011-04-04 14:42:00,0.0,14410,United Kingdom,False,False,True
548886,85118,,-6,2011-04-04 15:23:00,0.0,,United Kingdom,True,False,True
548887,35824B,,-8,2011-04-04 15:24:00,0.0,,United Kingdom,True,False,True
548888,84726,,-14,2011-04-04 15:25:00,0.0,,United Kingdom,True,False,True
548889,84875A,,-17,2011-04-04 15:26:00,0.0,,United Kingdom,True,False,True
548890,84876C,,-19,2011-04-04 15:26:00,0.0,,United Kingdom,True,False,True
548893,DOT,DOTCOM POSTAGE,1,2011-04-04 15:54:00,336.52,,United Kingdom,True,False,False
548894,DOT,DOTCOM POSTAGE,1,2011-04-04 16:01:00,278.92,,United Kingdom,True,False,False
548897,47570B,,-70,2011-04-04 16:22:00,0.0,,United Kingdom,True,False,True
548913,M,Manual,1,2011-04-05 09:45:00,1136.3,12669,France,False,False,False
C548914,M,Manual,-1,2011-04-05 09:46:00,1136.3,12669,France,False,True,False
548955,POST,POSTAGE,1,2011-04-05 10:47:00,40.0,12348,Finland,False,False,False
548980,22114,,-194,2011-04-05 12:21:00,0.0,,United Kingdom,True,False,True
548986,21210,,-177,2011-04-05 12:46:00,0.0,,United Kingdom,True,False,True
548989,72799F,,-46,2011-04-05 13:19:00,0.0,,United Kingdom,True,False,True
548997,84507B,,20,2011-04-05 14:33:00,0.0,,United Kingdom,True,False,True
548998,84741C,,8,2011-04-05 14:34:00,0.0,,United Kingdom,True,False,True
548999,84743C,damages,-26,2011-04-05 14:34:00,0.0,,United Kingdom,True,False,True
549000,35972,,-45,2011-04-05 14:35:00,0.0,,United Kingdom,True,False,True
549001,84845D,,-5,2011-04-05 14:35:00,0.0,,United Kingdom,True,False,True
549002,21278,,17,2011-04-05 14:36:00,0.0,,United Kingdom,True,False,True
549003,21279,,14,2011-04-05 14:36:00,0.0,,United Kingdom,True,False,True
549004,21274,,-3,2011-04-05 14:37:00,0.0,,United Kingdom,True,False,True
549005,16020C,,-5,2011-04-05 14:37:00,0.0,,United Kingdom,True,False,True
549006,84508B,,-23,2011-04-05 14:38:00,0.0,,United Kingdom,True,False,True
549008,21281,,-31,2011-04-05 14:38:00,0.0,,United Kingdom,True,False,True
549009,21474,,-8,2011-04-05 14:39:00,0.0,,United Kingdom,True,False,True
549010,21684,,-62,2011-04-05 14:39:00,0.0,,United Kingdom,True,False,True
549011,62096B,,-8,2011-04-05 14:41:00,0.0,,United Kingdom,True,False,True
549023,DOT,DOTCOM POSTAGE,1,2011-04-05 16:27:00,185.28,,United Kingdom,True,False,False
549028,84569A,,-18,2011-04-05 17:02:00,0.0,,United Kingdom,True,False,True
549029,84569B,,-17,2011-04-05 17:03:00,0.0,,United Kingdom,True,False,True
549030,84520B,,-61,2011-04-05 17:03:00,0.0,,United Kingdom,True,False,True
549031,10134,,-19,2011-04-05 17:04:00,0.0,,United Kingdom,True,False,True
549032,20778,,-6,2011-04-05 17:06:00,0.0,,United Kingdom,True,False,True
549033,16254,,-5,2011-04-05 17:08:00,0.0,,United Kingdom,True,False,True
549034,16248B,,2,2011-04-05 17:08:00,0.0,,United Kingdom,True,False,True
549035,72051S,,-15,2011-04-05 17:09:00,0.0,,United Kingdom,True,False,True
549036,84993B,,-54,2011-04-05 17:09:00,0.0,,United Kingdom,True,False,True
549037,84569C,,-37,2011-04-05 17:09:00,0.0,,United Kingdom,True,False,True
549038,84569D,,-70,2011-04-05 17:10:00,0.0,,United Kingdom,True,False,True
549042,21681,,-2,2011-04-05 17:24:00,0.0,,United Kingdom,True,False,True
549043,84990,,-24,2011-04-05 17:26:00,0.0,,United Kingdom,True,False,True
549100,21484,CHICK GREY HOT WATER BOTTLE,1,2011-04-06 11:14:00,0.0,,United Kingdom,True,False,True
549103,82494L,,167,2011-04-06 11:39:00,0.0,,United Kingdom,True,False,True
549132,20756,,-70,2011-04-06 15:22:00,0.0,,United Kingdom,True,False,True
549133,20759,,-52,2011-04-06 15:22:00,0.0,,United Kingdom,True,False,True
549134,20758,,-54,2011-04-06 15:22:00,0.0,,United Kingdom,True,False,True
549135,20760,,31,2011-04-06 15:23:00,0.0,,United Kingdom,True,False,True
549136,21414,,-3,2011-04-06 15:23:00,0.0,,United Kingdom,True,False,True
549137,84459B,,-7,2011-04-06 15:24:00,0.0,,United Kingdom,True,False,True
549138,22988,,12,2011-04-06 15:25:00,0.0,,United Kingdom,True,False,True
549139,22988,,-91,2011-04-06 15:26:00,0.0,,United Kingdom,True,False,True
549140,35819B,,7,2011-04-06 15:26:00,0.0,,United Kingdom,True,False,True
549141,35819B,,70,2011-04-06 15:26:00,0.0,,United Kingdom,True,False,True
549142,35650,,-24,2011-04-06 15:26:00,0.0,,United Kingdom,True,False,True
549143,84597C,,-17,2011-04-06 15:27:00,0.0,,United Kingdom,True,False,True
549144,21416,,-14,2011-04-06 15:28:00,0.0,,United Kingdom,True,False,True
549145,21421,,26,2011-04-06 15:28:00,0.0,,United Kingdom,True,False,True
549146,85017A,,-10,2011-04-06 15:29:00,0.0,,United Kingdom,True,False,True
549147,20773,,-4,2011-04-06 15:30:00,0.0,,United Kingdom,True,False,True
549149,35649,,-43,2011-04-06 15:31:00,0.0,,United Kingdom,True,False,True
549150,79336,,-47,2011-04-06 15:32:00,0.0,,United Kingdom,True,False,True
549151,21664,,20,2011-04-06 15:33:00,0.0,,United Kingdom,True,False,True
549155,DOT,DOTCOM POSTAGE,1,2011-04-06 17:08:00,187.21,,United Kingdom,True,False,False
549156,17013D,,-9,2011-04-06 17:11:00,0.0,,United Kingdom,True,False,True
549157,21511,,-9,2011-04-06 17:13:00,0.0,,United Kingdom,True,False,True
549158,21910,,-1,2011-04-06 17:13:00,0.0,,United Kingdom,True,False,True
549159,22052,,-25,2011-04-06 17:14:00,0.0,,United Kingdom,True,False,True
549160,81953P,,-7,2011-04-06 17:15:00,0.0,,United Kingdom,True,False,True
549161,21518,,-31,2011-04-06 17:15:00,0.0,,United Kingdom,True,False,True
549163,84247L,,8,2011-04-06 17:18:00,0.0,,United Kingdom,True,False,True
549164,16169P,,-75,2011-04-06 17:20:00,0.0,,United Kingdom,True,False,True
549165,35815P,,-63,2011-04-06 17:20:00,0.0,,United Kingdom,True,False,True
549166,44265,,3,2011-04-06 17:21:00,0.0,,United Kingdom,True,False,True
549167,84846A,,-8,2011-04-06 17:24:00,0.0,,United Kingdom,True,False,True
549168,21161,,-10,2011-04-06 17:24:00,0.0,,United Kingdom,True,False,True
549170,82545A,,-4,2011-04-06 17:25:00,0.0,,United Kingdom,True,False,True
549171,84251F,,-2,2011-04-06 17:26:00,0.0,,United Kingdom,True,False,True
549172,21637,,-139,2011-04-06 17:27:00,0.0,,United Kingdom,True,False,True
549173,84218,,-2,2011-04-06 17:28:00,0.0,,United Kingdom,True,False,True
549174,21160,,-7,2011-04-06 17:30:00,0.0,,United Kingdom,True,False,True
549175,21171,,-30,2011-04-06 17:30:00,0.0,,United Kingdom,True,False,True
549176,35603B,,-12,2011-04-06 17:31:00,0.0,,United Kingdom,True,False,True
549177,20821,,9,2011-04-06 17:32:00,0.0,,United Kingdom,True,False,True
549178,47502,,-19,2011-04-06 17:33:00,0.0,,United Kingdom,True,False,True
549179,84007,,-3,2011-04-06 17:34:00,0.0,,United Kingdom,True,False,True
549180,84522,,-30,2011-04-06 17:34:00,0.0,,United Kingdom,True,False,True
C549184,POST,POSTAGE,-1,2011-04-07 09:28:00,40.0,12428,Finland,False,True,False
549193,POST,POSTAGE,2,2011-04-07 10:24:00,18.0,12580,Germany,False,False,False
549244,79331,,-3,2011-04-07 11:53:00,0.0,,United Kingdom,True,False,True
549245,M,Manual,2,2011-04-07 11:59:00,0.85,15005,United Kingdom,False,False,False
549249,POST,POSTAGE,2,2011-04-07 12:04:00,15.0,12423,Belgium,False,False,False
549264,21337,,-21,2011-04-07 12:45:00,0.0,,United Kingdom,True,False,True
549266,84593,,-5,2011-04-07 12:45:00,0.0,,United Kingdom,True,False,True
549267,46037A,,-5,2011-04-07 12:46:00,0.0,,United Kingdom,True,False,True
549268,84856S,,-7,2011-04-07 12:47:00,0.0,,United Kingdom,True,False,True
549270,84856L,,-27,2011-04-07 12:48:00,0.0,,United Kingdom,True,False,True
549271,62096B,,-2,2011-04-07 12:48:00,0.0,,United Kingdom,True,False,True
549274,POST,POSTAGE,3,2011-04-07 13:07:00,18.0,12721,France,False,False,False
549295,DOT,DOTCOM POSTAGE,1,2011-04-07 19:49:00,252.57,,United Kingdom,True,False,False
549325,POST,POSTAGE,2,2011-04-08 10:32:00,50.0,12717,Greece,False,False,False
549326,21738,,-5,2011-04-08 10:45:00,0.0,,United Kingdom,True,False,True
549327,84912A,,70,2011-04-08 10:46:00,0.0,,United Kingdom,True,False,True
549328,51008,,-110,2011-04-08 10:49:00,0.0,,United Kingdom,True,False,True
549329,84989A,,-1,2011-04-08 10:49:00,0.0,,United Kingdom,True,False,True
549330,84251J,,-28,2011-04-08 10:53:00,0.0,,United Kingdom,True,False,True
549331,40018F,,-22,2011-04-08 10:54:00,0.0,,United Kingdom,True,False,True
549332,84864A,,-2,2011-04-08 10:55:00,0.0,,United Kingdom,True,False,True
549340,20774,,-11,2011-04-08 11:02:00,0.0,,United Kingdom,True,False,True
549342,35818B,,-53,2011-04-08 11:06:00,0.0,,United Kingdom,True,False,True
549343,72815,,-3,2011-04-08 11:07:00,0.0,,United Kingdom,True,False,True
549344,21825,,-14,2011-04-08 11:08:00,0.0,,United Kingdom,True,False,True
549345,20748,,12,2011-04-08 11:10:00,0.0,,United Kingdom,True,False,True
549346,22033,,-50,2011-04-08 11:10:00,0.0,,United Kingdom,True,False,True
549347,35914,,10,2011-04-08 11:11:00,0.0,,United Kingdom,True,False,True
549348,84251B,,-60,2011-04-08 11:13:00,0.0,,United Kingdom,True,False,True
549349,10123G,,-38,2011-04-08 11:13:00,0.0,,United Kingdom,True,False,True
549350,84597B,,-13,2011-04-08 11:14:00,0.0,,United Kingdom,True,False,True
549351,85006,,-21,2011-04-08 11:14:00,0.0,,United Kingdom,True,False,True
549355,84899F,,-5,2011-04-08 11:21:00,0.0,,United Kingdom,True,False,True
549371,84921,,-17,2011-04-08 11:27:00,0.0,,United Kingdom,True,False,True
549373,85008,,-2,2011-04-08 11:28:00,0.0,,United Kingdom,True,False,True
549374,20775,,-29,2011-04-08 11:29:00,0.0,,United Kingdom,True,False,True
549375,20863,,-6,2011-04-08 11:29:00,0.0,,United Kingdom,True,False,True
549376,17014A,,11,2011-04-08 11:29:00,0.0,,United Kingdom,True,False,True
549426,22078,,-201,2011-04-08 11:55:00,0.0,,United Kingdom,True,False,True
549427,22797,damages,-12,2011-04-08 11:56:00,0.0,,United Kingdom,True,False,True
549434,POST,POSTAGE,4,2011-04-08 12:30:00,18.0,12647,Germany,False,False,False
C549452,D,Discount,-1,2011-04-08 14:17:00,1867.86,17940,United Kingdom,False,True,False
549453,84857C,,24,2011-04-08 14:18:00,0.0,,United Kingdom,True,False,True
549454,84858C,,46,2011-04-08 14:18:00,0.0,,United Kingdom,True,False,True
549455,84858C,,-10,2011-04-08 14:18:00,0.0,,United Kingdom,True,False,True
549456,47341A,,-6,2011-04-08 14:19:00,0.0,,United Kingdom,True,False,True
549457,47344B,,-16,2011-04-08 14:19:00,0.0,,United Kingdom,True,False,True
549458,62097B,,-6,2011-04-08 14:19:00,0.0,,United Kingdom,True,False,True
549459,62043B,,7,2011-04-08 14:20:00,0.0,,United Kingdom,True,False,True
549460,20716,,-82,2011-04-08 14:20:00,0.0,,United Kingdom,True,False,True
549461,20731,,-16,2011-04-08 14:20:00,0.0,,United Kingdom,True,False,True
549462,84910A,,-16,2011-04-08 14:21:00,0.0,,United Kingdom,True,False,True
549463,84919,,-17,2011-04-08 14:21:00,0.0,,United Kingdom,True,False,True
549464,20701,,-6,2011-04-08 14:21:00,0.0,,United Kingdom,True,False,True
549465,84415B,,-5,2011-04-08 14:22:00,0.0,,United Kingdom,True,False,True
549466,20816,,-11,2011-04-08 14:22:00,0.0,,United Kingdom,True,False,True
549468,M,Manual,1,2011-04-08 14:27:00,1867.86,17940,United Kingdom,False,False,False
549470,46775D,,-8,2011-04-08 14:28:00,0.0,,United Kingdom,True,False,True
549489,85146,,8,2011-04-08 15:05:00,0.0,,United Kingdom,True,False,True
549492,21736,,5,2011-04-08 15:06:00,0.0,,United Kingdom,True,False,True
549494,22168,,6,2011-04-08 15:06:00,0.0,,United Kingdom,True,False,True
549497,21527,,3,2011-04-08 15:06:00,0.0,,United Kingdom,True,False,True
549498,22847,,1,2011-04-08 15:06:00,0.0,,United Kingdom,True,False,True
549500,79321,,1,2011-04-08 15:06:00,0.0,,United Kingdom,True,False,True
549502,84459B,,1,2011-04-08 15:07:00,0.0,,United Kingdom,True,False,True
549506,22415,,-31,2011-04-08 15:07:00,0.0,,United Kingdom,True,False,True
549510,84559B,,-158,2011-04-08 15:08:00,0.0,,United Kingdom,True,False,True
549514,20820,,-3,2011-04-08 15:09:00,0.0,,United Kingdom,True,False,True
549524,DCGSSGIRL,GIRLS PARTY BAG,1,2011-04-08 15:42:00,3.29,,United Kingdom,True,False,False
549524,DOT,DOTCOM POSTAGE,1,2011-04-08 15:42:00,183.2,,United Kingdom,True,False,False
549525,DOT,DOTCOM POSTAGE,1,2011-04-08 15:44:00,134.66,,United Kingdom,True,False,False
549527,21620,mystery! Only ever imported 1800,-1479,2011-04-08 16:03:00,0.0,,United Kingdom,True,False,True
549528,21422,,-55,2011-04-08 16:44:00,0.0,,United Kingdom,True,False,True
549529,21830,"MERCHANT CHANDLER CREDIT ERROR, STO",-576,2011-04-08 16:56:00,0.0,,United Kingdom,True,False,True
549531,21622,POSSIBLE DAMAGES OR LOST?,-750,2011-04-08 17:05:00,0.0,,United Kingdom,True,False,True
C549532,POST,POSTAGE,-1,2011-04-08 17:07:00,7.06,16217,United Kingdom,False,True,False
549559,POST,POSTAGE,3,2011-04-10 13:25:00,15.0,12447,Belgium,False,False,False
549588,POST,POSTAGE,3,2011-04-11 10:04:00,40.0,12428,Finland,False,False,False
549680,POST,POSTAGE,2,2011-04-11 13:02:00,18.0,12701,Germany,False,False,False
549682,POST,POSTAGE,2,2011-04-11 13:22:00,28.0,12596,Spain,False,False,False
549684,S,SAMPLES,1,2011-04-11 13:24:00,30.0,,United Kingdom,True,False,False
549689,POST,POSTAGE,1,2011-04-11 13:40:00,4.95,15971,United Kingdom,False,False,False
549695,84751B,,-24,2011-04-11 13:50:00,0.0,,United Kingdom,True,False,True
549717,BANK CHARGES,Bank Charges,1,2011-04-11 14:56:00,15.0,14606,United Kingdom,False,False,False
549730,M,Manual,1,2011-04-11 16:35:00,1.5,15867,United Kingdom,False,False,False
549739,M,Manual,1,2011-04-12 09:35:00,308.82,15935,United Kingdom,False,False,False
549825,POST,POSTAGE,2,2011-04-12 12:47:00,18.0,12463,Belgium,False,False,False
C549827,POST,POSTAGE,-2,2011-04-12 12:55:00,3.0,12463,Belgium,False,True,False
549846,21100,Damaged,-6,2011-04-12 14:30:00,0.0,,United Kingdom,True,False,True
549848,84531A,,-34,2011-04-12 14:51:00,0.0,,United Kingdom,True,False,True
549849,84531B,,-23,2011-04-12 14:51:00,0.0,,United Kingdom,True,False,True
C549930,M,Manual,-1,2011-04-13 10:36:00,15.05,16454,United Kingdom,False,True,False
C549931,M,Manual,-1,2011-04-13 10:40:00,97.35,,United Kingdom,True,True,False
549935,35915C,damaged,-43,2011-04-13 11:16:00,0.0,,United Kingdom,True,False,True
C549945,POST,POSTAGE,-1,2011-04-13 12:39:00,5.95,18270,United Kingdom,False,True,False
549948,37488A,damaged,-1,2011-04-13 12:55:00,0.0,,United Kingdom,True,False,True
549950,37487B,Damaged,-6,2011-04-13 12:57:00,0.0,,United Kingdom,True,False,True
549952,37482P,Damaged,-93,2011-04-13 13:05:00,0.0,,United Kingdom,True,False,True
549981,M,Manual,6,2011-04-13 15:49:00,0.39,16348,United Kingdom,False,False,False
549989,M,Manual,1,2011-04-13 16:58:00,2.55,13221,United Kingdom,False,False,False
550002,POST,POSTAGE,1,2011-04-14 09:30:00,18.0,12709,Germany,False,False,False
550004,POST,POSTAGE,4,2011-04-14 09:56:00,18.0,12569,Germany,False,False,False
C550009,M,Manual,-1,2011-04-14 10:24:00,57.6,16422,United Kingdom,False,True,False
550133,85099F,,-1092,2011-04-14 13:49:00,0.0,,United Kingdom,True,False,True
550145,POST,POSTAGE,3,2011-04-14 14:15:00,18.0,12637,France,False,False,False
C550147,POST,POSTAGE,-3,2011-04-14 14:23:00,18.0,12637,France,False,True,False
550153,85167B,DAMAGED,-1,2011-04-14 14:44:00,0.0,,United Kingdom,True,False,True
550162,POST,POSTAGE,2,2011-04-14 16:23:00,18.0,12569,Germany,False,False,False
550178,POST,POSTAGE,2,2011-04-14 17:25:00,18.0,12662,Germany,False,False,False
550187,POST,POSTAGE,2,2011-04-14 18:40:00,18.0,13811,Germany,False,False,False
550188,POST,POSTAGE,3,2011-04-14 18:57:00,40.0,12457,Switzerland,False,False,False
550188,22636,CHILDS BREAKFAST SET CIRCUS PARADE,1,2011-04-14 18:57:00,0.0,12457,Switzerland,False,False,True
550192,POST,POSTAGE,3,2011-04-15 08:45:00,40.0,12582,Finland,False,False,False
550193,PADS,PADS TO MATCH ALL CUSHIONS,1,2011-04-15 09:27:00,0.001,13952,United Kingdom,False,False,False
550203,DOT,DOTCOM POSTAGE,1,2011-04-15 10:37:00,77.96,,United Kingdom,True,False,False
550204,DOT,DOTCOM POSTAGE,1,2011-04-15 10:37:00,74.75,,United Kingdom,True,False,False
550205,DOT,DOTCOM POSTAGE,1,2011-04-15 10:37:00,137.08,,United Kingdom,True,False,False
550206,DOT,DOTCOM POSTAGE,1,2011-04-15 10:38:00,155.33,,United Kingdom,True,False,False
550207,DOT,DOTCOM POSTAGE,1,2011-04-15 10:38:00,145.46,,United Kingdom,True,False,False
550208,DOT,DOTCOM POSTAGE,1,2011-04-15 10:39:00,210.42,,United Kingdom,True,False,False
550209,DOT,DOTCOM POSTAGE,1,2011-04-15 10:39:00,164.33,,United Kingdom,True,False,False
550210,DOT,DOTCOM POSTAGE,1,2011-04-15 10:40:00,202.42,,United Kingdom,True,False,False
550211,DOT,DOTCOM POSTAGE,1,2011-04-15 10:41:00,110.92,,United Kingdom,True,False,False
550212,DOT,DOTCOM POSTAGE,1,2011-04-15 10:41:00,106.04,,United Kingdom,True,False,False
550213,DOT,DOTCOM POSTAGE,1,2011-04-15 10:42:00,105.21,,United Kingdom,True,False,False
550214,DOT,DOTCOM POSTAGE,1,2011-04-15 10:43:00,175.13,,United Kingdom,True,False,False
550215,DOT,DOTCOM POSTAGE,1,2011-04-15 10:43:00,213.08,,United Kingdom,True,False,False
550277,POST,POSTAGE,3,2011-04-15 12:48:00,40.0,12639,Sweden,False,False,False
550281,POST,POSTAGE,1,2011-04-15 13:48:00,40.0,12457,Switzerland,False,False,False
550284,POST,POSTAGE,1,2011-04-15 14:10:00,15.0,12383,Belgium,False,False,False
550313,POST,POSTAGE,2,2011-04-17 11:21:00,18.0,12681,France,False,False,False
550354,M,Manual,1,2011-04-18 10:28:00,222.75,13811,Germany,False,False,False
C550355,M,Manual,-1,2011-04-18 10:29:00,222.75,13811,Germany,False,True,False
C550365,POST,POSTAGE,-1,2011-04-18 11:31:00,11.0,12731,France,False,True,False
550440,POST,POSTAGE,2,2011-04-18 12:25:00,15.0,12407,Belgium,False,False,False
550458,DCGSSBOY,BOYS PARTY BAG,1,2011-04-18 13:13:00,3.29,,United Kingdom,True,False,False
550458,DOT,DOTCOM POSTAGE,1,2011-04-18 13:13:00,156.45,,United Kingdom,True,False,False
550460,47556B,did  a credit  and did not tick ret,1300,2011-04-18 13:18:00,0.0,,United Kingdom,True,False,True
550469,M,Manual,18,2011-04-18 13:46:00,0.1,16399,United Kingdom,False,False,False
550470,DOT,DOTCOM POSTAGE,1,2011-04-18 13:49:00,2.29,,United Kingdom,True,False,False
550471,DOT,DOTCOM POSTAGE,1,2011-04-18 13:52:00,28.66,,United Kingdom,True,False,False
550474,DOT,DOTCOM POSTAGE,1,2011-04-18 13:58:00,46.86,,United Kingdom,True,False,False
550488,M,Manual,4,2011-04-18 14:27:00,0.83,16729,United Kingdom,False,False,False
550496,DOT,DOTCOM POSTAGE,1,2011-04-18 15:05:00,84.21,,United Kingdom,True,False,False
550499,DOT,DOTCOM POSTAGE,1,2011-04-18 15:16:00,148.67,,United Kingdom,True,False,False
550500,DOT,DOTCOM POSTAGE,1,2011-04-18 15:26:00,222.02,,United Kingdom,True,False,False
550501,35915C,,30,2011-04-18 15:28:00,0.0,,United Kingdom,True,False,True
550502,84535A,,320,2011-04-18 15:29:00,0.0,,United Kingdom,True,False,True
550513,M,Manual,1,2011-04-18 16:37:00,7.95,16928,United Kingdom,False,False,False
550527,POST,POSTAGE,11,2011-04-19 10:48:00,18.0,12476,Germany,False,False,False
C550529,M,Manual,-1,2011-04-19 10:49:00,158.21,18102,United Kingdom,False,True,False
C550540,POST,POSTAGE,-1,2011-04-19 11:31:00,3.82,14339,United Kingdom,False,True,False
550541,DOT,DOTCOM POSTAGE,1,2011-04-19 11:33:00,187.1,,United Kingdom,True,False,False
550542,DOT,DOTCOM POSTAGE,1,2011-04-19 11:37:00,176.52,,United Kingdom,True,False,False
550620,POST,POSTAGE,6,2011-04-19 13:39:00,18.0,12585,Germany,False,False,False
550625,POST,POSTAGE,2,2011-04-19 14:02:00,18.0,12619,Germany,False,False,False
550633,M,Manual,1,2011-04-19 14:57:00,3.0,17449,United Kingdom,False,False,False
550636,DOT,DOTCOM POSTAGE,1,2011-04-19 15:37:00,149.67,,United Kingdom,True,False,False
550638,DOT,DOTCOM POSTAGE,1,2011-04-19 15:44:00,192.67,,United Kingdom,True,False,False
550661,POST,POSTAGE,4,2011-04-20 09:20:00,18.0,12656,France,False,False,False
550665,POST,POSTAGE,2,2011-04-20 09:31:00,18.0,12530,Germany,False,False,False
550753,84763,Display,-150,2011-04-20 11:53:00,0.0,,United Kingdom,True,False,True
550757,16202B,,-9,2011-04-20 12:08:00,0.0,,United Kingdom,True,False,True
550758,85017A,,-8,2011-04-20 12:09:00,0.0,,United Kingdom,True,False,True
550759,21087,,-7,2011-04-20 12:09:00,0.0,,United Kingdom,True,False,True
550760,84750B,,-4,2011-04-20 12:09:00,0.0,,United Kingdom,True,False,True
550761,84388,,6,2011-04-20 12:10:00,0.0,,United Kingdom,True,False,True
550762,85030,,-9,2011-04-20 12:10:00,0.0,,United Kingdom,True,False,True
550763,84666,,-5,2011-04-20 12:11:00,0.0,,United Kingdom,True,False,True
C550787,POST,POSTAGE,-1,2011-04-20 14:08:00,21.78,17450,United Kingdom,False,True,False
C550787,POST,POSTAGE,-1,2011-04-20 14:08:00,3.96,17450,United Kingdom,False,True,False
550800,22458,Missing,-65,2011-04-20 14:48:00,0.0,,United Kingdom,True,False,True
550815,85027L,,8,2011-04-20 16:42:00,0.0,,United Kingdom,True,False,True
550827,POST,POSTAGE,3,2011-04-21 10:16:00,18.0,12670,France,False,False,False
550899,POST,POSTAGE,4,2011-04-21 12:07:00,40.0,13505,Switzerland,False,False,False
550908,20827,damages,-68,2011-04-21 12:39:00,0.0,,United Kingdom,True,False,True
550922,22784,damages,-25,2011-04-21 14:29:00,0.0,,United Kingdom,True,False,True
550924,POST,POSTAGE,1,2011-04-21 14:33:00,40.0,12664,Finland,False,False,False
550926,22469,,8,2011-04-21 14:39:00,0.0,,United Kingdom,True,False,True
550927,84990,,1,2011-04-21 14:40:00,0.0,,United Kingdom,True,False,True
550928,22867,,3,2011-04-21 14:41:00,0.0,,United Kingdom,True,False,True
550929,22470,,2,2011-04-21 14:41:00,0.0,,United Kingdom,True,False,True
550930,22988,,2,2011-04-21 14:41:00,0.0,,United Kingdom,True,False,True
C550932,BANK CHARGES,Bank Charges,-1,2011-04-21 15:12:00,475.69,,United Kingdom,True,True,False
C550933,M,Manual,-1,2011-04-21 15:13:00,678.03,,United Kingdom,True,True,False
C550935,M,Manual,-1,2011-04-21 15:15:00,194.97,,United Kingdom,True,True,False
550943,21316,,-5,2011-04-21 15:51:00,0.0,,United Kingdom,True,False,True
550945,79329,,-2,2011-04-21 15:52:00,0.0,,United Kingdom,True,False,True
550946,POST,POSTAGE,1,2011-04-21 15:52:00,18.0,12708,Germany,False,False,False
550947,21319,adjustment,3,2011-04-21 15:55:00,0.0,,United Kingdom,True,False,True
550948,17109D,Adjustment,14,2011-04-21 15:56:00,0.0,,United Kingdom,True,False,True
550950,17091A,found,84,2011-04-21 16:14:00,0.0,,United Kingdom,True,False,True
550951,84531A,returned,2,2011-04-21 16:15:00,0.0,,United Kingdom,True,False,True
550952,84531B,returned,2,2011-04-21 16:16:00,0.0,,United Kingdom,True,False,True
550953,DOT,DOTCOM POSTAGE,1,2011-04-21 16:17:00,283.0,,United Kingdom,True,False,False
550954,47013A,damaged,-2,2011-04-21 16:18:00,0.0,,United Kingdom,True,False,True
550957,M,Manual,1,2011-04-21 16:37:00,1.95,18283,United Kingdom,False,False,False
550960,POST,POSTAGE,1,2011-04-21 16:39:00,18.0,12622,Germany,False,False,False
550970,82599,,-11,2011-04-21 17:02:00,0.0,,United Kingdom,True,False,True
550975,20941,,20,2011-04-21 17:28:00,0.0,,United Kingdom,True,False,True
550976,84921,,6,2011-04-21 17:28:00,0.0,,United Kingdom,True,False,True
550977,85200,,6,2011-04-21 17:29:00,0.0,,United Kingdom,True,False,True
550979,85145,,9,2011-04-21 17:31:00,0.0,,United Kingdom,True,False,True
550980,21445,,1,2011-04-21 17:31:00,0.0,,United Kingdom,True,False,True
550981,21911,,1,2011-04-21 17:32:00,0.0,,United Kingdom,True,False,True
550982,22632,,5,2011-04-21 17:33:00,0.0,,United Kingdom,True,False,True
550983,22866,,4,2011-04-21 17:34:00,0.0,,United Kingdom,True,False,True
550984,85008,,1,2011-04-21 17:35:00,0.0,,United Kingdom,True,False,True
550985,22777,,4,2011-04-21 17:40:00,0.0,,United Kingdom,True,False,True
550986,DOT,DOTCOM POSTAGE,1,2011-04-21 18:06:00,221.16,,United Kingdom,True,False,False
550987,DOT,DOTCOM POSTAGE,1,2011-04-21 18:10:00,163.83,,United Kingdom,True,False,False
550998,POST,POSTAGE,1,2011-04-26 09:12:00,40.0,12414,Austria,False,False,False
551004,DOT,DOTCOM POSTAGE,1,2011-04-26 09:48:00,176.71,,United Kingdom,True,False,False
551005,DOT,DOTCOM POSTAGE,1,2011-04-26 09:48:00,172.63,,United Kingdom,True,False,False
551006,DOT,DOTCOM POSTAGE,1,2011-04-26 09:48:00,138.08,,United Kingdom,True,False,False
551007,DOT,DOTCOM POSTAGE,1,2011-04-26 09:49:00,125.88,,United Kingdom,True,False,False
551008,DOT,DOTCOM POSTAGE,1,2011-04-26 09:50:00,122.5,,United Kingdom,True,False,False
551009,DOT,DOTCOM POSTAGE,1,2011-04-26 09:50:00,264.0,,United Kingdom,True,False,False
551010,DOT,DOTCOM POSTAGE,1,2011-04-26 09:52:00,119.13,,United Kingdom,True,False,False
551013,POST,POSTAGE,2,2011-04-26 10:54:00,18.0,15108,European Community,False,False,False
551016,M,Manual,2,2011-04-26 11:09:00,1.65,17975,United Kingdom,False,False,False
551019,22467,wrong code?,-100,2011-04-26 11:19:00,0.0,,United Kingdom,True,False,True
551020,22719,wrong code,-110,2011-04-26 11:19:00,0.0,,United Kingdom,True,False,True
551054,POST,POSTAGE,2,2011-04-26 11:44:00,28.0,12429,Austria,False,False,False
551126,82483,,18,2011-04-26 12:47:00,0.0,,United Kingdom,True,False,True
551168,85068,,-4,2011-04-26 16:06:00,0.0,,United Kingdom,True,False,True
551173,DOT,DOTCOM POSTAGE,1,2011-04-26 16:54:00,133.64,,United Kingdom,True,False,False
551174,DOT,DOTCOM POSTAGE,1,2011-04-26 17:02:00,111.73,,United Kingdom,True,False,False
C551179,M,Manual,-15,2011-04-26 17:29:00,0.24,16422,United Kingdom,False,True,False
C551190,D,Discount,-1,2011-04-27 10:22:00,120.0,17940,United Kingdom,False,True,False
551201,16015,,-620,2011-04-27 11:33:00,0.0,,United Kingdom,True,False,True
551240,51020A,adjustment,41,2011-04-27 11:48:00,0.0,,United Kingdom,True,False,True
551243,51020B,adjust,-53,2011-04-27 11:49:00,0.0,,United Kingdom,True,False,True
551258,POST,POSTAGE,8,2011-04-27 12:02:00,18.0,12621,Germany,False,False,False
C551265,D,Discount,-1,2011-04-27 12:06:00,11.76,14527,United Kingdom,False,True,False
551268,M,Manual,48,2011-04-27 12:08:00,0.19,16965,United Kingdom,False,False,False
551270,M,Manual,1,2011-04-27 12:35:00,2.55,15891,United Kingdom,False,False,False
551277,M,Manual,1,2011-04-27 13:06:00,1.25,13637,United Kingdom,False,False,False
551278,POST,POSTAGE,1,2011-04-27 13:13:00,40.0,12483,Sweden,False,False,False
551302,48189,damaged,-18,2011-04-27 14:55:00,0.0,,United Kingdom,True,False,True
551304,48189,adjustment,2,2011-04-27 14:56:00,0.0,,United Kingdom,True,False,True
551318,21898,,60,2011-04-27 15:25:00,0.0,,United Kingdom,True,False,True
551319,22459,,65,2011-04-27 15:25:00,0.0,,United Kingdom,True,False,True
551320,21897,,60,2011-04-27 15:25:00,0.0,,United Kingdom,True,False,True
551321,22719,,36,2011-04-27 15:26:00,0.0,,United Kingdom,True,False,True
551322,85099F,,101,2011-04-27 15:28:00,0.0,,United Kingdom,True,False,True
551323,21398,damages,-9,2011-04-27 15:31:00,0.0,,United Kingdom,True,False,True
551324,85017C,Found,13,2011-04-27 15:47:00,0.0,,United Kingdom,True,False,True
551326,85017A,,-2,2011-04-27 15:51:00,0.0,,United Kingdom,True,False,True
551327,84228,crushed,-4,2011-04-27 16:01:00,0.0,,United Kingdom,True,False,True
551328,21320,,-23,2011-04-27 16:08:00,0.0,,United Kingdom,True,False,True
551339,DOT,DOTCOM POSTAGE,1,2011-04-27 17:18:00,102.5,,United Kingdom,True,False,False
551340,DOT,DOTCOM POSTAGE,1,2011-04-27 17:23:00,181.34,,United Kingdom,True,False,False
551345,POST,POSTAGE,6,2011-04-28 09:03:00,15.0,14646,Netherlands,False,False,False
551346,POST,POSTAGE,3,2011-04-28 09:12:00,15.0,12362,Belgium,False,False,False
C551386,M,Manual,-1,2011-04-28 11:38:00,1.01,16422,United Kingdom,False,True,False
551389,POST,POSTAGE,1,2011-04-28 11:45:00,18.0,12437,France,False,False,False
551394,16015,,400,2011-04-28 12:37:00,0.0,,United Kingdom,True,False,True
551398,POST,POSTAGE,3,2011-04-28 13:09:00,28.0,12417,Spain,False,False,False
551419,M,Manual,1,2011-04-28 13:51:00,400.0,12748,United Kingdom,False,False,False
551422,22084,,-150,2011-04-28 14:11:00,0.0,,United Kingdom,True,False,True
551429,10002,,-3,2011-04-28 15:05:00,0.0,,United Kingdom,True,False,True
551430,20966,,-3,2011-04-28 15:06:00,0.0,,United Kingdom,True,False,True
551431,44091A,,-2,2011-04-28 15:06:00,0.0,,United Kingdom,True,False,True
551432,21923,,-5,2011-04-28 15:06:00,0.0,,United Kingdom,True,False,True
551433,21784,,-2,2011-04-28 15:07:00,0.0,,United Kingdom,True,False,True
551434,20896,,-5,2011-04-28 15:07:00,0.0,,United Kingdom,True,False,True
551435,20825,,-5,2011-04-28 15:08:00,0.0,,United Kingdom,True,False,True
551441,85136B,,-4,2011-04-28 15:50:00,0.0,,United Kingdom,True,False,True
551442,85060,,-4,2011-04-28 15:50:00,0.0,,United Kingdom,True,False,True
551443,35920,,-4,2011-04-28 15:51:00,0.0,,United Kingdom,True,False,True
551444,35809B,,-4,2011-04-28 15:58:00,0.0,,United Kingdom,True,False,True
551446,35594,,-4,2011-04-28 15:58:00,0.0,,United Kingdom,True,False,True
551447,35004C,,-4,2011-04-28 15:59:00,0.0,,United Kingdom,True,False,True
551448,22734,,-4,2011-04-28 15:59:00,0.0,,United Kingdom,True,False,True
551449,22525,,-4,2011-04-28 16:00:00,0.0,,United Kingdom,True,False,True
551450,21410,,-4,2011-04-28 16:00:00,0.0,,United Kingdom,True,False,True
551451,21330,,-4,2011-04-28 16:01:00,0.0,,United Kingdom,True,False,True
551452,84715,,-3,2011-04-28 16:01:00,0.0,,United Kingdom,True,False,True
551453,82494L,,-3,2011-04-28 16:01:00,0.0,,United Kingdom,True,False,True
551454,78027,,-3,2011-04-28 16:02:00,0.0,,United Kingdom,True,False,True
551455,37333,,-1,2011-04-28 16:03:00,0.0,,United Kingdom,True,False,True
551456,22795,,-3,2011-04-28 16:03:00,0.0,,United Kingdom,True,False,True
551457,22719,,-3,2011-04-28 16:04:00,0.0,,United Kingdom,True,False,True
551458,22451,,3,2011-04-28 16:04:00,0.0,,United Kingdom,True,False,True
551459,22173,,-30,2011-04-28 16:04:00,0.0,,United Kingdom,True,False,True
551460,22173,,27,2011-04-28 16:05:00,0.0,,United Kingdom,True,False,True
551461,21806,,-3,2011-04-28 16:05:00,0.0,,United Kingdom,True,False,True
551467,POST,POSTAGE,1,2011-04-28 16:20:00,18.0,12600,Germany,False,False,False
551468,DOT,DOTCOM POSTAGE,1,2011-04-28 16:21:00,143.18,,United Kingdom,True,False,False
C551526,M,Manual,-1,2011-05-01 12:38:00,1.95,16401,United Kingdom,False,True,False
551529,POST,POSTAGE,8,2011-05-01 13:18:00,18.0,12524,Germany,False,False,False
551544,POST,POSTAGE,4,2011-05-03 09:33:00,18.0,12683,France,False,False,False
C551551,M,Manual,-1,2011-05-03 10:08:00,0.29,17841,United Kingdom,False,True,False
551552,POST,POSTAGE,2,2011-05-03 10:09:00,18.0,12598,France,False,False,False
551553,22521,,-90,2011-05-03 10:15:00,0.0,,United Kingdom,True,False,True
551554,22720,,-4,2011-05-03 10:19:00,0.0,,United Kingdom,True,False,True
551565,85135A,,-7,2011-05-03 11:10:00,0.0,,United Kingdom,True,False,True
551567,21269,,13,2011-05-03 11:12:00,0.0,,United Kingdom,True,False,True
551568,21038,,-6,2011-05-03 11:12:00,0.0,,United Kingdom,True,False,True
551569,85226C,,-6,2011-05-03 11:13:00,0.0,,United Kingdom,True,False,True
551570,85189,,-6,2011-05-03 11:13:00,0.0,,United Kingdom,True,False,True
551571,47591A,,-6,2011-05-03 11:14:00,0.0,,United Kingdom,True,False,True
551572,37424,,-6,2011-05-03 11:15:00,0.0,,United Kingdom,True,False,True
551573,22726,,-5,2011-05-03 11:15:00,0.0,,United Kingdom,True,False,True
551574,21692,,-6,2011-05-03 11:16:00,0.0,,United Kingdom,True,False,True
551575,21412,,-6,2011-05-03 11:16:00,0.0,,United Kingdom,True,False,True
551577,90100,,-5,2011-05-03 11:19:00,0.0,,United Kingdom,True,False,True
551578,90037D,,-5,2011-05-03 11:19:00,0.0,,United Kingdom,True,False,True
551579,85098B,,-5,2011-05-03 11:20:00,0.0,,United Kingdom,True,False,True
551580,85084,,-5,2011-05-03 11:20:00,0.0,,United Kingdom,True,False,True
551581,84873A,,5,2011-05-03 11:20:00,0.0,,United Kingdom,True,False,True
551582,84857A,,-5,2011-05-03 11:21:00,0.0,,United Kingdom,True,False,True
551583,84482,,-5,2011-05-03 11:21:00,0.0,,United Kingdom,True,False,True
551586,21120,,-6,2011-05-03 11:24:00,0.0,,United Kingdom,True,False,True
551589,21854,,-2,2011-05-03 11:30:00,0.0,,United Kingdom,True,False,True
551649,POST,POSTAGE,2,2011-05-03 12:02:00,20.0,12643,France,False,False,False
551652,POST,POSTAGE,2,2011-05-03 12:03:00,1.0,12643,France,False,False,False
551663,84548,,-70,2011-05-03 12:34:00,0.0,,United Kingdom,True,False,True
551664,20933,,-3,2011-05-03 12:34:00,0.0,,United Kingdom,True,False,True
551666,84750A,,-10,2011-05-03 12:35:00,0.0,,United Kingdom,True,False,True
551667,84539,,6,2011-05-03 12:36:00,0.0,,United Kingdom,True,False,True
551668,22444,,-10,2011-05-03 12:37:00,0.0,,United Kingdom,True,False,True
551669,21355,,90,2011-05-03 12:38:00,0.0,,United Kingdom,True,False,True
551671,20734,,-10,2011-05-03 12:38:00,0.0,,United Kingdom,True,False,True
551672,84631,,-4,2011-05-03 12:39:00,0.0,,United Kingdom,True,False,True
551673,79192A,,-9,2011-05-03 12:39:00,0.0,,United Kingdom,True,False,True
C551685,POST,POSTAGE,-1,2011-05-03 12:51:00,8142.75,16029,United Kingdom,False,True,False
551689,22625,,-9,2011-05-03 13:35:00,0.0,,United Kingdom,True,False,True
551690,21143,,-9,2011-05-03 13:35:00,0.0,,United Kingdom,True,False,True
551691,18098C,,10,2011-05-03 13:36:00,0.0,,United Kingdom,True,False,True
551692,84685,,14,2011-05-03 13:36:00,0.0,,United Kingdom,True,False,True
551694,47589,,2,2011-05-03 13:36:00,0.0,,United Kingdom,True,False,True
551695,22467,,-8,2011-05-03 13:37:00,0.0,,United Kingdom,True,False,True
551697,POST,POSTAGE,1,2011-05-03 13:46:00,8142.75,16029,United Kingdom,False,False,False
C551699,M,Manual,-1,2011-05-03 14:12:00,6930.0,16029,United Kingdom,False,True,False
551700,85144,,-38,2011-05-03 14:13:00,0.0,,United Kingdom,True,False,True
551701,84683,,-2,2011-05-03 14:15:00,0.0,,United Kingdom,True,False,True
551704,22656,,-2,2011-05-03 14:33:00,0.0,,United Kingdom,True,False,True
551705,22655,damages/showroom etc,-11,2011-05-03 14:35:00,0.0,,United Kingdom,True,False,True
551714,M,Manual,1,2011-05-03 15:15:00,25.95,16806,United Kingdom,False,False,False
551718,DOT,DOTCOM POSTAGE,1,2011-05-03 16:06:00,160.37,,United Kingdom,True,False,False
551719,DOT,DOTCOM POSTAGE,1,2011-05-03 16:09:00,178.12,,United Kingdom,True,False,False
551722,20975,,-170,2011-05-03 16:50:00,0.0,,United Kingdom,True,False,True
551723,22136,,-23,2011-05-03 16:51:00,0.0,,United Kingdom,True,False,True
551735,21656,samples,-19,2011-05-04 10:25:00,0.0,,United Kingdom,True,False,True
551818,POST,POSTAGE,4,2011-05-04 11:57:00,18.0,12569,Germany,False,False,False
551820,POST,POSTAGE,2,2011-05-04 12:11:00,18.0,12645,Germany,False,False,False
551837,79164,damages/credits from ASOS.,-1512,2011-05-04 13:23:00,0.0,,United Kingdom,True,False,True
551838,35609A,,-51,2011-05-04 13:31:00,0.0,,United Kingdom,True,False,True
551868,POST,POSTAGE,8,2011-05-04 16:29:00,28.0,12540,Spain,False,False,False
551886,POST,POSTAGE,1,2011-05-05 09:23:00,18.0,12569,Germany,False,False,False
551887,POST,POSTAGE,2,2011-05-05 09:29:00,18.0,12593,France,False,False,False
551900,20778,,2,2011-05-05 10:45:00,0.0,,United Kingdom,True,False,True
551945,BANK CHARGES,Bank Charges,1,2011-05-05 11:09:00,15.0,16714,United Kingdom,False,False,False
551964,20851,,1,2011-05-05 13:13:00,0.0,,United Kingdom,True,False,True
551965,21429,,1,2011-05-05 13:13:00,0.0,,United Kingdom,True,False,True
551982,M,Manual,3,2011-05-05 13:56:00,2.1,15023,United Kingdom,False,False,False
551985,POST,POSTAGE,1,2011-05-05 14:38:00,15.0,12395,Belgium,False,False,False
551995,DOT,DOTCOM POSTAGE,1,2011-05-05 15:42:00,55.64,,United Kingdom,True,False,False
551997,DCGSSGIRL,GIRLS PARTY BAG,2,2011-05-05 15:47:00,3.29,,United Kingdom,True,False,False
551997,DOT,DOTCOM POSTAGE,1,2011-05-05 15:47:00,43.57,,United Kingdom,True,False,False
552000,DOT,DOTCOM POSTAGE,1,2011-05-05 15:56:00,49.62,,United Kingdom,True,False,False
552008,POST,POSTAGE,4,2011-05-05 17:13:00,18.0,12476,Germany,False,False,False
552040,POST,POSTAGE,4,2011-05-06 08:19:00,28.0,12502,Spain,False,False,False
552050,84916,,-32,2011-05-06 10:08:00,0.0,,United Kingdom,True,False,True
552052,84917,,-8,2011-05-06 10:10:00,0.0,,United Kingdom,True,False,True
552175,23200,mailout ,100,2011-05-06 13:25:00,0.0,,United Kingdom,True,False,True
552177,23202,mailout,100,2011-05-06 13:28:00,0.0,,United Kingdom,True,False,True
552178,23203,mailout,100,2011-05-06 13:29:00,0.0,,United Kingdom,True,False,True
552187,23209,mailout,100,2011-05-06 13:59:00,0.0,,United Kingdom,True,False,True
552188,POST,POSTAGE,2,2011-05-06 14:01:00,15.0,12394,Belgium,False,False,False
552202,POST,POSTAGE,1,2011-05-06 14:51:00,40.0,12414,Austria,False,False,False
C552203,M,Manual,-1,2011-05-06 14:56:00,189.44,,United Kingdom,True,True,False
552214,84872A,,-12,2011-05-06 15:11:00,0.0,,United Kingdom,True,False,True
552215,17096,,-41,2011-05-06 15:12:00,0.0,,United Kingdom,True,False,True
552216,21363,,-19,2011-05-06 15:12:00,0.0,,United Kingdom,True,False,True
552218,84406B,,-38,2011-05-06 15:15:00,0.0,,United Kingdom,True,False,True
552219,22073,,-56,2011-05-06 15:16:00,0.0,,United Kingdom,True,False,True
552220,22202,,1,2011-05-06 15:20:00,0.0,,United Kingdom,True,False,True
552221,21043,,-38,2011-05-06 15:20:00,0.0,,United Kingdom,True,False,True
552222,21974,,-45,2011-05-06 15:22:00,0.0,,United Kingdom,True,False,True
552223,22524,,-49,2011-05-06 15:24:00,0.0,,United Kingdom,True,False,True
552224,84766,,-37,2011-05-06 15:25:00,0.0,,United Kingdom,True,False,True
552225,22775,,-40,2011-05-06 15:26:00,0.0,,United Kingdom,True,False,True
552226,22035,,-160,2011-05-06 15:26:00,0.0,,United Kingdom,True,False,True
552227,84596J,,70,2011-05-06 15:27:00,0.0,,United Kingdom,True,False,True
552228,84912B,,-93,2011-05-06 15:29:00,0.0,,United Kingdom,True,False,True
552229,DOT,DOTCOM POSTAGE,1,2011-05-06 15:40:00,21.74,,United Kingdom,True,False,False
552230,20735,BLACK MINI TAPE MEASURE ,1,2011-05-06 15:43:00,0.0,,United Kingdom,True,False,True
552230,22617,BAKING SET SPACEBOY DESIGN,1,2011-05-06 15:43:00,0.0,,United Kingdom,True,False,True
552230,37327,ASSTD MULTICOLOUR CIRCLES MUG,1,2011-05-06 15:43:00,0.0,,United Kingdom,True,False,True
552230,84375,SET OF 20 KIDS COOKIE CUTTERS,1,2011-05-06 15:43:00,0.0,,United Kingdom,True,False,True
552230,84969,BOX OF 6 ASSORTED COLOUR TEASPOONS,1,2011-05-06 15:43:00,0.0,,United Kingdom,True,False,True
552230,DOT,DOTCOM POSTAGE,1,2011-05-06 15:43:00,0.0,,United Kingdom,True,False,False
552232,DOT,DOTCOM POSTAGE,1,2011-05-06 15:54:00,36.71,,United Kingdom,True,False,False
552234,DCGSSBOY,BOYS PARTY BAG,7,2011-05-06 16:01:00,3.29,,United Kingdom,True,False,False
552234,DCGSSGIRL,GIRLS PARTY BAG,2,2011-05-06 16:01:00,3.29,,United Kingdom,True,False,False
552234,DOT,DOTCOM POSTAGE,1,2011-05-06 16:01:00,174.24,,United Kingdom,True,False,False
552259,M,Manual,1,2011-05-08 11:13:00,1.0,15796,United Kingdom,False,False,False
552315,POST,POSTAGE,6,2011-05-08 16:10:00,18.0,12700,France,False,False,False
C552317,POST,POSTAGE,-2,2011-05-08 16:12:00,18.0,12700,France,False,True,False
552325,POST,POSTAGE,2,2011-05-09 09:47:00,18.0,12490,France,False,False,False
552331,22667,damaged,-30,2011-05-09 10:24:00,0.0,,United Kingdom,True,False,True
552337,POST,POSTAGE,3,2011-05-09 11:34:00,18.0,12621,Germany,False,False,False
C552343,M,Manual,-1,2011-05-09 12:09:00,125.0,15521,United Kingdom,False,True,False
C552423,D,Discount,-1,2011-05-09 12:44:00,11.84,14527,United Kingdom,False,True,False
552443,22796,Not rcvd in 10/11/2010 delivery,-360,2011-05-09 13:05:00,0.0,,United Kingdom,True,False,True
C552455,M,Manual,-1,2011-05-09 14:38:00,587.08,,United Kingdom,True,True,False
C552458,BANK CHARGES,Bank Charges,-1,2011-05-09 14:41:00,440.29,,United Kingdom,True,True,False
C552459,M,Manual,-1,2011-05-09 14:44:00,598.59,,United Kingdom,True,True,False
552464,POST,POSTAGE,1,2011-05-09 15:12:00,18.0,12726,France,False,False,False
552493,DOT,DOTCOM POSTAGE,1,2011-05-09 16:21:00,226.61,,United Kingdom,True,False,False
552508,DOT,DOTCOM POSTAGE,1,2011-05-09 16:27:00,198.6,,United Kingdom,True,False,False
552514,DOT,DOTCOM POSTAGE,1,2011-05-09 16:30:00,205.45,,United Kingdom,True,False,False
552520,DOT,DOTCOM POSTAGE,1,2011-05-09 16:34:00,189.84,,United Kingdom,True,False,False
552527,20964,,2,2011-05-09 16:48:00,0.0,,United Kingdom,True,False,True
552543,POST,POSTAGE,2,2011-05-10 10:22:00,15.0,12399,Belgium,False,False,False
552549,M,Manual,1,2011-05-10 10:39:00,334.71,15674,United Kingdom,False,False,False
C552553,M,Manual,-1,2011-05-10 10:51:00,334.71,15674,United Kingdom,False,True,False
C552569,D,Discount,-240,2011-05-10 12:06:00,0.03,12901,United Kingdom,False,True,False
552631,POST,POSTAGE,2,2011-05-10 12:55:00,18.0,12684,France,False,False,False
552649,POST,POSTAGE,1,2011-05-10 13:44:00,18.0,12592,Germany,False,False,False
C552650,D,Discount,-18,2011-05-10 14:03:00,1.45,16672,United Kingdom,False,True,False
552653,22926,,-48,2011-05-10 14:12:00,0.0,,United Kingdom,True,False,True
552656,POST,POSTAGE,3,2011-05-10 14:46:00,18.0,12712,Germany,False,False,False
552660,DOT,DOTCOM POSTAGE,1,2011-05-10 15:03:00,184.92,,United Kingdom,True,False,False
552662,DOT,DOTCOM POSTAGE,1,2011-05-10 15:04:00,161.88,,United Kingdom,True,False,False
552663,DOT,DOTCOM POSTAGE,1,2011-05-10 15:04:00,133.17,,United Kingdom,True,False,False
552665,DOT,DOTCOM POSTAGE,1,2011-05-10 15:05:00,101.92,,United Kingdom,True,False,False
552666,DOT,DOTCOM POSTAGE,1,2011-05-10 15:05:00,109.25,,United Kingdom,True,False,False
552667,DOT,DOTCOM POSTAGE,1,2011-05-10 15:05:00,118.38,,United Kingdom,True,False,False
552668,DOT,DOTCOM POSTAGE,1,2011-05-10 15:05:00,168.63,,United Kingdom,True,False,False
552670,DOT,DOTCOM POSTAGE,1,2011-05-10 15:06:00,181.83,,United Kingdom,True,False,False
552671,DOT,DOTCOM POSTAGE,1,2011-05-10 15:06:00,146.29,,United Kingdom,True,False,False
552672,DOT,DOTCOM POSTAGE,1,2011-05-10 15:06:00,135.67,,United Kingdom,True,False,False
552673,DOT,DOTCOM POSTAGE,1,2011-05-10 15:07:00,95.38,,United Kingdom,True,False,False
552674,DOT,DOTCOM POSTAGE,1,2011-05-10 15:07:00,132.29,,United Kingdom,True,False,False
552675,DOT,DOTCOM POSTAGE,1,2011-05-10 15:07:00,166.88,,United Kingdom,True,False,False
552676,DOT,DOTCOM POSTAGE,1,2011-05-10 15:07:00,202.29,,United Kingdom,True,False,False
552677,DOT,DOTCOM POSTAGE,1,2011-05-10 15:07:00,202.96,,United Kingdom,True,False,False
552678,DOT,DOTCOM POSTAGE,1,2011-05-10 15:08:00,201.5,,United Kingdom,True,False,False
552681,DOT,DOTCOM POSTAGE,1,2011-05-10 15:08:00,166.08,,United Kingdom,True,False,False
552683,DOT,DOTCOM POSTAGE,1,2011-05-10 15:09:00,131.42,,United Kingdom,True,False,False
552684,DOT,DOTCOM POSTAGE,1,2011-05-10 15:09:00,161.96,,United Kingdom,True,False,False
552687,DOT,DOTCOM POSTAGE,1,2011-05-10 15:09:00,246.5,,United Kingdom,True,False,False
552702,DOT,DOTCOM POSTAGE,1,2011-05-10 16:00:00,120.92,,United Kingdom,True,False,False
552731,POST,POSTAGE,2,2011-05-11 10:43:00,18.0,12372,Denmark,False,False,False
552733,23059,Thrown away-rusty,-2376,2011-05-11 10:48:00,0.0,,United Kingdom,True,False,True
C552744,POST,POSTAGE,-1,2011-05-11 11:15:00,3.15,16297,United Kingdom,False,True,False
552763,21137,,-25,2011-05-11 11:33:00,0.0,,United Kingdom,True,False,True
552766,22084,,-56,2011-05-11 11:41:00,0.0,,United Kingdom,True,False,True
552767,79164,,-47,2011-05-11 11:42:00,0.0,,United Kingdom,True,False,True
552768,22087,,-26,2011-05-11 11:43:00,0.0,,United Kingdom,True,False,True
552844,POST,POSTAGE,2,2011-05-11 14:37:00,18.0,12649,Germany,False,False,False
552845,POST,POSTAGE,6,2011-05-11 14:37:00,15.0,14646,Netherlands,False,False,False
552846,POST,POSTAGE,1,2011-05-11 14:38:00,18.0,14646,Netherlands,False,False,False
552857,DOT,DOTCOM POSTAGE,1,2011-05-11 15:34:00,175.69,,United Kingdom,True,False,False
C552863,M,Manual,-1,2011-05-11 16:52:00,5.1,13012,United Kingdom,False,True,False
552871,POST,POSTAGE,2,2011-05-12 08:52:00,18.0,12693,Germany,False,False,False
552874,POST,POSTAGE,7,2011-05-12 09:40:00,18.0,12621,Germany,False,False,False
C552876,M,Manual,-1,2011-05-12 09:48:00,929.9,13235,United Kingdom,False,True,False
552878,POST,POSTAGE,8,2011-05-12 09:54:00,18.0,12625,Germany,False,False,False
552884,POST,POSTAGE,1,2011-05-12 10:15:00,15.0,12395,Belgium,False,False,False
552946,POST,POSTAGE,1,2011-05-12 11:50:00,18.0,12683,France,False,False,False
552979,35970,,-217,2011-05-12 14:49:00,0.0,,United Kingdom,True,False,True
552980,POST,POSTAGE,1,2011-05-12 14:52:00,523.0,12590,Germany,False,False,False
C552995,M,Manual,-1350,2011-05-12 15:19:00,0.16,18133,United Kingdom,False,True,False
553000,47566,PARTY BUNTING,4,2011-05-12 15:21:00,0.0,17667,United Kingdom,False,False,True
553002,M,Manual,2,2011-05-12 15:26:00,1.95,13263,United Kingdom,False,False,False
553013,DOT,DOTCOM POSTAGE,1,2011-05-12 18:19:00,189.68,,United Kingdom,True,False,False
553018,M,Manual,1,2011-05-12 19:02:00,557.72,12757,Portugal,False,False,False
C553019,M,Manual,-1,2011-05-12 19:04:00,557.72,12757,Portugal,False,True,False
C553033,POST,POSTAGE,-1,2011-05-12 19:50:00,3.5,13883,United Kingdom,False,True,False
553035,M,Manual,1,2011-05-12 20:13:00,1.45,17337,United Kingdom,False,False,False
553037,POST,POSTAGE,4,2011-05-13 08:10:00,18.0,12471,Germany,False,False,False
553041,22521,,-9,2011-05-13 09:01:00,0.0,,United Kingdom,True,False,True
553044,POST,POSTAGE,2,2011-05-13 09:24:00,18.0,12682,France,False,False,False
553147,84879,damaged,-160,2011-05-13 13:58:00,0.0,,United Kingdom,True,False,True
553161,POST,POSTAGE,1,2011-05-13 15:48:00,18.0,12681,France,False,False,False
553162,DOT,DOTCOM POSTAGE,1,2011-05-13 15:53:00,152.19,,United Kingdom,True,False,False
553163,22726,,1,2011-05-13 16:10:00,0.0,,United Kingdom,True,False,True
553189,M,Manual,2,2011-05-15 13:14:00,1.65,15033,United Kingdom,False,False,False
553195,POST,POSTAGE,1,2011-05-15 13:45:00,18.0,12599,France,False,False,False
553208,POST,POSTAGE,2,2011-05-16 09:10:00,18.0,12674,France,False,False,False
553316,POST,POSTAGE,1,2011-05-16 12:04:00,18.0,12682,France,False,False,False
553349,22719,,1,2011-05-16 13:31:00,0.0,,United Kingdom,True,False,True
C553354,AMAZONFEE,AMAZON FEE,-1,2011-05-16 13:54:00,5876.4,,United Kingdom,True,True,False
C553355,AMAZONFEE,AMAZON FEE,-1,2011-05-16 13:58:00,7006.83,,United Kingdom,True,True,False
553357,M,Manual,2,2011-05-16 14:17:00,15.0,12684,France,False,False,False
C553370,POST,POSTAGE,-1,2011-05-16 14:30:00,19.29,,United Kingdom,True,True,False
C553370,M,Manual,-1,2011-05-16 14:30:00,260.7,,United Kingdom,True,True,False
C553372,POST,POSTAGE,-1,2011-05-16 14:37:00,35.65,,United Kingdom,True,True,False
C553372,M,Manual,-1,2011-05-16 14:37:00,293.08,,United Kingdom,True,True,False
C553373,POST,POSTAGE,-1,2011-05-16 14:48:00,16.85,,United Kingdom,True,True,False
C553373,M,Manual,-1,2011-05-16 14:48:00,233.37,,United Kingdom,True,True,False
C553376,POST,POSTAGE,-1,2011-05-16 14:56:00,18.75,,United Kingdom,True,True,False
C553376,M,Manual,-1,2011-05-16 14:56:00,273.79,,United Kingdom,True,True,False
C553378,POST,POSTAGE,-1,2011-05-16 15:02:00,27.42,,United Kingdom,True,True,False
C553378,M,Manual,-1,2011-05-16 15:02:00,269.7,,United Kingdom,True,True,False
553387,DOT,DOTCOM POSTAGE,1,2011-05-16 16:33:00,182.67,,United Kingdom,True,False,False
553389,DOT,DOTCOM POSTAGE,1,2011-05-16 16:37:00,113.99,,United Kingdom,True,False,False
553391,37370,sold as set/6 by dotcom,-786,2011-05-16 16:42:00,0.0,,United Kingdom,True,False,True
553393,DOT,DOTCOM POSTAGE,1,2011-05-16 16:46:00,66.38,,United Kingdom,True,False,False
553394,15058A,wet/rusty,-30,2011-05-16 16:47:00,0.0,,United Kingdom,True,False,True
553395,15058C,wet/rusty,-30,2011-05-16 16:47:00,0.0,,United Kingdom,True,False,True
553396,22423,damages,-21,2011-05-16 16:48:00,0.0,,United Kingdom,True,False,True
553398,37370,damages/dotcom?,-590,2011-05-16 17:07:00,0.0,,United Kingdom,True,False,True
553399,84789,,-2,2011-05-16 17:08:00,0.0,,United Kingdom,True,False,True
553400,20803,damages,-40,2011-05-16 17:09:00,0.0,,United Kingdom,True,False,True
553401,22060,,-16,2011-05-16 17:10:00,0.0,,United Kingdom,True,False,True
C553407,POST,POSTAGE,-1,2011-05-17 08:58:00,40.0,15768,United Kingdom,False,True,False
553411,POST,POSTAGE,3,2011-05-17 09:28:00,18.0,12714,France,False,False,False
553413,21259,,-51,2011-05-17 09:45:00,0.0,,United Kingdom,True,False,True
C553414,POST,POSTAGE,-1,2011-05-17 09:57:00,18.0,12600,Germany,False,True,False
553415,POST,POSTAGE,2,2011-05-17 10:02:00,18.0,12463,Belgium,False,False,False
553480,21143,,24,2011-05-17 11:51:00,0.0,,United Kingdom,True,False,True
553481,21181,on cargo order,192,2011-05-17 12:06:00,0.0,,United Kingdom,True,False,True
C553482,D,Discount,-1,2011-05-17 12:07:00,9.84,14527,United Kingdom,False,True,False
C553510,POST,POSTAGE,-1,2011-05-17 13:46:00,1.0,14342,United Kingdom,False,True,False
C553511,BANK CHARGES,Bank Charges,-1,2011-05-17 13:49:00,86.9,,United Kingdom,True,True,False
C553513,S,SAMPLES,-1,2011-05-17 13:58:00,9.99,,United Kingdom,True,True,False
C553513,S,SAMPLES,-1,2011-05-17 13:58:00,103.58,,United Kingdom,True,True,False
553521,85099F,JUMBO BAG STRAWBERRY,1,2011-05-17 14:35:00,0.0,,United Kingdom,True,False,True
553521,48184,DOORMAT ENGLISH ROSE ,1,2011-05-17 14:35:00,0.0,,United Kingdom,True,False,True
553521,22692,DOORMAT WELCOME TO OUR HOME,1,2011-05-17 14:35:00,0.0,,United Kingdom,True,False,True
553521,22684,FRENCH BLUE METAL DOOR SIGN 9,2,2011-05-17 14:35:00,0.0,,United Kingdom,True,False,True
553521,22682,FRENCH BLUE METAL DOOR SIGN 7,3,2011-05-17 14:35:00,0.0,,United Kingdom,True,False,True
553521,22686,FRENCH BLUE METAL DOOR SIGN No,11,2011-05-17 14:35:00,0.0,,United Kingdom,True,False,True
553521,22683,FRENCH BLUE METAL DOOR SIGN 8,5,2011-05-17 14:35:00,0.0,,United Kingdom,True,False,True
553521,22679,FRENCH BLUE METAL DOOR SIGN 4,4,2011-05-17 14:35:00,0.0,,United Kingdom,True,False,True
553521,22678,FRENCH BLUE METAL DOOR SIGN 3,5,2011-05-17 14:35:00,0.0,,United Kingdom,True,False,True
553521,22680,FRENCH BLUE METAL DOOR SIGN 5,2,2011-05-17 14:35:00,0.0,,United Kingdom,True,False,True
553521,22677,FRENCH BLUE METAL DOOR SIGN 2,4,2011-05-17 14:35:00,0.0,,United Kingdom,True,False,True
553521,22676,FRENCH BLUE METAL DOOR SIGN 1,2,2011-05-17 14:35:00,0.0,,United Kingdom,True,False,True
553521,22666,RECIPE BOX PANTRY YELLOW DESIGN,1,2011-05-17 14:35:00,0.0,,United Kingdom,True,False,True
553521,22665,RECIPE BOX BLUE SKETCHBOOK DESIGN,2,2011-05-17 14:35:00,0.0,,United Kingdom,True,False,True
553521,22649,STRAWBERRY FAIRY CAKE TEAPOT,1,2011-05-17 14:35:00,0.0,,United Kingdom,True,False,True
553521,22646,CERAMIC STRAWBERRY CAKE MONEY BANK,1,2011-05-17 14:35:00,0.0,,United Kingdom,True,False,True
553521,22644,CERAMIC CHERRY CAKE MONEY BANK,1,2011-05-17 14:35:00,0.0,,United Kingdom,True,False,True
553521,22645,CERAMIC HEART FAIRY CAKE MONEY BANK,1,2011-05-17 14:35:00,0.0,,United Kingdom,True,False,True
553521,22637,PIGGY BANK RETROSPOT ,2,2011-05-17 14:35:00,0.0,,United Kingdom,True,False,True
553521,22626,BLACK KITCHEN SCALES,1,2011-05-17 14:35:00,0.0,,United Kingdom,True,False,True
553521,22559,SEASIDE FLYING DISC,1,2011-05-17 14:35:00,0.0,,United Kingdom,True,False,True
553521,22524,CHILDRENS GARDEN GLOVES BLUE,1,2011-05-17 14:35:00,0.0,,United Kingdom,True,False,True
553521,22520,CHILDS GARDEN TROWEL BLUE ,1,2011-05-17 14:35:00,0.0,,United Kingdom,True,False,True
553521,22518,CHILDS GARDEN BRUSH BLUE,1,2011-05-17 14:35:00,0.0,,United Kingdom,True,False,True
553521,22519,CHILDS GARDEN BRUSH PINK,1,2011-05-17 14:35:00,0.0,,United Kingdom,True,False,True
553521,22515,CHILDS GARDEN SPADE PINK,1,2011-05-17 14:35:00,0.0,,United Kingdom,True,False,True
553521,22514,CHILDS GARDEN SPADE BLUE,2,2011-05-17 14:35:00,0.0,,United Kingdom,True,False,True
553521,22430,ENAMEL WATERING CAN CREAM,1,2011-05-17 14:35:00,0.0,,United Kingdom,True,False,True
553521,22427,ENAMEL FLOWER JUG CREAM,1,2011-05-17 14:35:00,0.0,,United Kingdom,True,False,True
553521,22414,DOORMAT NEIGHBOURHOOD WITCH ,1,2011-05-17 14:35:00,0.0,,United Kingdom,True,False,True
553521,22365,DOORMAT RESPECTABLE HOUSE,1,2011-05-17 14:35:00,0.0,,United Kingdom,True,False,True
553521,22363,GLASS JAR MARMALADE ,1,2011-05-17 14:35:00,0.0,,United Kingdom,True,False,True
553521,22362,GLASS JAR PEACOCK BATH SALTS,1,2011-05-17 14:35:00,0.0,,United Kingdom,True,False,True
553521,22359,GLASS JAR KINGS CHOICE,1,2011-05-17 14:35:00,0.0,,United Kingdom,True,False,True
553521,22356,CHARLOTTE BAG PINK POLKADOT,1,2011-05-17 14:35:00,0.0,,United Kingdom,True,False,True
553521,22301,COFFEE MUG CAT + BIRD DESIGN,1,2011-05-17 14:35:00,0.0,,United Kingdom,True,False,True
553521,22203,MILK PAN RED RETROSPOT,1,2011-05-17 14:35:00,0.0,,United Kingdom,True,False,True
553521,21889,WOODEN BOX OF DOMINOES,1,2011-05-17 14:35:00,0.0,,United Kingdom,True,False,True
553521,21116,OWL DOORSTOP,1,2011-05-17 14:35:00,0.0,,United Kingdom,True,False,True
553521,M,Manual,1,2011-05-17 14:35:00,452.45,,United Kingdom,True,False,False
C553528,BANK CHARGES,Bank Charges,-1,2011-05-17 14:58:00,82.73,,United Kingdom,True,True,False
C553531,S,SAMPLES,-1,2011-05-17 15:09:00,2.98,,United Kingdom,True,True,False
C553531,S,SAMPLES,-1,2011-05-17 15:09:00,5.0,,United Kingdom,True,True,False
C553531,S,SAMPLES,-1,2011-05-17 15:09:00,16.0,,United Kingdom,True,True,False
C553531,S,SAMPLES,-1,2011-05-17 15:09:00,86.99,,United Kingdom,True,True,False
C553531,S,SAMPLES,-1,2011-05-17 15:09:00,15.5,,United Kingdom,True,True,False
C553531,S,SAMPLES,-1,2011-05-17 15:09:00,76.0,,United Kingdom,True,True,False
C553531,S,SAMPLES,-1,2011-05-17 15:09:00,87.01,,United Kingdom,True,True,False
553539,22425,ENAMEL COLANDER CREAM,1,2011-05-17 15:27:00,0.0,,United Kingdom,True,False,True
553539,22414,DOORMAT NEIGHBOURHOOD WITCH ,1,2011-05-17 15:27:00,0.0,,United Kingdom,True,False,True
553539,22301,COFFEE MUG CAT + BIRD DESIGN,1,2011-05-17 15:27:00,0.0,,United Kingdom,True,False,True
553539,22201,FRYING PAN BLUE POLKADOT,1,2011-05-17 15:27:00,0.0,,United Kingdom,True,False,True
553539,21922,UNION STRIPE WITH FRINGE  HAMMOCK,1,2011-05-17 15:27:00,0.0,,United Kingdom,True,False,True
553539,22692,DOORMAT WELCOME TO OUR HOME,1,2011-05-17 15:27:00,0.0,,United Kingdom,True,False,True
553539,21559,STRAWBERRY LUNCH BOX WITH CUTLERY,1,2011-05-17 15:27:00,0.0,,United Kingdom,True,False,True
553539,21116,OWL DOORSTOP,2,2011-05-17 15:27:00,0.0,,United Kingdom,True,False,True
553539,20711,JUMBO BAG TOYS ,1,2011-05-17 15:27:00,0.0,,United Kingdom,True,False,True
553539,20682,RED RETROSPOT CHILDRENS UMBRELLA,1,2011-05-17 15:27:00,0.0,,United Kingdom,True,False,True
553539,M,Manual,1,2011-05-17 15:27:00,465.87,,United Kingdom,True,False,False
553539,22843,BISCUIT TIN VINTAGE GREEN,1,2011-05-17 15:27:00,0.0,,United Kingdom,True,False,True
553539,22682,FRENCH BLUE METAL DOOR SIGN 7,1,2011-05-17 15:27:00,0.0,,United Kingdom,True,False,True
553539,22679,FRENCH BLUE METAL DOOR SIGN 4,2,2011-05-17 15:27:00,0.0,,United Kingdom,True,False,True
553539,22678,FRENCH BLUE METAL DOOR SIGN 3,5,2011-05-17 15:27:00,0.0,,United Kingdom,True,False,True
553539,22677,FRENCH BLUE METAL DOOR SIGN 2,2,2011-05-17 15:27:00,0.0,,United Kingdom,True,False,True
553539,22683,FRENCH BLUE METAL DOOR SIGN 8,1,2011-05-17 15:27:00,0.0,,United Kingdom,True,False,True
553539,22666,RECIPE BOX PANTRY YELLOW DESIGN,1,2011-05-17 15:27:00,0.0,,United Kingdom,True,False,True
553539,22665,RECIPE BOX BLUE SKETCHBOOK DESIGN,1,2011-05-17 15:27:00,0.0,,United Kingdom,True,False,True
553539,22685,FRENCH BLUE METAL DOOR SIGN 0,2,2011-05-17 15:27:00,0.0,,United Kingdom,True,False,True
553539,22676,FRENCH BLUE METAL DOOR SIGN 1,4,2011-05-17 15:27:00,0.0,,United Kingdom,True,False,True
553539,22646,CERAMIC STRAWBERRY CAKE MONEY BANK,1,2011-05-17 15:27:00,0.0,,United Kingdom,True,False,True
553539,22520,CHILDS GARDEN TROWEL BLUE ,1,2011-05-17 15:27:00,0.0,,United Kingdom,True,False,True
553539,22523,CHILDS GARDEN FORK PINK,1,2011-05-17 15:27:00,0.0,,United Kingdom,True,False,True
553539,22522,CHILDS GARDEN FORK BLUE ,1,2011-05-17 15:27:00,0.0,,United Kingdom,True,False,True
553539,22519,CHILDS GARDEN BRUSH PINK,1,2011-05-17 15:27:00,0.0,,United Kingdom,True,False,True
553539,22514,CHILDS GARDEN SPADE BLUE,1,2011-05-17 15:27:00,0.0,,United Kingdom,True,False,True
553539,22515,CHILDS GARDEN SPADE PINK,2,2011-05-17 15:27:00,0.0,,United Kingdom,True,False,True
553539,22501,PICNIC BASKET WICKER LARGE,1,2011-05-17 15:27:00,0.0,,United Kingdom,True,False,True
553539,22474,SPACEBOY TV DINNER TRAY,1,2011-05-17 15:27:00,0.0,,United Kingdom,True,False,True
553539,22430,ENAMEL WATERING CAN CREAM,2,2011-05-17 15:27:00,0.0,,United Kingdom,True,False,True
553539,22426,ENAMEL WASH BOWL CREAM,1,2011-05-17 15:27:00,0.0,,United Kingdom,True,False,True
553541,DOT,DOTCOM POSTAGE,1,2011-05-17 15:33:00,248.13,,United Kingdom,True,False,False
553542,DOT,DOTCOM POSTAGE,1,2011-05-17 15:34:00,204.63,,United Kingdom,True,False,False
553543,DOT,DOTCOM POSTAGE,1,2011-05-17 15:35:00,154.5,,United Kingdom,True,False,False
553544,DOT,DOTCOM POSTAGE,1,2011-05-17 15:36:00,124.08,,United Kingdom,True,False,False
553545,DOT,DOTCOM POSTAGE,1,2011-05-17 15:37:00,105.96,,United Kingdom,True,False,False
553547,POST,POSTAGE,4,2011-05-17 15:48:00,18.0,12474,Germany,False,False,False
553548,75131,,-48,2011-05-17 15:57:00,0.0,,United Kingdom,True,False,True
553549,DOT,DOTCOM POSTAGE,1,2011-05-17 16:09:00,179.67,,United Kingdom,True,False,False
553559,M,Manual,1,2011-05-17 17:12:00,293.0,14931,Channel Islands,False,False,False
C553560,M,Manual,-1,2011-05-17 17:14:00,293.0,14931,Channel Islands,False,True,False
553566,POST,POSTAGE,3,2011-05-18 09:09:00,18.0,12690,France,False,False,False
553577,POST,POSTAGE,2,2011-05-18 10:34:00,18.0,12437,France,False,False,False
553651,46126A,,-23,2011-05-18 11:06:00,0.0,,United Kingdom,True,False,True
553652,20826,,-168,2011-05-18 11:06:00,0.0,,United Kingdom,True,False,True
553659,20967,,-77,2011-05-18 11:47:00,0.0,,United Kingdom,True,False,True
C553665,D,Discount,-1,2011-05-18 12:16:00,15.96,14527,United Kingdom,False,True,False
553666,POST,POSTAGE,2,2011-05-18 12:18:00,18.0,12679,France,False,False,False
C553669,POST,POSTAGE,-1,2011-05-18 12:24:00,3.71,15128,United Kingdom,False,True,False
553674,POST,POSTAGE,1,2011-05-18 12:50:00,40.0,12483,Sweden,False,False,False
553682,POST,POSTAGE,4,2011-05-18 13:20:00,15.0,14646,Netherlands,False,False,False
553688,22078,,4,2011-05-18 14:05:00,0.0,,United Kingdom,True,False,True
553716,37444A,,3,2011-05-18 16:07:00,0.0,,United Kingdom,True,False,True
553717,22087,,2,2011-05-18 16:07:00,0.0,,United Kingdom,True,False,True
553718,DOT,DOTCOM POSTAGE,1,2011-05-18 16:14:00,176.8,,United Kingdom,True,False,False
553719,85017C,adjustment,1,2011-05-18 16:18:00,0.0,,United Kingdom,True,False,True
553728,21324,,2,2011-05-18 17:17:00,0.0,,United Kingdom,True,False,True
553729,82599,,2,2011-05-18 17:17:00,0.0,,United Kingdom,True,False,True
553731,POST,POSTAGE,4,2011-05-19 08:26:00,18.0,12481,Germany,False,False,False
553741,POST,POSTAGE,3,2011-05-19 09:37:00,18.0,12520,Germany,False,False,False
553743,21318,,-62,2011-05-19 09:44:00,0.0,,United Kingdom,True,False,True
553744,85141,,-7,2011-05-19 09:44:00,0.0,,United Kingdom,True,False,True
553745,84760S,,2,2011-05-19 09:46:00,0.0,,United Kingdom,True,False,True
553746,84990,,1,2011-05-19 09:46:00,0.0,,United Kingdom,True,False,True
553766,DOT,DOTCOM POSTAGE,1,2011-05-19 10:44:00,205.5,,United Kingdom,True,False,False
553767,DOT,DOTCOM POSTAGE,1,2011-05-19 10:46:00,162.75,,United Kingdom,True,False,False
553768,DOT,DOTCOM POSTAGE,1,2011-05-19 10:47:00,236.46,,United Kingdom,True,False,False
553769,23444,,200,2011-05-19 10:48:00,0.0,,United Kingdom,True,False,True
C553841,D,Discount,-48,2011-05-19 12:19:00,0.2,16029,United Kingdom,False,True,False
553842,POST,POSTAGE,2,2011-05-19 12:24:00,18.0,12524,Germany,False,False,False
553843,POST,POSTAGE,2,2011-05-19 12:29:00,18.0,12553,France,False,False,False
C553865,S,SAMPLES,-1,2011-05-19 14:10:00,16.5,,United Kingdom,True,True,False
553884,POST,POSTAGE,1,2011-05-19 15:36:00,18.0,12600,Germany,False,False,False
553885,POST,POSTAGE,1,2011-05-19 15:41:00,18.0,12601,Germany,False,False,False
553890,DOT,DOTCOM POSTAGE,1,2011-05-19 16:32:00,167.03,,United Kingdom,True,False,False
553997,POST,POSTAGE,9,2011-05-20 11:34:00,18.0,12656,France,False,False,False
C554002,POST,POSTAGE,-1,2011-05-20 12:09:00,6.5,13692,United Kingdom,False,True,False
C554010,POST,POSTAGE,-1,2011-05-20 12:44:00,75.0,17940,United Kingdom,False,True,False
554017,22520,,-101,2011-05-20 13:15:00,0.0,,United Kingdom,True,False,True
554020,22518,,-30,2011-05-20 13:17:00,0.0,,United Kingdom,True,False,True
554021,20886,,-65,2011-05-20 13:18:00,0.0,,United Kingdom,True,False,True
554022,20886,,10,2011-05-20 13:19:00,0.0,,United Kingdom,True,False,True
554023,82613B,,-71,2011-05-20 13:20:00,0.0,,United Kingdom,True,False,True
554024,20998,,-11,2011-05-20 13:21:00,0.0,,United Kingdom,True,False,True
554037,22619,SET OF 6 SOLDIER SKITTLES,80,2011-05-20 14:13:00,0.0,12415,Australia,False,False,True
554038,POST,POSTAGE,2,2011-05-20 14:23:00,15.0,12775,Netherlands,False,False,False
554054,DOT,DOTCOM POSTAGE,1,2011-05-20 15:29:00,124.27,,United Kingdom,True,False,False
554097,POST,POSTAGE,5,2011-05-22 13:01:00,18.0,12567,France,False,False,False
C554100,M,Manual,-1,2011-05-22 13:27:00,0.85,15555,United Kingdom,False,True,False
554104,POST,POSTAGE,4,2011-05-22 14:03:00,18.0,12705,Germany,False,False,False
554106,POST,POSTAGE,4,2011-05-22 14:05:00,18.0,12710,Germany,False,False,False
554109,POST,POSTAGE,2,2011-05-22 14:33:00,18.0,12682,France,False,False,False
C554127,M,Manual,-96,2011-05-23 09:24:00,5.0,17949,United Kingdom,False,True,False
554128,84563A,damaged,-4,2011-05-23 09:26:00,0.0,,United Kingdom,True,False,True
554132,POST,POSTAGE,4,2011-05-23 09:43:00,40.0,12360,Austria,False,False,False
554133,84596J,,-3,2011-05-23 09:46:00,0.0,,United Kingdom,True,False,True
554134,POST,POSTAGE,2,2011-05-23 09:48:00,18.0,12583,France,False,False,False
554137,POST,POSTAGE,2,2011-05-23 10:13:00,18.0,12708,Germany,False,False,False
554143,79030G,damages,-413,2011-05-23 10:40:00,0.0,,United Kingdom,True,False,True
554144,79030D,damages,-664,2011-05-23 10:42:00,0.0,,United Kingdom,True,False,True
554145,84313C,,-12,2011-05-23 10:43:00,0.0,,United Kingdom,True,False,True
554147,POST,POSTAGE,2,2011-05-23 10:48:00,15.0,12423,Belgium,False,False,False
554148,20966,,1,2011-05-23 10:53:00,0.0,,United Kingdom,True,False,True
554149,85185D,,1,2011-05-23 10:53:00,0.0,,United Kingdom,True,False,True
C554154,M,Manual,-1,2011-05-23 11:24:00,1241.98,12757,Portugal,False,True,False
554155,M,Manual,1,2011-05-23 11:26:00,1241.98,12757,Portugal,False,False,False
554159,POST,POSTAGE,2,2011-05-23 11:48:00,15.0,12464,Belgium,False,False,False
554267,84313C,,6,2011-05-23 12:56:00,0.0,,United Kingdom,True,False,True
554276,22966,,-58,2011-05-23 13:19:00,0.0,,United Kingdom,True,False,True
554285,DOT,DOTCOM POSTAGE,1,2011-05-23 14:15:00,156.92,,United Kingdom,True,False,False
554287,22700,smashed,-48,2011-05-23 14:17:00,0.0,,United Kingdom,True,False,True
554293,DOT,DOTCOM POSTAGE,1,2011-05-23 14:19:00,159.63,,United Kingdom,True,False,False
554299,20975,,-39,2011-05-23 14:28:00,0.0,,United Kingdom,True,False,True
554301,M,Manual,1,2011-05-23 14:46:00,1241.98,12757,Portugal,False,False,False
C554302,M,Manual,-1,2011-05-23 14:50:00,1241.98,12757,Portugal,False,True,False
C554303,M,Manual,-1,2011-05-23 14:52:00,15.0,12757,Portugal,False,True,False
554305,M,Manual,1,2011-05-23 14:58:00,557.72,12757,Portugal,False,False,False
C554308,M,Manual,-1,2011-05-23 15:00:00,557.72,12757,Portugal,False,True,False
554310,DOT,DOTCOM POSTAGE,1,2011-05-23 15:25:00,249.91,,United Kingdom,True,False,False
554311,84743C,,-16,2011-05-23 15:28:00,0.0,,United Kingdom,True,False,True
554312,84741C,,-2,2011-05-23 15:28:00,0.0,,United Kingdom,True,False,True
554313,21144,,-63,2011-05-23 15:28:00,0.0,,United Kingdom,True,False,True
554314,85195,,-13,2011-05-23 15:29:00,0.0,,United Kingdom,True,False,True
554316,21195,,-1,2011-05-23 15:29:00,0.0,,United Kingdom,True,False,True
554317,85198,,-11,2011-05-23 15:29:00,0.0,,United Kingdom,True,False,True
554318,84535A,,-65,2011-05-23 15:30:00,0.0,,United Kingdom,True,False,True
554319,47574B,,-13,2011-05-23 15:31:00,0.0,,United Kingdom,True,False,True
554320,16053,,-102,2011-05-23 15:32:00,0.0,,United Kingdom,True,False,True
554321,16244B,,-5,2011-05-23 15:32:00,0.0,,United Kingdom,True,False,True
554324,POST,POSTAGE,1,2011-05-23 15:38:00,18.0,12712,Germany,False,False,False
554325,POST,POSTAGE,3,2011-05-23 15:38:00,18.0,12621,Germany,False,False,False
554328,21609,,-46,2011-05-23 16:49:00,0.0,,United Kingdom,True,False,True
554352,22720,,4,2011-05-24 08:57:00,0.0,,United Kingdom,True,False,True
554356,POST,POSTAGE,2,2011-05-24 09:25:00,18.0,12670,France,False,False,False
554360,22524,,-13,2011-05-24 09:59:00,0.0,,United Kingdom,True,False,True
554363,POST,POSTAGE,2,2011-05-24 10:19:00,18.0,12647,Germany,False,False,False
554377,79164,,47,2011-05-24 11:34:00,0.0,,United Kingdom,True,False,True
554378,20975,,3,2011-05-24 11:35:00,0.0,,United Kingdom,True,False,True
554432,85132A,damaged,-97,2011-05-24 12:16:00,0.0,,United Kingdom,True,False,True
554488,84913A,,-75,2011-05-24 13:35:00,0.0,,United Kingdom,True,False,True
554511,DOT,DOTCOM POSTAGE,1,2011-05-24 15:52:00,162.67,,United Kingdom,True,False,False
554512,DOT,DOTCOM POSTAGE,1,2011-05-24 15:54:00,194.12,,United Kingdom,True,False,False
554514,DOT,DOTCOM POSTAGE,1,2011-05-24 15:58:00,214.29,,United Kingdom,True,False,False
C554516,D,Discount,-1,2011-05-24 16:50:00,13.88,14527,United Kingdom,False,True,False
C554535,M,Manual,-1,2011-05-24 17:36:00,60.0,17940,United Kingdom,False,True,False
C554544,M,Manual,-1,2011-05-25 09:34:00,102.64,,United Kingdom,True,True,False
554550,47566B,incorrectly credited C550456 see 47,1300,2011-05-25 09:57:00,0.0,,United Kingdom,True,False,True
554551,47566B,reverse previous adjustment,-1300,2011-05-25 09:58:00,0.0,,United Kingdom,True,False,True
554553,47566B,incorrectly credited C550456 see 47,-1300,2011-05-25 09:59:00,0.0,,United Kingdom,True,False,True
554555,POST,POSTAGE,2,2011-05-25 10:08:00,18.0,12437,France,False,False,False
554559,16151A,,-2,2011-05-25 10:28:00,0.0,,United Kingdom,True,False,True
554627,84746,,67,2011-05-25 11:26:00,0.0,,United Kingdom,True,False,True
554634,85214,,64,2011-05-25 11:44:00,0.0,,United Kingdom,True,False,True
554648,POST,POSTAGE,3,2011-05-25 12:44:00,18.0,12562,France,False,False,False
554650,POST,POSTAGE,3,2011-05-25 12:54:00,18.0,12681,France,False,False,False
554654,POST,POSTAGE,3,2011-05-25 13:34:00,40.0,12815,Poland,False,False,False
554673,35653,,24,2011-05-25 16:01:00,0.0,,United Kingdom,True,False,True
554675,20903,,-33,2011-05-25 16:01:00,0.0,,United Kingdom,True,False,True
554676,71143,,-31,2011-05-25 16:03:00,0.0,,United Kingdom,True,False,True
554677,20664,,9,2011-05-25 16:03:00,0.0,,United Kingdom,True,False,True
554678,85086A,,-30,2011-05-25 16:03:00,0.0,,United Kingdom,True,False,True
554679,35916A,,-21,2011-05-25 16:04:00,0.0,,United Kingdom,True,False,True
554680,35916B,,-21,2011-05-25 16:04:00,0.0,,United Kingdom,True,False,True
554681,35916C,,-32,2011-05-25 16:04:00,0.0,,United Kingdom,True,False,True
554694,DOT,DOTCOM POSTAGE,1,2011-05-25 17:06:00,202.77,,United Kingdom,True,False,False
554696,85016,,5,2011-05-25 17:14:00,0.0,,United Kingdom,True,False,True
554699,POST,POSTAGE,3,2011-05-26 09:17:00,18.0,12613,Germany,False,False,False
554711,POST,POSTAGE,1,2011-05-26 10:41:00,18.0,12654,Germany,False,False,False
554714,DOT,DOTCOM POSTAGE,1,2011-05-26 10:44:00,155.25,,United Kingdom,True,False,False
554792,POST,POSTAGE,1,2011-05-26 12:38:00,28.0,12547,Spain,False,False,False
554794,POST,POSTAGE,2,2011-05-26 12:41:00,18.0,12720,Germany,False,False,False
554828,16049,,74,2011-05-26 15:21:00,0.0,,United Kingdom,True,False,True
554829,20801,,6,2011-05-26 15:22:00,0.0,,United Kingdom,True,False,True
554830,21904,,3,2011-05-26 15:22:00,0.0,,United Kingdom,True,False,True
554831,84906,,2,2011-05-26 15:22:00,0.0,,United Kingdom,True,False,True
554840,POST,POSTAGE,2,2011-05-26 17:16:00,18.0,12684,France,False,False,False
554852,21272,?,-212,2011-05-27 09:24:00,0.0,,United Kingdom,True,False,True
554857,POST,,800,2011-05-27 10:08:00,0.0,,United Kingdom,True,False,False
554861,POST,POSTAGE,5,2011-05-27 10:29:00,18.0,12633,Germany,False,False,False
554907,40003,,-11,2011-05-27 11:45:00,0.0,,United Kingdom,True,False,True
554924,POST,POSTAGE,1,2011-05-27 12:54:00,4.0,12748,United Kingdom,False,False,False
554928,21763,,-3,2011-05-27 13:03:00,0.0,,United Kingdom,True,False,True
554933,M,Manual,2,2011-05-27 13:26:00,0.3,13232,United Kingdom,False,False,False
554938,POST,POSTAGE,4,2011-05-27 13:34:00,15.0,12876,Belgium,False,False,False
554940,POST,POSTAGE,2,2011-05-27 13:49:00,18.0,12494,France,False,False,False
554957,DOT,DOTCOM POSTAGE,1,2011-05-27 15:17:00,75.75,,United Kingdom,True,False,False
554958,DOT,DOTCOM POSTAGE,1,2011-05-27 15:17:00,167.88,,United Kingdom,True,False,False
554959,DOT,DOTCOM POSTAGE,1,2011-05-27 15:18:00,58.5,,United Kingdom,True,False,False
554960,DOT,DOTCOM POSTAGE,1,2011-05-27 15:18:00,148.75,,United Kingdom,True,False,False
554961,DOT,DOTCOM POSTAGE,1,2011-05-27 15:19:00,164.29,,United Kingdom,True,False,False
554962,84691,,2,2011-05-27 15:24:00,0.0,,United Kingdom,True,False,True
554985,POST,POSTAGE,4,2011-05-29 12:26:00,18.0,12426,Germany,False,False,False
555003,POST,POSTAGE,1,2011-05-31 09:36:00,15.0,12787,Netherlands,False,False,False
555095,POST,POSTAGE,7,2011-05-31 13:32:00,28.0,12540,Spain,False,False,False
555096,POST,POSTAGE,3,2011-05-31 13:32:00,18.0,12682,France,False,False,False
555106,POST,POSTAGE,2,2011-05-31 14:14:00,15.0,12790,Netherlands,False,False,False
555110,M,Manual,2,2011-05-31 14:34:00,1.65,17841,United Kingdom,False,False,False
555147,POST,POSTAGE,4,2011-05-31 15:41:00,40.0,13505,Switzerland,False,False,False
555149,DOT,DOTCOM POSTAGE,1,2011-05-31 15:49:00,154.01,,United Kingdom,True,False,False
555150,DOT,DOTCOM POSTAGE,1,2011-05-31 15:53:00,183.55,,United Kingdom,True,False,False
555161,POST,POSTAGE,1,2011-06-01 09:26:00,15.0,12423,Belgium,False,False,False
555162,POST,POSTAGE,4,2011-06-01 10:15:00,18.0,12473,Germany,False,False,False
C555163,POST,POSTAGE,-2,2011-06-01 10:18:00,18.0,12473,Germany,False,True,False
555264,M,Manual,1,2011-06-01 16:03:00,3.95,17757,United Kingdom,False,False,False
555275,DOT,DOTCOM POSTAGE,1,2011-06-01 17:18:00,205.29,,United Kingdom,True,False,False
555276,DOT,DOTCOM POSTAGE,1,2011-06-01 17:28:00,185.88,,United Kingdom,True,False,False
555277,DOT,DOTCOM POSTAGE,1,2011-06-01 17:30:00,124.87,,United Kingdom,True,False,False
555278,DOT,DOTCOM POSTAGE,1,2011-06-01 17:33:00,97.96,,United Kingdom,True,False,False
555320,DOT,DOTCOM POSTAGE,1,2011-06-02 11:00:00,98.54,,United Kingdom,True,False,False
555321,DOT,DOTCOM POSTAGE,1,2011-06-02 11:01:00,56.79,,United Kingdom,True,False,False
555322,DOT,DOTCOM POSTAGE,1,2011-06-02 11:01:00,88.71,,United Kingdom,True,False,False
555323,DOT,DOTCOM POSTAGE,1,2011-06-02 11:02:00,46.0,,United Kingdom,True,False,False
555324,DOT,DOTCOM POSTAGE,1,2011-06-02 11:02:00,124.08,,United Kingdom,True,False,False
555325,DOT,DOTCOM POSTAGE,1,2011-06-02 11:02:00,47.67,,United Kingdom,True,False,False
555326,DOT,DOTCOM POSTAGE,1,2011-06-02 11:03:00,79.67,,United Kingdom,True,False,False
555327,DOT,DOTCOM POSTAGE,1,2011-06-02 11:03:00,158.63,,United Kingdom,True,False,False
555330,84804A,wet damaged,-125,2011-06-02 11:11:00,0.0,,United Kingdom,True,False,True
555331,84800L,wet damaged,-144,2011-06-02 11:11:00,0.0,,United Kingdom,True,False,True
555332,84801A,wet damaged,-48,2011-06-02 11:11:00,0.0,,United Kingdom,True,False,True
555333,84805B,wet damaged,-96,2011-06-02 11:12:00,0.0,,United Kingdom,True,False,True
555334,84805A,wet damaged,-96,2011-06-02 11:12:00,0.0,,United Kingdom,True,False,True
555335,84804B,,-96,2011-06-02 11:13:00,0.0,,United Kingdom,True,False,True
C555339,M,Manual,-1,2011-06-02 11:32:00,11.7,16422,United Kingdom,False,True,False
555387,22276,,-59,2011-06-02 15:30:00,0.0,,United Kingdom,True,False,True
555390,22501,,50,2011-06-02 16:29:00,0.0,,United Kingdom,True,False,True
555391,22501,,-10,2011-06-02 16:29:00,0.0,,United Kingdom,True,False,True
555397,DOT,DOTCOM POSTAGE,1,2011-06-02 17:26:00,216.8,,United Kingdom,True,False,False
555402,22501,,10,2011-06-02 17:55:00,0.0,,United Kingdom,True,False,True
555403,POST,POSTAGE,1,2011-06-02 18:06:00,40.0,12676,Sweden,False,False,False
555407,POST,POSTAGE,1,2011-06-03 07:48:00,15.0,12775,Netherlands,False,False,False
555417,POST,POSTAGE,1,2011-06-03 10:17:00,18.0,12601,Germany,False,False,False
555469,84917,,1,2011-06-03 11:11:00,0.0,,United Kingdom,True,False,True
555470,POST,POSTAGE,1,2011-06-03 11:33:00,28.0,12455,Spain,False,False,False
555503,84313C,damaged,-1,2011-06-03 15:39:00,0.0,,United Kingdom,True,False,True
555505,79030G,Water damaged,-16,2011-06-03 15:48:00,0.0,,United Kingdom,True,False,True
555506,21397,damaged,-57,2011-06-03 16:03:00,0.0,,United Kingdom,True,False,True
555510,DOT,DOTCOM POSTAGE,1,2011-06-03 17:09:00,181.45,,United Kingdom,True,False,False
555523,POST,POSTAGE,2,2011-06-05 11:36:00,18.0,12468,Germany,False,False,False
555531,POST,POSTAGE,11,2011-06-05 11:53:00,18.0,12678,France,False,False,False
555547,POST,POSTAGE,4,2011-06-05 13:13:00,18.0,12681,France,False,False,False
555553,POST,POSTAGE,2,2011-06-05 13:45:00,18.0,12662,Germany,False,False,False
555569,POST,POSTAGE,5,2011-06-05 15:29:00,18.0,12727,France,False,False,False
555572,POST,POSTAGE,6,2011-06-05 15:37:00,15.0,12449,Belgium,False,False,False
555574,POST,POSTAGE,3,2011-06-05 15:46:00,15.0,12417,Belgium,False,False,False
555589,POST,POSTAGE,2,2011-06-06 09:36:00,15.0,12802,Netherlands,False,False,False
C555597,D,Discount,-1,2011-06-06 10:19:00,42.0,15796,United Kingdom,False,True,False
555648,M,Manual,12,2011-06-06 13:46:00,0.39,14623,United Kingdom,False,False,False
555719,POST,POSTAGE,5,2011-06-06 15:31:00,18.0,12609,Germany,False,False,False
555721,POST,POSTAGE,3,2011-06-06 16:01:00,15.0,15108,European Community,False,False,False
555722,DOT,DOTCOM POSTAGE,1,2011-06-06 16:06:00,208.89,,United Kingdom,True,False,False
555726,POST,POSTAGE,2,2011-06-06 16:23:00,28.0,12540,Spain,False,False,False
555739,POST,POSTAGE,3,2011-06-07 09:49:00,15.0,12380,Belgium,False,False,False
555821,21399,,-116,2011-06-07 12:01:00,0.0,,United Kingdom,True,False,True
555822,35809A,,-13,2011-06-07 12:04:00,0.0,,United Kingdom,True,False,True
555823,47021G,,-52,2011-06-07 12:06:00,0.0,,United Kingdom,True,False,True
555824,21043,,-12,2011-06-07 12:06:00,0.0,,United Kingdom,True,False,True
555838,22966,,-6,2011-06-07 12:37:00,0.0,,United Kingdom,True,False,True
555851,M,Manual,1,2011-06-07 13:37:00,3.75,13050,United Kingdom,False,False,False
555869,POST,POSTAGE,1,2011-06-07 14:54:00,5.15,,United Kingdom,True,False,False
555923,DOT,DOTCOM POSTAGE,1,2011-06-07 17:09:00,222.18,,United Kingdom,True,False,False
555924,DOT,DOTCOM POSTAGE,1,2011-06-07 17:12:00,174.78,,United Kingdom,True,False,False
555925,DOT,DOTCOM POSTAGE,1,2011-06-07 17:13:00,173.59,,United Kingdom,True,False,False
555928,POST,POSTAGE,2,2011-06-08 08:02:00,15.0,12383,Belgium,False,False,False
555931,POST,POSTAGE,4,2011-06-08 08:31:00,40.0,17828,Malta,False,False,False
555937,POST,POSTAGE,3,2011-06-08 09:39:00,18.0,12683,France,False,False,False
555941,POST,POSTAGE,1,2011-06-08 10:10:00,18.0,12726,France,False,False,False
555943,POST,POSTAGE,3,2011-06-08 10:15:00,40.0,13520,Switzerland,False,False,False
556012,15044B,,-27,2011-06-08 11:45:00,0.0,,United Kingdom,True,False,True
556013,21662,,-17,2011-06-08 11:46:00,0.0,,United Kingdom,True,False,True
556014,37476,,-3,2011-06-08 11:46:00,0.0,,United Kingdom,True,False,True
556015,37501,,-13,2011-06-08 11:50:00,0.0,,United Kingdom,True,False,True
C556037,D,Discount,-1,2011-06-08 12:37:00,20.92,14527,United Kingdom,False,True,False
556046,21890,missing,-140,2011-06-08 12:56:00,0.0,,United Kingdom,True,False,True
556061,20906,,-21,2011-06-08 14:04:00,0.0,,United Kingdom,True,False,True
556069,84226,,-34,2011-06-08 14:41:00,0.0,,United Kingdom,True,False,True
556070,M,Manual,1,2011-06-08 14:51:00,129.38,17873,United Kingdom,False,False,False
556074,22519,,-19,2011-06-08 15:14:00,0.0,,United Kingdom,True,False,True
556081,DOT,DOTCOM POSTAGE,1,2011-06-08 15:22:00,169.29,,United Kingdom,True,False,False
556082,DOT,DOTCOM POSTAGE,1,2011-06-08 15:22:00,212.96,,United Kingdom,True,False,False
556083,DOT,DOTCOM POSTAGE,1,2011-06-08 15:23:00,89.79,,United Kingdom,True,False,False
556085,DOT,DOTCOM POSTAGE,1,2011-06-08 15:23:00,151.33,,United Kingdom,True,False,False
556086,DOT,DOTCOM POSTAGE,1,2011-06-08 15:24:00,53.33,,United Kingdom,True,False,False
556087,DOT,DOTCOM POSTAGE,1,2011-06-08 15:24:00,110.13,,United Kingdom,True,False,False
556088,DOT,DOTCOM POSTAGE,1,2011-06-08 15:24:00,36.13,,United Kingdom,True,False,False
556089,DOT,DOTCOM POSTAGE,1,2011-06-08 15:25:00,93.75,,United Kingdom,True,False,False
556090,DOT,DOTCOM POSTAGE,1,2011-06-08 15:25:00,61.79,,United Kingdom,True,False,False
556091,DOT,DOTCOM POSTAGE,1,2011-06-08 15:25:00,84.63,,United Kingdom,True,False,False
556092,DOT,DOTCOM POSTAGE,1,2011-06-08 15:25:00,97.79,,United Kingdom,True,False,False
556093,DOT,DOTCOM POSTAGE,1,2011-06-08 15:26:00,224.42,,United Kingdom,True,False,False
556094,DOT,DOTCOM POSTAGE,1,2011-06-08 15:26:00,98.75,,United Kingdom,True,False,False
556095,DOT,DOTCOM POSTAGE,1,2011-06-08 15:27:00,192.54,,United Kingdom,True,False,False
556108,DOT,DOTCOM POSTAGE,1,2011-06-08 17:59:00,275.98,,United Kingdom,True,False,False
556114,POST,POSTAGE,1,2011-06-09 09:36:00,18.0,12569,Germany,False,False,False
556118,POST,POSTAGE,2,2011-06-09 09:54:00,18.0,13811,Germany,False,False,False
556122,85019C,Damaged,-108,2011-06-09 10:12:00,0.0,,United Kingdom,True,False,True
556123,22272,Damaged,-15,2011-06-09 10:13:00,0.0,,United Kingdom,True,False,True
556124,17007B,,-4,2011-06-09 10:14:00,0.0,,United Kingdom,True,False,True
556180,22502,,40,2011-06-09 11:29:00,0.0,,United Kingdom,True,False,True
556194,POST,POSTAGE,2,2011-06-09 12:20:00,18.0,12483,Sweden,False,False,False
556200,84796B,,17,2011-06-09 12:42:00,0.0,,United Kingdom,True,False,True
556203,POST,POSTAGE,1,2011-06-09 13:09:00,15.0,12399,Belgium,False,False,False
556222,M,Manual,12,2011-06-09 14:23:00,0.38,17522,United Kingdom,False,False,False
556231,85123A,?,4000,2011-06-09 15:04:00,0.0,,United Kingdom,True,False,True
556232,21135,sold as set on dotcom,-304,2011-06-09 15:15:00,0.0,,United Kingdom,True,False,True
556233,21136,sold as set on dotcom,-272,2011-06-09 15:20:00,0.0,,United Kingdom,True,False,True
556235,POST,POSTAGE,1,2011-06-09 15:29:00,15.0,12778,Netherlands,False,False,False
556237,DOT,DOTCOM POSTAGE,1,2011-06-09 15:34:00,275.34,,United Kingdom,True,False,False
556241,POST,POSTAGE,8,2011-06-09 16:04:00,28.0,12597,Spain,False,False,False
556242,21700,sold as set on dotcom and amazon,-1206,2011-06-09 16:06:00,0.0,,United Kingdom,True,False,True
556243,DOT,DOTCOM POSTAGE,1,2011-06-09 16:07:00,237.33,,United Kingdom,True,False,False
556258,POST,POSTAGE,3,2011-06-09 17:48:00,18.0,12694,France,False,False,False
556259,POST,POSTAGE,4,2011-06-09 17:53:00,18.0,12721,France,False,False,False
556260,37340,sold as set on dotcom,-18,2011-06-09 18:02:00,0.0,,United Kingdom,True,False,True
556261,79051A,sold as set on dotcom,-6,2011-06-09 18:03:00,0.0,,United Kingdom,True,False,True
556262,37327,sold as set on dotcom,-95,2011-06-09 18:04:00,0.0,,United Kingdom,True,False,True
C556265,D,Discount,-1,2011-06-09 19:24:00,28.04,16684,United Kingdom,False,True,False
C556274,M,Manual,-1,2011-06-09 19:46:00,600.0,15299,United Kingdom,False,True,False
C556281,POST,POSTAGE,-1,2011-06-09 20:32:00,4.05,14040,United Kingdom,False,True,False
556286,16052,,-16,2011-06-10 09:22:00,0.0,,United Kingdom,True,False,True
556287,16043,,-45,2011-06-10 09:22:00,0.0,,United Kingdom,True,False,True
556289,20823,,-102,2011-06-10 09:23:00,0.0,,United Kingdom,True,False,True
556291,79164,,2,2011-06-10 09:24:00,0.0,,United Kingdom,True,False,True
556292,21472,,-1,2011-06-10 09:24:00,0.0,,United Kingdom,True,False,True
556299,21937,?,-161,2011-06-10 10:17:00,0.0,,United Kingdom,True,False,True
556300,20735,,-472,2011-06-10 10:18:00,0.0,,United Kingdom,True,False,True
556301,22968,water damage,-50,2011-06-10 10:18:00,0.0,,United Kingdom,True,False,True
556305,POST,POSTAGE,4,2011-06-10 10:38:00,18.0,12643,France,False,False,False
556306,37479B,sold as set by dotcom,-30,2011-06-10 10:38:00,0.0,,United Kingdom,True,False,True
556307,37479P,sold as set on dotcom,-30,2011-06-10 10:39:00,0.0,,United Kingdom,True,False,True
556308,22130,sold as set on dotcom,-390,2011-06-10 10:43:00,0.0,,United Kingdom,True,False,True
556309,22856,sold as set on dotcom,-30,2011-06-10 10:44:00,0.0,,United Kingdom,True,False,True
556310,22944,sold as set on dotcom,-42,2011-06-10 10:44:00,0.0,,United Kingdom,True,False,True
556311,37471,sold as set on dotcom,-12,2011-06-10 10:45:00,0.0,,United Kingdom,True,False,True
556312,22924,sold as set on dotcom,-30,2011-06-10 10:46:00,0.0,,United Kingdom,True,False,True
556313,22923,sold as set on dotcom,-12,2011-06-10 10:46:00,0.0,,United Kingdom,True,False,True
556314,23155,sold as set on dotcom,-84,2011-06-10 10:47:00,0.0,,United Kingdom,True,False,True
556315,22948,sold as set on dotcom,-108,2011-06-10 10:47:00,0.0,,United Kingdom,True,False,True
556316,22128,sold as set on dotcom,-24,2011-06-10 10:48:00,0.0,,United Kingdom,True,False,True
556317,22857,sold as set on dotcom,-48,2011-06-10 10:48:00,0.0,,United Kingdom,True,False,True
556319,22945,sold as set on dotcom,-618,2011-06-10 10:49:00,0.0,,United Kingdom,True,False,True
556320,22922,sold as set on dotcom,-42,2011-06-10 10:50:00,0.0,,United Kingdom,True,False,True
556321,79163,sold as set on dotcom,-24,2011-06-10 10:50:00,0.0,,United Kingdom,True,False,True
556322,22915,sold as set on dotcom,-204,2011-06-10 10:51:00,0.0,,United Kingdom,True,False,True
C556324,POST,POSTAGE,-1,2011-06-10 11:15:00,5.0,14287,United Kingdom,False,True,False
556326,20731,,10,2011-06-10 11:21:00,0.0,,United Kingdom,True,False,True
556328,21027,,47,2011-06-10 11:23:00,0.0,,United Kingdom,True,False,True
556418,47021G,,288,2011-06-10 12:26:00,0.0,,United Kingdom,True,False,True
556427,DOT,DOTCOM POSTAGE,1,2011-06-10 13:23:00,91.33,,United Kingdom,True,False,False
556428,DOT,DOTCOM POSTAGE,1,2011-06-10 13:23:00,130.71,,United Kingdom,True,False,False
556429,DOT,DOTCOM POSTAGE,1,2011-06-10 13:23:00,61.63,,United Kingdom,True,False,False
556430,22968,,19,2011-06-10 13:24:00,0.0,,United Kingdom,True,False,True
556431,DOT,DOTCOM POSTAGE,1,2011-06-10 13:24:00,9.08,,United Kingdom,True,False,False
556438,37479B,,8,2011-06-10 14:36:00,0.0,,United Kingdom,True,False,True
556443,POST,POSTAGE,4,2011-06-10 15:28:00,18.0,12712,Germany,False,False,False
C556445,M,Manual,-1,2011-06-10 15:31:00,38970.0,15098,United Kingdom,False,True,False
556459,DOT,DOTCOM POSTAGE,1,2011-06-10 17:25:00,171.46,,United Kingdom,True,False,False
556463,POST,POSTAGE,2,2011-06-12 10:47:00,18.0,12583,France,False,False,False
556469,POST,POSTAGE,3,2011-06-12 11:37:00,18.0,12516,Germany,False,False,False
556507,POST,POSTAGE,8,2011-06-13 09:55:00,18.0,12567,France,False,False,False
556509,POST,POSTAGE,2,2011-06-13 10:33:00,18.0,12708,Germany,False,False,False
556513,DOT,DOTCOM POSTAGE,1,2011-06-13 10:45:00,101.17,,United Kingdom,True,False,False
556514,POST,POSTAGE,1,2011-06-13 10:45:00,3.3,,United Kingdom,True,False,False
556515,DOT,DOTCOM POSTAGE,1,2011-06-13 10:45:00,61.71,,United Kingdom,True,False,False
556516,DOT,DOTCOM POSTAGE,1,2011-06-13 10:46:00,87.04,,United Kingdom,True,False,False
556517,POST,POSTAGE,5,2011-06-13 10:52:00,18.0,12481,Germany,False,False,False
556519,POST,POSTAGE,1,2011-06-13 10:54:00,2.02,16794,United Kingdom,False,False,False
556526,POST,POSTAGE,1,2011-06-13 11:33:00,18.0,12732,France,False,False,False
556527,M,Manual,4,2011-06-13 11:33:00,1.65,16205,United Kingdom,False,False,False
556529,POST,POSTAGE,4,2011-06-13 11:41:00,18.0,12714,France,False,False,False
556573,M,Manual,1,2011-06-13 13:32:00,4.25,14667,United Kingdom,False,False,False
556578,POST,POSTAGE,7,2011-06-13 14:13:00,18.0,12472,Germany,False,False,False
556636,DOT,DOTCOM POSTAGE,1,2011-06-13 15:30:00,188.54,,United Kingdom,True,False,False
556671,M,Manual,1,2011-06-13 16:33:00,2.5,17841,United Kingdom,False,False,False
C556675,M,Manual,-1,2011-06-13 17:13:00,20.0,16013,United Kingdom,False,True,False
556687,23003,Printing smudges/thrown away,-9058,2011-06-14 10:36:00,0.0,,United Kingdom,True,False,True
556690,23005,printing smudges/thrown away,-9600,2011-06-14 10:37:00,0.0,,United Kingdom,True,False,True
556691,23005,printing smudges/thrown away,-9600,2011-06-14 10:37:00,0.0,,United Kingdom,True,False,True
556784,M,Manual,1,2011-06-14 13:15:00,0.39,14461,United Kingdom,False,False,False
C556796,D,Discount,-96,2011-06-14 14:40:00,0.7,16013,United Kingdom,False,True,False
C556807,POST,POSTAGE,-1,2011-06-14 15:43:00,14.95,,United Kingdom,True,True,False
C556807,M,Manual,-1,2011-06-14 15:43:00,91.58,,United Kingdom,True,True,False
556812,DOT,DOTCOM POSTAGE,1,2011-06-14 17:25:00,239.67,,United Kingdom,True,False,False
556813,DOT,DOTCOM POSTAGE,1,2011-06-14 17:28:00,191.78,,United Kingdom,True,False,False
556816,POST,POSTAGE,3,2011-06-15 09:01:00,18.0,12437,France,False,False,False
556819,POST,POSTAGE,4,2011-06-15 10:21:00,18.0,12682,France,False,False,False
556821,DOT,DOTCOM POSTAGE,1,2011-06-15 10:22:00,50.96,,United Kingdom,True,False,False
556823,DOT,DOTCOM POSTAGE,1,2011-06-15 10:24:00,20.5,,United Kingdom,True,False,False
556824,DOT,DOTCOM POSTAGE,1,2011-06-15 10:24:00,65.79,,United Kingdom,True,False,False
556825,DOT,DOTCOM POSTAGE,1,2011-06-15 10:24:00,117.42,,United Kingdom,True,False,False
556826,DOT,DOTCOM POSTAGE,1,2011-06-15 10:25:00,277.0,,United Kingdom,True,False,False
556829,POST,POSTAGE,3,2011-06-15 10:51:00,28.0,12809,Portugal,False,False,False
C556870,M,Manual,-1,2011-06-15 11:47:00,306.6,,United Kingdom,True,True,False
C556874,BANK CHARGES,Bank Charges,-1,2011-06-15 11:49:00,464.52,,United Kingdom,True,True,False
C556875,M,Manual,-1,2011-06-15 11:51:00,702.38,,United Kingdom,True,True,False
C556877,D,Discount,-1,2011-06-15 12:00:00,129.9,15498,United Kingdom,False,True,False
556884,22698,,-61,2011-06-15 12:27:00,0.0,,United Kingdom,True,False,True
556886,POST,POSTAGE,2,2011-06-15 12:34:00,18.0,12624,France,False,False,False
C556904,D,Discount,-1,2011-06-15 12:56:00,14.42,14527,United Kingdom,False,True,False
C556919,POST,POSTAGE,-1,2011-06-15 13:46:00,2.17,17511,United Kingdom,False,True,False
556932,DOT,DOTCOM POSTAGE,1,2011-06-15 15:41:00,141.03,,United Kingdom,True,False,False
556933,22783,,2,2011-06-15 15:42:00,0.0,,United Kingdom,True,False,True
556934,37479B,,1,2011-06-15 15:43:00,0.0,,United Kingdom,True,False,True
556939,46000M,POLYESTER FILLER PAD 45x45cm,80,2011-06-15 16:34:00,0.0,,United Kingdom,True,False,True
556939,46000S,POLYESTER FILLER PAD 40x40cm,160,2011-06-15 16:34:00,0.0,,United Kingdom,True,False,True
556943,84809A,,-126,2011-06-15 16:54:00,0.0,,United Kingdom,True,False,True
556944,84800L,,-29,2011-06-15 16:54:00,0.0,,United Kingdom,True,False,True
556945,21614,,3,2011-06-15 16:55:00,0.0,,United Kingdom,True,False,True
556946,37444A,,2,2011-06-15 16:55:00,0.0,,United Kingdom,True,False,True
556947,22444,,1,2011-06-15 16:55:00,0.0,,United Kingdom,True,False,True
556948,90104,,1,2011-06-15 16:56:00,0.0,,United Kingdom,True,False,True
556949,85185D,,1,2011-06-15 16:56:00,0.0,,United Kingdom,True,False,True
556950,84548,,1,2011-06-15 16:56:00,0.0,,United Kingdom,True,False,True
556951,20975,,2,2011-06-15 16:57:00,0.0,,United Kingdom,True,False,True
556952,21784,,1,2011-06-15 16:57:00,0.0,,United Kingdom,True,False,True
556955,gift_0001_20,to push order througha s stock was ,10,2011-06-16 09:04:00,0.0,,United Kingdom,True,False,True
556962,35965,,12,2011-06-16 09:40:00,0.0,,United Kingdom,True,False,True
556963,35965,found some more on shelf,-9,2011-06-16 09:40:00,0.0,,United Kingdom,True,False,True
557007,POST,POSTAGE,7,2011-06-16 11:30:00,28.0,12484,Spain,False,False,False
557025,22192,,-9,2011-06-16 13:09:00,0.0,,United Kingdom,True,False,True
557027,POST,POSTAGE,2,2011-06-16 13:24:00,40.0,12816,Poland,False,False,False
557028,79071B,,-4,2011-06-16 13:25:00,0.0,,United Kingdom,True,False,True
557029,22480,,-24,2011-06-16 13:29:00,0.0,,United Kingdom,True,False,True
557030,21446,,-50,2011-06-16 13:30:00,0.0,,United Kingdom,True,False,True
557031,21447,,-65,2011-06-16 13:31:00,0.0,,United Kingdom,True,False,True
557035,82583,?,-220,2011-06-16 13:52:00,0.0,,United Kingdom,True,False,True
557036,20867,?,-271,2011-06-16 13:53:00,0.0,,United Kingdom,True,False,True
557055,POST,POSTAGE,2,2011-06-16 14:45:00,18.0,12621,Germany,False,False,False
557069,POST,POSTAGE,3,2011-06-16 15:22:00,18.0,12562,France,False,False,False
557108,23113,Damaged,-1440,2011-06-16 15:58:00,0.0,,United Kingdom,True,False,True
557112,DOT,DOTCOM POSTAGE,1,2011-06-16 16:31:00,273.01,,United Kingdom,True,False,False
557137,85141,,3,2011-06-17 09:32:00,0.0,,United Kingdom,True,False,True
557138,21095,,2,2011-06-17 09:33:00,0.0,,United Kingdom,True,False,True
557139,35965,,2,2011-06-17 09:34:00,0.0,,United Kingdom,True,False,True
557147,POST,POSTAGE,4,2011-06-17 10:51:00,15.0,12408,Belgium,False,False,False
557232,POST,POSTAGE,2,2011-06-17 14:28:00,18.0,12463,Belgium,False,False,False
557295,POST,POSTAGE,1,2011-06-19 13:37:00,18.0,12724,France,False,False,False
557297,POST,POSTAGE,2,2011-06-19 13:54:00,28.0,12421,Spain,False,False,False
C557300,M,Manual,-1,2011-06-19 14:05:00,0.77,12421,Spain,False,True,False
557314,POST,POSTAGE,1,2011-06-19 15:59:00,28.0,12541,Spain,False,False,False
557324,DOT,DOTCOM POSTAGE,1,2011-06-20 09:41:00,212.33,,United Kingdom,True,False,False
557377,M,Manual,1,2011-06-20 11:00:00,1917.0,,EIRE,True,False,False
557377,M,Manual,1,2011-06-20 11:00:00,1216.12,,EIRE,True,False,False
C557381,M,Manual,-1,2011-06-20 11:01:00,1216.12,,EIRE,True,True,False
C557387,M,Manual,-1,2011-06-20 11:02:00,1917.0,,EIRE,True,True,False
557390,21360,Show Samples,-4,2011-06-20 11:12:00,0.0,,United Kingdom,True,False,True
557412,35965,,5,2011-06-20 11:38:00,0.0,,United Kingdom,True,False,True
557415,21937,,12,2011-06-20 11:48:00,0.0,,United Kingdom,True,False,True
557417,84809B,damaged,-324,2011-06-20 11:51:00,0.0,,United Kingdom,True,False,True
557427,POST,POSTAGE,9,2011-06-20 12:14:00,18.0,12429,Denmark,False,False,False
557466,POST,POSTAGE,11,2011-06-20 13:08:00,18.0,13815,Germany,False,False,False
557480,DOT,DOTCOM POSTAGE,1,2011-06-20 14:10:00,86.38,,United Kingdom,True,False,False
557481,DOT,DOTCOM POSTAGE,1,2011-06-20 14:11:00,130.63,,United Kingdom,True,False,False
557482,DOT,DOTCOM POSTAGE,1,2011-06-20 14:11:00,57.58,,United Kingdom,True,False,False
557483,POST,POSTAGE,1,2011-06-20 14:17:00,18.0,12643,France,False,False,False
557486,22084,,44,2011-06-20 14:42:00,0.0,,United Kingdom,True,False,True
557489,POST,POSTAGE,3,2011-06-20 14:58:00,18.0,12490,France,False,False,False
557491,85213,,66,2011-06-20 15:08:00,0.0,,United Kingdom,True,False,True
557493,DOT,DOTCOM POSTAGE,1,2011-06-20 15:18:00,132.33,,United Kingdom,True,False,False
557494,DOT,DOTCOM POSTAGE,1,2011-06-20 15:19:00,182.38,,United Kingdom,True,False,False
557495,DOT,DOTCOM POSTAGE,1,2011-06-20 15:19:00,26.33,,United Kingdom,True,False,False
557496,DOT,DOTCOM POSTAGE,1,2011-06-20 15:19:00,101.17,,United Kingdom,True,False,False
557497,DOT,DOTCOM POSTAGE,1,2011-06-20 15:20:00,46.13,,United Kingdom,True,False,False
557500,DOT,DOTCOM POSTAGE,1,2011-06-20 15:27:00,167.02,,United Kingdom,True,False,False
557502,DOT,DOTCOM POSTAGE,1,2011-06-20 15:32:00,173.3,,United Kingdom,True,False,False
557525,POST,POSTAGE,3,2011-06-21 09:26:00,15.0,12759,Netherlands,False,False,False
557569,POST,POSTAGE,2,2011-06-21 10:46:00,18.0,12474,Germany,False,False,False
557596,23114,Damaged,-1440,2011-06-21 11:33:00,0.0,,United Kingdom,True,False,True
557597,23115,Damaged,-1440,2011-06-21 11:33:00,0.0,,United Kingdom,True,False,True
557599,23116,Damaged,-1440,2011-06-21 11:34:00,0.0,,United Kingdom,True,False,True
557600,23117,Damaged,-1440,2011-06-21 11:35:00,0.0,,United Kingdom,True,False,True
557613,21841,,80,2011-06-21 13:12:00,0.0,,United Kingdom,True,False,True
C557624,M,Manual,-1,2011-06-21 14:22:00,0.75,16422,United Kingdom,False,True,False
C557624,M,Manual,-1,2011-06-21 14:22:00,5.8,16422,United Kingdom,False,True,False
557627,POST,POSTAGE,1,2011-06-21 14:30:00,18.0,12583,France,False,False,False
C557638,POST,POSTAGE,-1,2011-06-21 16:01:00,545.58,17450,United Kingdom,False,True,False
557641,DOT,DOTCOM POSTAGE,1,2011-06-21 16:35:00,75.71,,United Kingdom,True,False,False
557642,DOT,DOTCOM POSTAGE,1,2011-06-21 16:35:00,88.75,,United Kingdom,True,False,False
557643,DOT,DOTCOM POSTAGE,1,2011-06-21 16:36:00,129.08,,United Kingdom,True,False,False
557644,DOT,DOTCOM POSTAGE,1,2011-06-21 17:06:00,138.46,,United Kingdom,True,False,False
557645,DOT,DOTCOM POSTAGE,1,2011-06-21 17:08:00,87.75,,United Kingdom,True,False,False
C557656,M,Manual,-3,2011-06-21 17:37:00,4.25,14001,United Kingdom,False,True,False
557669,POST,POSTAGE,2,2011-06-22 09:43:00,18.0,12674,France,False,False,False
557675,POST,POSTAGE,1,2011-06-22 10:27:00,15.0,,Hong Kong,True,False,False
557734,POST,POSTAGE,2,2011-06-22 11:20:00,18.0,12684,France,False,False,False
557754,POST,POSTAGE,1,2011-06-22 13:12:00,700.0,12432,Norway,False,False,False
557756,22567,,-14,2011-06-22 13:18:00,0.0,,United Kingdom,True,False,True
557768,POST,POSTAGE,1,2011-06-22 14:26:00,3.01,,United Kingdom,True,False,False
557777,44265,,-5,2011-06-22 15:11:00,0.0,,United Kingdom,True,False,True
557778,21161,,-38,2011-06-22 15:11:00,0.0,,United Kingdom,True,False,True
557784,21421,damaged,-5,2011-06-22 15:49:00,0.0,,United Kingdom,True,False,True
557789,POST,POSTAGE,3,2011-06-22 16:32:00,15.0,12379,Belgium,False,False,False
557803,POST,POSTAGE,1,2011-06-23 10:20:00,40.0,12704,Finland,False,False,False
557806,84706D,,-5,2011-06-23 10:32:00,0.0,,United Kingdom,True,False,True
557847,84387A,,11,2011-06-23 10:49:00,0.0,,United Kingdom,True,False,True
557850,POST,POSTAGE,2,2011-06-23 10:56:00,18.0,12720,Germany,False,False,False
557851,85130A,,-23,2011-06-23 10:57:00,0.0,,United Kingdom,True,False,True
557884,M,Manual,1,2011-06-23 13:35:00,1.25,17759,United Kingdom,False,False,False
557885,POST,POSTAGE,2,2011-06-23 13:37:00,15.0,12465,Belgium,False,False,False
557889,POST,POSTAGE,2,2011-06-23 13:51:00,18.0,12412,Denmark,False,False,False
C557927,D,Discount,-1,2011-06-23 14:56:00,10.0,16029,United Kingdom,False,True,False
557937,DOT,DOTCOM POSTAGE,1,2011-06-23 15:30:00,157.81,,United Kingdom,True,False,False
557938,DOT,DOTCOM POSTAGE,1,2011-06-23 15:35:00,159.78,,United Kingdom,True,False,False
557939,POST,POSTAGE,2,2011-06-23 15:44:00,40.0,12697,Sweden,False,False,False
557972,POST,POSTAGE,2,2011-06-24 10:16:00,18.0,12500,Germany,False,False,False
558032,22443,,-7,2011-06-24 12:14:00,0.0,,United Kingdom,True,False,True
558033,84876B,,-59,2011-06-24 12:15:00,0.0,,United Kingdom,True,False,True
558034,20658,,-78,2011-06-24 12:17:00,0.0,,United Kingdom,True,False,True
C558036,AMAZONFEE,AMAZON FEE,-1,2011-06-24 12:31:00,5791.18,,United Kingdom,True,True,False
C558037,AMAZONFEE,AMAZON FEE,-1,2011-06-24 12:33:00,4534.24,,United Kingdom,True,True,False
558041,POST,POSTAGE,3,2011-06-24 13:20:00,40.0,12422,Switzerland,False,False,False
558045,POST,POSTAGE,3,2011-06-24 13:35:00,18.0,12615,France,False,False,False
558047,M,Manual,1,2011-06-24 13:51:00,542.2,,EIRE,True,False,False
C558048,M,Manual,-1,2011-06-24 13:52:00,542.2,,EIRE,True,True,False
558066,DOT,DOTCOM POSTAGE,1,2011-06-24 15:45:00,150.77,,United Kingdom,True,False,False
558068,DOT,DOTCOM POSTAGE,1,2011-06-24 15:51:00,150.71,,United Kingdom,True,False,False
558089,POST,POSTAGE,3,2011-06-26 12:36:00,40.0,13505,Switzerland,False,False,False
558108,POST,POSTAGE,1,2011-06-26 15:35:00,28.0,12548,Spain,False,False,False
558116,DOT,DOTCOM POSTAGE,1,2011-06-27 09:11:00,200.58,,United Kingdom,True,False,False
558117,DOT,DOTCOM POSTAGE,1,2011-06-27 09:11:00,62.46,,United Kingdom,True,False,False
558118,DOT,DOTCOM POSTAGE,1,2011-06-27 09:11:00,131.58,,United Kingdom,True,False,False
558119,DOT,DOTCOM POSTAGE,1,2011-06-27 09:12:00,189.79,,United Kingdom,True,False,False
558120,DOT,DOTCOM POSTAGE,1,2011-06-27 09:12:00,55.08,,United Kingdom,True,False,False
558124,POST,POSTAGE,1,2011-06-27 10:17:00,18.0,12493,France,False,False,False
558238,22722,,-21,2011-06-27 15:04:00,0.0,,United Kingdom,True,False,True
558240,DOT,DOTCOM POSTAGE,1,2011-06-27 15:27:00,147.53,,United Kingdom,True,False,False
558244,84796B,,-2,2011-06-27 15:52:00,0.0,,United Kingdom,True,False,True
558245,22734,FOUND,8,2011-06-27 16:28:00,0.0,,United Kingdom,True,False,True
558268,21351,damaged,-220,2011-06-28 10:17:00,0.0,,United Kingdom,True,False,True
558305,21027,,7,2011-06-28 10:59:00,0.0,,United Kingdom,True,False,True
558306,85232D,mix up with c,-118,2011-06-28 10:59:00,0.0,,United Kingdom,True,False,True
558307,22088,,-39,2011-06-28 11:02:00,0.0,,United Kingdom,True,False,True
558308,84576,,-10,2011-06-28 11:02:00,0.0,,United Kingdom,True,False,True
558309,85132B,,-42,2011-06-28 11:03:00,0.0,,United Kingdom,True,False,True
558316,DOT,DOTCOM POSTAGE,1,2011-06-28 11:45:00,107.58,,United Kingdom,True,False,False
558318,85232A,,-14,2011-06-28 11:52:00,0.0,,United Kingdom,True,False,True
558319,DOT,DOTCOM POSTAGE,1,2011-06-28 11:53:00,58.33,,United Kingdom,True,False,False
558321,DOT,DOTCOM POSTAGE,1,2011-06-28 11:53:00,81.33,,United Kingdom,True,False,False
558334,POST,POSTAGE,1,2011-06-28 13:11:00,18.0,12599,France,False,False,False
558340,22514,CHILDS GARDEN SPADE BLUE,1,2011-06-28 14:01:00,0.0,,United Kingdom,True,False,True
558340,85123A,WHITE HANGING HEART T-LIGHT HOLDER,1,2011-06-28 14:01:00,0.0,,United Kingdom,True,False,True
558340,22431,WATERING CAN BLUE ELEPHANT,1,2011-06-28 14:01:00,0.0,,United Kingdom,True,False,True
558340,22430,ENAMEL WATERING CAN CREAM,1,2011-06-28 14:01:00,0.0,,United Kingdom,True,False,True
558340,22414,DOORMAT NEIGHBOURHOOD WITCH ,1,2011-06-28 14:01:00,0.0,,United Kingdom,True,False,True
558340,22385,JUMBO BAG SPACEBOY DESIGN,1,2011-06-28 14:01:00,0.0,,United Kingdom,True,False,True
558340,22380,TOY TIDY SPACEBOY  ,1,2011-06-28 14:01:00,0.0,,United Kingdom,True,False,True
558340,22364,GLASS JAR DIGESTIVE BISCUITS,1,2011-06-28 14:01:00,0.0,,United Kingdom,True,False,True
558340,22362,GLASS JAR PEACOCK BATH SALTS,1,2011-06-28 14:01:00,0.0,,United Kingdom,True,False,True
558340,22357,KINGS CHOICE BISCUIT TIN,3,2011-06-28 14:01:00,0.0,,United Kingdom,True,False,True
558340,22301,COFFEE MUG CAT + BIRD DESIGN,1,2011-06-28 14:01:00,0.0,,United Kingdom,True,False,True
558340,21556,CERAMIC STRAWBERRY MONEY BOX,2,2011-06-28 14:01:00,0.0,,United Kingdom,True,False,True
558340,21116,OWL DOORSTOP,1,2011-06-28 14:01:00,0.0,,United Kingdom,True,False,True
558340,M,Manual,1,2011-06-28 14:01:00,481.45,,United Kingdom,True,False,False
558340,85099F,JUMBO BAG STRAWBERRY,1,2011-06-28 14:01:00,0.0,,United Kingdom,True,False,True
558340,85099B,JUMBO BAG RED RETROSPOT,1,2011-06-28 14:01:00,0.0,,United Kingdom,True,False,True
558340,22627,MINT KITCHEN SCALES,1,2011-06-28 14:01:00,0.0,,United Kingdom,True,False,True
558340,84692,BOX OF 24 COCKTAIL PARASOLS,1,2011-06-28 14:01:00,0.0,,United Kingdom,True,False,True
558340,48184,DOORMAT ENGLISH ROSE ,3,2011-06-28 14:01:00,0.0,,United Kingdom,True,False,True
558340,22692,DOORMAT WELCOME TO OUR HOME,1,2011-06-28 14:01:00,0.0,,United Kingdom,True,False,True
558340,22684,FRENCH BLUE METAL DOOR SIGN 9,1,2011-06-28 14:01:00,0.0,,United Kingdom,True,False,True
558340,22685,FRENCH BLUE METAL DOOR SIGN 0,1,2011-06-28 14:01:00,0.0,,United Kingdom,True,False,True
558340,22683,FRENCH BLUE METAL DOOR SIGN 8,2,2011-06-28 14:01:00,0.0,,United Kingdom,True,False,True
558340,22679,FRENCH BLUE METAL DOOR SIGN 4,1,2011-06-28 14:01:00,0.0,,United Kingdom,True,False,True
558340,22678,FRENCH BLUE METAL DOOR SIGN 3,2,2011-06-28 14:01:00,0.0,,United Kingdom,True,False,True
558340,22686,FRENCH BLUE METAL DOOR SIGN No,4,2011-06-28 14:01:00,0.0,,United Kingdom,True,False,True
558340,22680,FRENCH BLUE METAL DOOR SIGN 5,4,2011-06-28 14:01:00,0.0,,United Kingdom,True,False,True
558340,22676,FRENCH BLUE METAL DOOR SIGN 1,3,2011-06-28 14:01:00,0.0,,United Kingdom,True,False,True
558340,22666,RECIPE BOX PANTRY YELLOW DESIGN,1,2011-06-28 14:01:00,0.0,,United Kingdom,True,False,True
558340,22665,RECIPE BOX BLUE SKETCHBOOK DESIGN,1,2011-06-28 14:01:00,0.0,,United Kingdom,True,False,True
558340,22649,STRAWBERRY FAIRY CAKE TEAPOT,1,2011-06-28 14:01:00,0.0,,United Kingdom,True,False,True
558340,22626,BLACK KITCHEN SCALES,1,2011-06-28 14:01:00,0.0,,United Kingdom,True,False,True
558340,22526,WHEELBARROW FOR CHILDREN ,1,2011-06-28 14:01:00,0.0,,United Kingdom,True,False,True
558340,22515,CHILDS GARDEN SPADE PINK,3,2011-06-28 14:01:00,0.0,,United Kingdom,True,False,True
558342,20731,,1,2011-06-28 14:36:00,0.0,,United Kingdom,True,False,True
558343,84709B,,6,2011-06-28 14:44:00,0.0,,United Kingdom,True,False,True
558344,47013C,,4,2011-06-28 14:44:00,0.0,,United Kingdom,True,False,True
558345,21784,,6,2011-06-28 14:45:00,0.0,,United Kingdom,True,False,True
558346,35965,,3,2011-06-28 14:45:00,0.0,,United Kingdom,True,False,True
C558347,S,SAMPLES,-1,2011-06-28 14:47:00,4.95,,United Kingdom,True,True,False
C558347,S,SAMPLES,-1,2011-06-28 14:47:00,6.15,,United Kingdom,True,True,False
C558347,S,SAMPLES,-1,2011-06-28 14:47:00,3.59,,United Kingdom,True,True,False
C558347,S,SAMPLES,-1,2011-06-28 14:47:00,16.0,,United Kingdom,True,True,False
C558347,S,SAMPLES,-1,2011-06-28 14:47:00,14.92,,United Kingdom,True,True,False
C558347,S,SAMPLES,-1,2011-06-28 14:47:00,9.9,,United Kingdom,True,True,False
C558349,BANK CHARGES,Bank Charges,-1,2011-06-28 14:50:00,82.89,,United Kingdom,True,True,False
C558357,M,Manual,-2,2011-06-28 15:04:00,3.56,15502,United Kingdom,False,True,False
C558359,S,SAMPLES,-1,2011-06-28 15:10:00,570.0,,United Kingdom,True,True,False
C558364,POST,POSTAGE,-1,2011-06-28 15:20:00,3.95,,United Kingdom,True,True,False
558369,21082,found,3,2011-06-28 15:40:00,0.0,,United Kingdom,True,False,True
558377,37423,,-17,2011-06-28 16:24:00,0.0,,United Kingdom,True,False,True
558378,79161A,,-13,2011-06-28 16:27:00,0.0,,United Kingdom,True,False,True
558379,22618,"mouldy, unsaleable.",-1681,2011-06-28 16:34:00,0.0,,United Kingdom,True,False,True
558381,M,Manual,1,2011-06-28 17:01:00,600.0,15299,United Kingdom,False,False,False
558445,22034,,-18,2011-06-29 13:39:00,0.0,,United Kingdom,True,False,True
558446,22164,,-80,2011-06-29 13:40:00,0.0,,United Kingdom,True,False,True
558448,22163,,-90,2011-06-29 13:40:00,0.0,,United Kingdom,True,False,True
558449,21807,,-35,2011-06-29 13:40:00,0.0,,United Kingdom,True,False,True
558450,21145,,40,2011-06-29 13:41:00,0.0,,United Kingdom,True,False,True
558451,21817,,-80,2011-06-29 13:41:00,0.0,,United Kingdom,True,False,True
558457,21147,?,-95,2011-06-29 13:59:00,0.0,,United Kingdom,True,False,True
558461,M,Manual,2,2011-06-29 15:03:00,1.95,13263,United Kingdom,False,False,False
558464,35966,,-20,2011-06-29 15:17:00,0.0,,United Kingdom,True,False,True
558475,DOT,DOTCOM POSTAGE,1,2011-06-29 15:58:00,858.46,,United Kingdom,True,False,False
558476,84597B,damages,-6,2011-06-29 16:04:00,0.0,,United Kingdom,True,False,True
558477,84597C,,-1,2011-06-29 16:04:00,0.0,,United Kingdom,True,False,True
558479,M,Manual,2,2011-06-29 16:44:00,2.95,17837,United Kingdom,False,False,False
558520,21896,,-38,2011-06-30 10:25:00,0.0,,United Kingdom,True,False,True
C558525,M,Manual,-7,2011-06-30 10:52:00,1.95,13113,United Kingdom,False,True,False
558608,POST,POSTAGE,1,2011-06-30 15:30:00,18.0,12524,Germany,False,False,False
558614,DOT,DOTCOM POSTAGE,1,2011-06-30 15:56:00,264.65,,United Kingdom,True,False,False
558623,POST,POSTAGE,1,2011-06-30 16:52:00,15.0,12395,Belgium,False,False,False
558626,POST,POSTAGE,1,2011-06-30 17:34:00,18.0,12569,Germany,False,False,False
558628,POST,POSTAGE,5,2011-06-30 17:59:00,18.0,12626,Germany,False,False,False
558663,23574,,100,2011-07-01 10:44:00,0.0,,United Kingdom,True,False,True
558679,M,Manual,1,2011-07-01 10:58:00,1.0,17800,United Kingdom,False,False,False
558680,DOT,DOTCOM POSTAGE,1,2011-07-01 11:19:00,64.88,,United Kingdom,True,False,False
558681,DOT,DOTCOM POSTAGE,1,2011-07-01 11:20:00,65.67,,United Kingdom,True,False,False
558682,DOT,DOTCOM POSTAGE,1,2011-07-01 11:20:00,126.54,,United Kingdom,True,False,False
558683,DOT,DOTCOM POSTAGE,1,2011-07-01 11:23:00,112.5,,United Kingdom,True,False,False
558687,POST,POSTAGE,1,2011-07-01 11:43:00,18.0,12598,France,False,False,False
558699,POST,POSTAGE,1,2011-07-01 12:17:00,18.0,12494,France,False,False,False
C558712,M,Manual,-1,2011-07-01 13:06:00,2.95,17338,United Kingdom,False,True,False
558715,M,Manual,1,2011-07-01 13:18:00,116.69,,United Kingdom,True,False,False
558717,POST,POSTAGE,1,2011-07-01 13:22:00,18.0,12710,Germany,False,False,False
558723,84865,damaged,-7,2011-07-01 14:28:00,0.0,,United Kingdom,True,False,True
558724,35966,,14,2011-07-01 14:30:00,0.0,,United Kingdom,True,False,True
558725,84944,found,37,2011-07-01 14:31:00,0.0,,United Kingdom,True,False,True
558728,20826,,-1,2011-07-01 14:50:00,0.0,,United Kingdom,True,False,True
558730,22060,damaged,-1,2011-07-01 14:51:00,0.0,,United Kingdom,True,False,True
558732,47341A,,-1,2011-07-01 14:55:00,0.0,,United Kingdom,True,False,True
558741,37444C,,-1,2011-07-01 15:52:00,0.0,,United Kingdom,True,False,True
558742,62043B,,-1,2011-07-01 15:56:00,0.0,,United Kingdom,True,False,True
558743,35810B,,-4,2011-07-01 15:56:00,0.0,,United Kingdom,True,False,True
558774,DOT,DOTCOM POSTAGE,1,2011-07-04 10:17:00,206.66,,United Kingdom,True,False,False
558777,DOT,DOTCOM POSTAGE,1,2011-07-04 10:23:00,304.24,,United Kingdom,True,False,False
558808,DOT,DOTCOM POSTAGE,1,2011-07-04 11:10:00,42.75,,United Kingdom,True,False,False
558809,DOT,DOTCOM POSTAGE,1,2011-07-04 11:10:00,146.5,,United Kingdom,True,False,False
558810,DOT,DOTCOM POSTAGE,1,2011-07-04 11:11:00,196.79,,United Kingdom,True,False,False
558811,DOT,DOTCOM POSTAGE,1,2011-07-04 11:11:00,57.63,,United Kingdom,True,False,False
558813,POST,POSTAGE,3,2011-07-04 11:42:00,18.0,12682,France,False,False,False
558835,DOT,DOTCOM POSTAGE,1,2011-07-04 11:58:00,54.25,,United Kingdom,True,False,False
558837,DOT,DOTCOM POSTAGE,1,2011-07-04 11:58:00,117.63,,United Kingdom,True,False,False
558841,M,Manual,1,2011-07-04 11:59:00,30.0,12471,Germany,False,False,False
558875,M,Manual,2,2011-07-04 13:35:00,8.95,13301,United Kingdom,False,False,False
558889,84857B,,24,2011-07-04 15:32:00,0.0,,United Kingdom,True,False,True
558890,84857C,,-24,2011-07-04 15:34:00,0.0,,United Kingdom,True,False,True
558895,M,Manual,1,2011-07-04 15:54:00,389.68,12619,Germany,False,False,False
C558897,M,Manual,-1,2011-07-04 15:55:00,389.68,12619,Germany,False,True,False
558904,DOT,DOTCOM POSTAGE,1,2011-07-04 16:18:00,306.35,,United Kingdom,True,False,False
C558905,POST,POSTAGE,-1,2011-07-04 16:27:00,4.9,13826,United Kingdom,False,True,False
558913,84548,,11,2011-07-05 09:32:00,0.0,,United Kingdom,True,False,True
558914,84686,,11,2011-07-05 09:32:00,0.0,,United Kingdom,True,False,True
558915,20716,,4,2011-07-05 09:33:00,0.0,,United Kingdom,True,False,True
C558969,M,Manual,-2,2011-07-05 11:01:00,3.52,16729,United Kingdom,False,True,False
559004,POST,POSTAGE,4,2011-07-05 12:23:00,40.0,12428,Finland,False,False,False
559037,82583,,10,2011-07-05 15:29:00,0.0,,United Kingdom,True,False,True
559039,DOT,DOTCOM POSTAGE,1,2011-07-05 15:32:00,116.71,,United Kingdom,True,False,False
559040,DOT,DOTCOM POSTAGE,1,2011-07-05 15:33:00,39.5,,United Kingdom,True,False,False
559041,DOT,DOTCOM POSTAGE,1,2011-07-05 15:33:00,24.67,,United Kingdom,True,False,False
559042,DOT,DOTCOM POSTAGE,1,2011-07-05 15:34:00,75.67,,United Kingdom,True,False,False
559043,DOT,DOTCOM POSTAGE,1,2011-07-05 15:35:00,158.71,,United Kingdom,True,False,False
559051,DOT,DOTCOM POSTAGE,1,2011-07-05 16:47:00,201.84,,United Kingdom,True,False,False
559052,DOT,DOTCOM POSTAGE,1,2011-07-05 16:53:00,576.18,,United Kingdom,True,False,False
559055,DOT,DOTCOM POSTAGE,1,2011-07-05 17:09:00,531.65,,United Kingdom,True,False,False
559058,POST,POSTAGE,6,2011-07-06 09:49:00,15.0,12407,Belgium,False,False,False
559106,M,Manual,2,2011-07-06 11:10:00,7.95,15889,United Kingdom,False,False,False
559107,M,Manual,1,2011-07-06 11:22:00,2.95,15334,United Kingdom,False,False,False
559134,POST,POSTAGE,5,2011-07-06 13:14:00,18.0,12700,France,False,False,False
559135,POST,POSTAGE,1,2011-07-06 13:18:00,28.0,12455,Spain,False,False,False
559147,84944,,147,2011-07-06 14:32:00,0.0,,United Kingdom,True,False,True
559162,DOT,DOTCOM POSTAGE,1,2011-07-06 16:29:00,231.61,,United Kingdom,True,False,False
559163,DOT,DOTCOM POSTAGE,1,2011-07-06 16:33:00,240.41,,United Kingdom,True,False,False
559173,POST,POSTAGE,2,2011-07-07 10:03:00,28.0,12540,Spain,False,False,False
559295,POST,POSTAGE,2,2011-07-07 12:32:00,15.0,12362,Belgium,False,False,False
559296,23001,TRAVEL CARD WALLET DOTCOMGIFTSHOP,200,2011-07-07 12:35:00,0.0,,United Kingdom,True,False,True
559296,22616,PACK OF 12 LONDON TISSUES ,204,2011-07-07 12:35:00,0.0,,United Kingdom,True,False,True
559296,23298,SPOTTY BUNTING,170,2011-07-07 12:35:00,0.0,,United Kingdom,True,False,True
559298,POST,POSTAGE,6,2011-07-07 12:38:00,18.0,12471,Germany,False,False,False
559314,84584,?,-50,2011-07-07 13:51:00,0.0,,United Kingdom,True,False,True
559316,POST,POSTAGE,1,2011-07-07 13:54:00,18.0,12647,Germany,False,False,False
559335,21147,found,72,2011-07-07 15:57:00,0.0,,United Kingdom,True,False,True
559337,DOT,DOTCOM POSTAGE,1,2011-07-07 16:27:00,298.31,,United Kingdom,True,False,False
559338,DOT,DOTCOM POSTAGE,1,2011-07-07 16:30:00,296.61,,United Kingdom,True,False,False
C559347,M,Manual,-1,2011-07-07 17:22:00,2.88,18072,United Kingdom,False,True,False
C559347,M,Manual,-1,2011-07-07 17:22:00,9.36,18072,United Kingdom,False,True,False
559362,POST,POSTAGE,3,2011-07-08 08:43:00,18.0,12635,Germany,False,False,False
559365,22451,,-3,2011-07-08 08:53:00,0.0,,United Kingdom,True,False,True
559373,16156S,,-110,2011-07-08 10:36:00,0.0,,United Kingdom,True,False,True
559374,22050,,-100,2011-07-08 10:37:00,0.0,,United Kingdom,True,False,True
559375,22051,?,-300,2011-07-08 10:37:00,0.0,,United Kingdom,True,False,True
559376,48116,,-35,2011-07-08 10:38:00,0.0,,United Kingdom,True,False,True
559377,23283,,17,2011-07-08 10:39:00,0.0,,United Kingdom,True,False,True
559378,21781,damages?,-39,2011-07-08 10:40:00,0.0,,United Kingdom,True,False,True
559379,79337,,-8,2011-07-08 10:42:00,0.0,,United Kingdom,True,False,True
559390,21700,,-110,2011-07-08 10:46:00,0.0,,United Kingdom,True,False,True
559398,21169,,-70,2011-07-08 10:48:00,0.0,,United Kingdom,True,False,True
559402,21635,,-8,2011-07-08 10:49:00,0.0,,United Kingdom,True,False,True
559405,22863,,-7,2011-07-08 10:50:00,0.0,,United Kingdom,True,False,True
559410,84341B,,-179,2011-07-08 10:51:00,0.0,,United Kingdom,True,False,True
559414,22855,,-4,2011-07-08 10:52:00,0.0,,United Kingdom,True,False,True
559418,POST,POSTAGE,3,2011-07-08 11:36:00,18.0,12681,France,False,False,False
559421,POST,POSTAGE,1,2011-07-08 11:55:00,18.0,12648,Germany,False,False,False
559422,POST,POSTAGE,2,2011-07-08 12:00:00,18.0,12553,France,False,False,False
559423,71143,,-14,2011-07-08 12:06:00,0.0,,United Kingdom,True,False,True
559441,POST,POSTAGE,2,2011-07-08 12:22:00,18.0,12583,France,False,False,False
559488,DOT,DOTCOM POSTAGE,1,2011-07-08 13:52:00,191.67,,United Kingdom,True,False,False
559489,DOT,DOTCOM POSTAGE,1,2011-07-08 13:52:00,69.0,,United Kingdom,True,False,False
559490,DOT,DOTCOM POSTAGE,1,2011-07-08 13:53:00,3.29,,United Kingdom,True,False,False
559491,DOT,DOTCOM POSTAGE,1,2011-07-08 13:53:00,164.54,,United Kingdom,True,False,False
559492,DOT,DOTCOM POSTAGE,1,2011-07-08 13:53:00,56.04,,United Kingdom,True,False,False
559493,DOT,DOTCOM POSTAGE,1,2011-07-08 13:53:00,166.96,,United Kingdom,True,False,False
559494,DOT,DOTCOM POSTAGE,1,2011-07-08 13:54:00,69.92,,United Kingdom,True,False,False
559496,DOT,DOTCOM POSTAGE,1,2011-07-08 13:54:00,19.75,,United Kingdom,True,False,False
559497,DOT,DOTCOM POSTAGE,1,2011-07-08 13:54:00,142.29,,United Kingdom,True,False,False
559503,21763,,1,2011-07-08 15:06:00,0.0,,United Kingdom,True,False,True
559504,M,Manual,2,2011-07-08 15:16:00,0.79,15920,United Kingdom,False,False,False
559506,DOT,DOTCOM POSTAGE,1,2011-07-08 15:17:00,319.82,,United Kingdom,True,False,False
559511,M,Manual,3,2011-07-08 15:31:00,0.79,15920,United Kingdom,False,False,False
559514,DOT,DOTCOM POSTAGE,1,2011-07-08 15:57:00,57.67,,United Kingdom,True,False,False
559515,DOT,DOTCOM POSTAGE,1,2011-07-08 15:58:00,36.17,,United Kingdom,True,False,False
559517,DOT,DOTCOM POSTAGE,1,2011-07-08 16:11:00,16.42,,United Kingdom,True,False,False
559518,DOT,DOTCOM POSTAGE,1,2011-07-08 16:11:00,92.88,,United Kingdom,True,False,False
559535,M,Manual,1,2011-07-10 12:16:00,3.75,17841,United Kingdom,False,False,False
559535,M,Manual,1,2011-07-10 12:16:00,0.85,17841,United Kingdom,False,False,False
559536,M,Manual,2,2011-07-10 12:17:00,0.85,16283,United Kingdom,False,False,False
559602,84686,,23,2011-07-11 11:26:00,0.0,,United Kingdom,True,False,True
559603,79337,,1,2011-07-11 11:27:00,0.0,,United Kingdom,True,False,True
559604,22084,,3,2011-07-11 11:27:00,0.0,,United Kingdom,True,False,True
559607,POST,POSTAGE,5,2011-07-11 11:39:00,18.0,12681,France,False,False,False
559655,21166,?,-124,2011-07-11 12:57:00,0.0,,United Kingdom,True,False,True
559672,M,Manual,4,2011-07-11 14:04:00,0.39,14796,United Kingdom,False,False,False
559674,M,Manual,3,2011-07-11 14:16:00,0.42,15856,United Kingdom,False,False,False
559680,POST,POSTAGE,2,2011-07-11 14:47:00,50.0,12717,Greece,False,False,False
C559681,POST,POSTAGE,-1,2011-07-11 14:51:00,50.0,12717,Greece,False,True,False
559685,POST,POSTAGE,1,2011-07-11 15:22:00,18.0,12599,France,False,False,False
559693,DOT,DOTCOM POSTAGE,1,2011-07-11 16:21:00,275.11,,United Kingdom,True,False,False
559699,POST,POSTAGE,1,2011-07-12 08:52:00,18.0,12682,France,False,False,False
559704,POST,POSTAGE,4,2011-07-12 09:54:00,18.0,12669,France,False,False,False
559707,POST,POSTAGE,2,2011-07-12 10:04:00,40.0,12358,Austria,False,False,False
559710,POST,POSTAGE,1,2011-07-12 10:25:00,18.0,12474,Germany,False,False,False
559792,21067,,-66,2011-07-12 12:31:00,0.0,,United Kingdom,True,False,True
559799,DOT,DOTCOM POSTAGE,1,2011-07-12 13:46:00,23.0,,United Kingdom,True,False,False
559800,DOT,DOTCOM POSTAGE,1,2011-07-12 13:46:00,34.5,,United Kingdom,True,False,False
559801,DOT,DOTCOM POSTAGE,1,2011-07-12 13:46:00,90.42,,United Kingdom,True,False,False
559802,DOT,DOTCOM POSTAGE,1,2011-07-12 13:48:00,175.88,,United Kingdom,True,False,False
559816,DOT,DOTCOM POSTAGE,1,2011-07-12 16:11:00,375.64,,United Kingdom,True,False,False
559817,DOT,DOTCOM POSTAGE,1,2011-07-12 16:20:00,169.55,,United Kingdom,True,False,False
559819,POST,POSTAGE,1,2011-07-12 16:58:00,18.0,12682,France,False,False,False
559825,21067,,23,2011-07-12 17:41:00,0.0,,United Kingdom,True,False,True
C559830,M,Manual,-1,2011-07-13 09:49:00,0.48,16998,United Kingdom,False,True,False
559835,POST,POSTAGE,1,2011-07-13 10:08:00,15.0,13509,United Kingdom,False,False,False
559862,POST,POSTAGE,4,2011-07-13 10:30:00,28.0,12782,Portugal,False,False,False
C559882,POST,POSTAGE,-1,2011-07-13 11:34:00,7.62,16156,United Kingdom,False,True,False
559889,POST,POSTAGE,1,2011-07-13 11:48:00,145.0,12678,France,False,False,False
559890,POST,POSTAGE,1,2011-07-13 11:58:00,15.0,12464,Belgium,False,False,False
559899,POST,POSTAGE,3,2011-07-13 12:24:00,18.0,12528,Germany,False,False,False
559914,DOT,DOTCOM POSTAGE,1,2011-07-13 15:13:00,198.75,,United Kingdom,True,False,False
C559915,AMAZONFEE,AMAZON FEE,-1,2011-07-13 15:18:00,4383.62,,United Kingdom,True,True,False
C559917,AMAZONFEE,AMAZON FEE,-1,2011-07-13 15:21:00,6497.47,,United Kingdom,True,True,False
559923,DCGSSBOY,BOYS PARTY BAG,20,2011-07-13 16:07:00,3.29,,United Kingdom,True,False,False
559923,DOT,DOTCOM POSTAGE,1,2011-07-13 16:07:00,240.67,,United Kingdom,True,False,False
559928,POST,POSTAGE,8,2011-07-14 08:52:00,40.0,12405,Finland,False,False,False
559943,21578,?,-251,2011-07-14 10:21:00,0.0,,United Kingdom,True,False,True
559945,M,Manual,1,2011-07-14 10:24:00,18.0,17396,United Kingdom,False,False,False
559946,21578,,200,2011-07-14 10:26:00,0.0,,United Kingdom,True,False,True
C559950,M,Manual,-3,2011-07-14 10:47:00,2.1,14562,United Kingdom,False,True,False
559987,POST,POSTAGE,5,2011-07-14 12:12:00,18.0,12619,Germany,False,False,False
559988,M,Manual,1,2011-07-14 12:17:00,0.42,15402,United Kingdom,False,False,False
C559992,D,Discount,-1,2011-07-14 12:30:00,13.99,14527,United Kingdom,False,True,False
560037,22242,,-34,2011-07-14 14:00:00,0.0,,United Kingdom,True,False,True
560039,20713,wrongly marked. 23343 in box,-3100,2011-07-14 14:27:00,0.0,,United Kingdom,True,False,True
560040,23343,came coded as 20713,3100,2011-07-14 14:28:00,0.0,,United Kingdom,True,False,True
560090,DOT,DOTCOM POSTAGE,1,2011-07-14 16:46:00,255.83,,United Kingdom,True,False,False
560091,44236,,-10,2011-07-14 17:03:00,0.0,,United Kingdom,True,False,True
C560100,M,Manual,-1,2011-07-14 17:51:00,7.88,16422,United Kingdom,False,True,False
560110,21673,,-40,2011-07-15 09:51:00,0.0,,United Kingdom,True,False,True
560111,84874B,,-3,2011-07-15 09:52:00,0.0,,United Kingdom,True,False,True
560112,21683,,-38,2011-07-15 09:52:00,0.0,,United Kingdom,True,False,True
560113,21865,,-40,2011-07-15 09:52:00,0.0,,United Kingdom,True,False,True
560114,75172,,-35,2011-07-15 09:53:00,0.0,,United Kingdom,True,False,True
560116,22084,,15,2011-07-15 10:09:00,0.0,,United Kingdom,True,False,True
560119,POST,POSTAGE,2,2011-07-15 10:21:00,40.0,12815,Poland,False,False,False
560162,M,Manual,1,2011-07-15 11:21:00,10.0,,United Kingdom,True,False,False
560187,POST,POSTAGE,1,2011-07-15 12:05:00,550.94,17444,Canada,False,False,False
560202,POST,POSTAGE,4,2011-07-15 13:10:00,18.0,12712,Germany,False,False,False
560209,M,Manual,1,2011-07-15 14:05:00,0.39,15004,United Kingdom,False,False,False
560211,POST,POSTAGE,3,2011-07-15 14:34:00,18.0,12621,Germany,False,False,False
560213,10123C,,-18,2011-07-15 15:05:00,0.0,,United Kingdom,True,False,True
560214,16162L,,-54,2011-07-15 15:07:00,0.0,,United Kingdom,True,False,True
560215,16162M,,-84,2011-07-15 15:08:00,0.0,,United Kingdom,True,False,True
560216,16162L,,30,2011-07-15 15:11:00,0.0,,United Kingdom,True,False,True
560218,16162M,alan hodge cant mamage this section,30,2011-07-15 15:12:00,0.0,,United Kingdom,True,False,True
560225,DOT,DOTCOM POSTAGE,1,2011-07-15 16:27:00,377.33,,United Kingdom,True,False,False
560228,M,Manual,10,2011-07-15 17:29:00,0.85,17750,United Kingdom,False,False,False
560230,POST,POSTAGE,2,2011-07-17 10:53:00,18.0,12600,Germany,False,False,False
560272,POST,POSTAGE,1,2011-07-17 14:56:00,18.0,12691,France,False,False,False
560283,22624,IVORY KITCHEN SCALES,12,2011-07-18 08:32:00,0.0,,EIRE,True,False,True
560283,23196,VINTAGE LEAF MAGNETIC NOTEPAD,12,2011-07-18 08:32:00,0.0,,EIRE,True,False,True
560290,DOT,DOTCOM POSTAGE,1,2011-07-18 10:17:00,82.21,,United Kingdom,True,False,False
560291,DOT,DOTCOM POSTAGE,1,2011-07-18 10:17:00,120.17,,United Kingdom,True,False,False
560292,DOT,DOTCOM POSTAGE,1,2011-07-18 10:19:00,88.83,,United Kingdom,True,False,False
560293,DOT,DOTCOM POSTAGE,1,2011-07-18 10:20:00,153.92,,United Kingdom,True,False,False
560294,DOT,DOTCOM POSTAGE,1,2011-07-18 10:20:00,49.46,,United Kingdom,True,False,False
560296,DOT,DOTCOM POSTAGE,1,2011-07-18 10:21:00,135.13,,United Kingdom,True,False,False
560298,DOT,DOTCOM POSTAGE,1,2011-07-18 10:26:00,177.96,,United Kingdom,True,False,False
560328,35968,Found,63,2011-07-18 11:00:00,0.0,,United Kingdom,True,False,True
560329,35965,found,6,2011-07-18 11:07:00,0.0,,United Kingdom,True,False,True
560358,35965,dotcom,26,2011-07-18 11:46:00,0.0,,United Kingdom,True,False,True
560363,POST,POSTAGE,1,2011-07-18 12:05:00,18.0,12589,France,False,False,False
C560372,M,Manual,-1,2011-07-18 12:26:00,4287.63,17448,United Kingdom,False,True,False
560373,M,Manual,1,2011-07-18 12:30:00,4287.63,,United Kingdom,True,False,False
C560384,M,Manual,-1,2011-07-18 12:52:00,125.0,14808,United Kingdom,False,True,False
C560386,POST,POSTAGE,-1,2011-07-18 12:55:00,9.72,,United Kingdom,True,True,False
560388,21635,,1,2011-07-18 13:12:00,0.0,,United Kingdom,True,False,True
560389,37444A,,1,2011-07-18 13:13:00,0.0,,United Kingdom,True,False,True
560399,82583,,17,2011-07-18 14:18:00,0.0,,United Kingdom,True,False,True
560400,21069,,6,2011-07-18 14:19:00,0.0,,United Kingdom,True,False,True
560401,84925F,,15,2011-07-18 14:19:00,0.0,,United Kingdom,True,False,True
560402,21067,,2,2011-07-18 14:19:00,0.0,,United Kingdom,True,False,True
560403,21272,,17,2011-07-18 14:19:00,0.0,,United Kingdom,True,False,True
560404,21472,,1,2011-07-18 14:20:00,0.0,,United Kingdom,True,False,True
560405,22080,,1,2011-07-18 14:20:00,0.0,,United Kingdom,True,False,True
560406,22088,,1,2011-07-18 14:21:00,0.0,,United Kingdom,True,False,True
560407,35653,,9,2011-07-18 14:21:00,0.0,,United Kingdom,True,False,True
C560408,M,Manual,-1,2011-07-18 14:24:00,550.64,13564,United Kingdom,False,True,False
560411,M,Manual,1,2011-07-18 14:29:00,550.64,,United Kingdom,True,False,False
560413,M,Manual,1,2011-07-18 14:33:00,550.64,13564,United Kingdom,False,False,False
C560414,M,Manual,-1,2011-07-18 14:35:00,550.64,13564,United Kingdom,False,True,False
C560418,M,Manual,-1,2011-07-18 15:01:00,717.23,17809,United Kingdom,False,True,False
560419,M,Manual,1,2011-07-18 15:03:00,717.23,,United Kingdom,True,False,False
C560420,M,Manual,-1,2011-07-18 15:11:00,1592.49,15369,United Kingdom,False,True,False
560421,M,Manual,1,2011-07-18 15:13:00,1592.49,,United Kingdom,True,False,False
560423,16169K,,-25,2011-07-18 15:15:00,0.0,,United Kingdom,True,False,True
560424,21503,,-84,2011-07-18 15:15:00,0.0,,United Kingdom,True,False,True
560425,81950B,,-23,2011-07-18 15:15:00,0.0,,United Kingdom,True,False,True
560427,84629,,-2,2011-07-18 15:16:00,0.0,,United Kingdom,True,False,True
560428,21634,,-169,2011-07-18 15:17:00,0.0,,United Kingdom,True,False,True
560429,85086A,,6,2011-07-18 15:17:00,0.0,,United Kingdom,True,False,True
C560430,M,Manual,-1,2011-07-18 15:21:00,611.86,13154,United Kingdom,False,True,False
560431,M,Manual,1,2011-07-18 15:23:00,611.86,,United Kingdom,True,False,False
560433,DOT,DOTCOM POSTAGE,1,2011-07-18 15:49:00,188.15,,United Kingdom,True,False,False
560434,DOT,DOTCOM POSTAGE,1,2011-07-18 15:56:00,323.05,,United Kingdom,True,False,False
C560435,M,Manual,-1,2011-07-18 16:01:00,294.92,17603,United Kingdom,False,True,False
C560436,M,Manual,-1,2011-07-18 16:04:00,705.45,17603,United Kingdom,False,True,False
560438,M,Manual,1,2011-07-18 16:06:00,294.92,,United Kingdom,True,False,False
560439,M,Manual,1,2011-07-18 16:08:00,705.45,,United Kingdom,True,False,False
560440,84029E,,-1,2011-07-18 16:36:00,0.0,,United Kingdom,True,False,True
560452,POST,POSTAGE,1,2011-07-19 09:51:00,18.0,12682,France,False,False,False
560545,POST,POSTAGE,1,2011-07-19 12:38:00,18.0,12569,Germany,False,False,False
560549,POST,POSTAGE,2,2011-07-19 12:43:00,40.0,12664,Finland,False,False,False
560565,82583,FBA,160,2011-07-19 13:44:00,0.0,,United Kingdom,True,False,True
560566,POST,POSTAGE,2,2011-07-19 13:45:00,18.0,12662,Germany,False,False,False
560569,POST,POSTAGE,3,2011-07-19 14:04:00,18.0,12480,Germany,False,False,False
C560572,M,Manual,-1,2011-07-19 14:45:00,112.35,17065,United Kingdom,False,True,False
560573,M,Manual,1,2011-07-19 14:47:00,112.35,,United Kingdom,True,False,False
C560574,M,Manual,-1,2011-07-19 14:56:00,106.4,14437,United Kingdom,False,True,False
560575,M,Manual,1,2011-07-19 14:58:00,106.4,,United Kingdom,True,False,False
560578,22034,,12,2011-07-19 15:12:00,0.0,,United Kingdom,True,False,True
560579,M,Manual,12,2011-07-19 15:13:00,0.42,15867,United Kingdom,False,False,False
560583,17096,,-7,2011-07-19 15:31:00,0.0,,United Kingdom,True,False,True
560600,18007,,-2834,2011-07-19 17:04:00,0.0,,United Kingdom,True,False,True
560607,POST,POSTAGE,3,2011-07-20 10:15:00,28.0,12510,Spain,False,False,False
560635,POST,POSTAGE,3,2011-07-20 10:51:00,18.0,12521,Germany,False,False,False
C560645,M,Manual,-1,2011-07-20 11:23:00,451.42,15802,United Kingdom,False,True,False
C560647,M,Manual,-1,2011-07-20 11:31:00,3060.6,18102,United Kingdom,False,True,False
560651,M,Manual,1,2011-07-20 11:38:00,451.42,15802,United Kingdom,False,False,False
C560653,M,Manual,-1,2011-07-20 11:40:00,451.42,15802,United Kingdom,False,True,False
560658,M,Manual,1,2011-07-20 11:42:00,451.42,,United Kingdom,True,False,False
560710,POST,POSTAGE,1,2011-07-20 12:51:00,15.0,14646,Netherlands,False,False,False
560717,84576,damaged,-3,2011-07-20 13:28:00,0.0,,United Kingdom,True,False,True
560719,84877A,,-21,2011-07-20 13:30:00,0.0,,United Kingdom,True,False,True
560722,16049,,-31,2011-07-20 13:37:00,0.0,,United Kingdom,True,False,True
560728,POST,POSTAGE,2,2011-07-20 14:38:00,18.0,12520,Germany,False,False,False
560730,84797B,,-2,2011-07-20 14:53:00,0.0,,United Kingdom,True,False,True
560737,84798B,,-109,2011-07-20 15:34:00,0.0,,United Kingdom,True,False,True
560755,DOT,DOTCOM POSTAGE,1,2011-07-20 16:00:00,0.35,,United Kingdom,True,False,False
560772,DOT,DOTCOM POSTAGE,1,2011-07-20 16:12:00,268.05,,United Kingdom,True,False,False
560773,DOT,DOTCOM POSTAGE,1,2011-07-20 16:17:00,252.11,,United Kingdom,True,False,False
560777,DOT,DOTCOM POSTAGE,1,2011-07-21 09:30:00,79.0,,United Kingdom,True,False,False
560778,DOT,DOTCOM POSTAGE,1,2011-07-21 09:30:00,79.83,,United Kingdom,True,False,False
560779,DOT,DOTCOM POSTAGE,1,2011-07-21 09:30:00,178.71,,United Kingdom,True,False,False
560780,DOT,DOTCOM POSTAGE,1,2011-07-21 09:31:00,233.04,,United Kingdom,True,False,False
560783,POST,POSTAGE,4,2011-07-21 10:24:00,15.0,15108,European Community,False,False,False
560819,21686,,2,2011-07-21 10:53:00,0.0,,United Kingdom,True,False,True
C560822,M,Manual,-1,2011-07-21 11:20:00,770.26,,United Kingdom,True,True,False
C560823,BANK CHARGES,Bank Charges,-1,2011-07-21 11:22:00,21.9,,United Kingdom,True,True,False
C560825,M,Manual,-1,2011-07-21 11:23:00,367.38,,United Kingdom,True,True,False
560830,81953B,,-6,2011-07-21 12:03:00,0.0,,United Kingdom,True,False,True
560831,81950V,,-1,2011-07-21 12:04:00,0.0,,United Kingdom,True,False,True
C560842,D,Discount,-1,2011-07-21 12:25:00,12.15,14527,United Kingdom,False,True,False
560857,35819P,,108,2011-07-21 13:21:00,0.0,,United Kingdom,True,False,True
560867,21891,,-21,2011-07-21 14:10:00,0.0,,United Kingdom,True,False,True
C560869,D,Discount,-1,2011-07-21 14:32:00,66.24,12830,United Kingdom,False,True,False
560876,POST,POSTAGE,6,2011-07-21 15:14:00,18.0,12626,Germany,False,False,False
560889,84789,,1,2011-07-21 16:42:00,0.0,,United Kingdom,True,False,True
560890,84402B,,1,2011-07-21 16:43:00,0.0,,United Kingdom,True,False,True
560900,M,Manual,1,2011-07-21 17:33:00,2.95,,United Kingdom,True,False,False
560901,POST,POSTAGE,7,2011-07-21 17:39:00,18.0,12476,Germany,False,False,False
C560904,M,Manual,-1,2011-07-21 17:51:00,8.95,14875,United Kingdom,False,True,False
560923,22777,,-14,2011-07-22 08:54:00,0.0,,United Kingdom,True,False,True
560926,DOT,DOTCOM POSTAGE,1,2011-07-22 09:20:00,356.7,,United Kingdom,True,False,False
560939,84907,,-3,2011-07-22 11:20:00,0.0,,United Kingdom,True,False,True
560940,72127,,-53,2011-07-22 11:20:00,0.0,,United Kingdom,True,False,True
560941,85230E,,-178,2011-07-22 11:21:00,0.0,,United Kingdom,True,False,True
560986,23084,,24,2011-07-22 13:03:00,0.0,,United Kingdom,True,False,True
560991,POST,POSTAGE,3,2011-07-22 13:29:00,40.0,12438,Norway,False,False,False
560997,POST,POSTAGE,4,2011-07-22 13:59:00,18.0,12627,Germany,False,False,False
C561011,POST,POSTAGE,-1,2011-07-22 16:05:00,3.15,17612,United Kingdom,False,True,False
561029,POST,POSTAGE,2,2011-07-24 11:25:00,18.0,12490,France,False,False,False
561037,POST,POSTAGE,3,2011-07-24 11:55:00,18.0,12472,Germany,False,False,False
561057,POST,POSTAGE,1,2011-07-24 13:18:00,2.9,17935,United Kingdom,False,False,False
561086,15036,,-530,2011-07-25 09:32:00,0.0,,United Kingdom,True,False,True
561090,DOT,DOTCOM POSTAGE,1,2011-07-25 09:55:00,53.54,,United Kingdom,True,False,False
561091,DOT,DOTCOM POSTAGE,1,2011-07-25 09:55:00,75.79,,United Kingdom,True,False,False
561093,POST,POSTAGE,6,2011-07-25 10:01:00,28.0,12540,Spain,False,False,False
561094,POST,POSTAGE,2,2011-07-25 10:04:00,18.0,12474,Germany,False,False,False
561102,POST,POSTAGE,1,2011-07-25 11:17:00,18.0,12412,Denmark,False,False,False
561103,85103,stock creditted wrongly,-32,2011-07-25 11:23:00,0.0,,United Kingdom,True,False,True
561107,84763,,-5,2011-07-25 11:42:00,0.0,,United Kingdom,True,False,True
561108,46775D,,-7,2011-07-25 11:43:00,0.0,,United Kingdom,True,False,True
561110,85087,,-16,2011-07-25 11:44:00,0.0,,United Kingdom,True,False,True
561116,POST,POSTAGE,5,2011-07-25 12:22:00,40.0,13520,Switzerland,False,False,False
C561117,POST,POSTAGE,-3,2011-07-25 12:23:00,40.0,13520,Switzerland,False,True,False
C561198,M,Manual,-35,2011-07-25 14:45:00,1.25,16161,United Kingdom,False,True,False
561209,DCGSSBOY,BOYS PARTY BAG,2,2011-07-25 16:57:00,1.25,,United Kingdom,True,False,False
561209,DCGSSGIRL,GIRLS PARTY BAG,5,2011-07-25 16:57:00,1.25,,United Kingdom,True,False,False
561209,DOT,DOTCOM POSTAGE,1,2011-07-25 16:57:00,299.72,,United Kingdom,True,False,False
561214,DOT,DOTCOM POSTAGE,1,2011-07-25 17:00:00,135.08,,United Kingdom,True,False,False
561216,POST,POSTAGE,8,2011-07-25 17:04:00,15.0,14606,United Kingdom,False,False,False
561217,DOT,DOTCOM POSTAGE,1,2011-07-25 17:09:00,234.63,,United Kingdom,True,False,False
561218,DOT,DOTCOM POSTAGE,1,2011-07-25 17:11:00,162.95,,United Kingdom,True,False,False
C561225,D,Discount,-1,2011-07-26 10:06:00,45.6,16029,United Kingdom,False,True,False
561226,PADS,PADS TO MATCH ALL CUSHIONS,1,2011-07-26 10:13:00,0.001,15618,United Kingdom,False,False,False
561245,DOT,DOTCOM POSTAGE,1,2011-07-26 11:27:00,6.58,,United Kingdom,True,False,False
561249,DCGS0073,ebay,-4,2011-07-26 11:51:00,0.0,,United Kingdom,True,False,True
561250,DCGS0071,,-2,2011-07-26 11:51:00,0.0,,United Kingdom,True,False,True
561251,DCGS0070,,-8,2011-07-26 11:51:00,0.0,,United Kingdom,True,False,True
561252,DCGS0069,ebay,-5,2011-07-26 11:52:00,0.0,,United Kingdom,True,False,True
561253,DCGS0068,ebay,-10,2011-07-26 11:52:00,0.0,,United Kingdom,True,False,True
561254,DCGS0067,ebay,-11,2011-07-26 11:52:00,0.0,,United Kingdom,True,False,True
561255,DCGS0066P,,-3,2011-07-26 11:52:00,0.0,,United Kingdom,True,False,True
561256,DCGS0003,ebay,-7,2011-07-26 11:53:00,0.0,,United Kingdom,True,False,True
561271,10080,,170,2011-07-26 12:18:00,0.0,,United Kingdom,True,False,True
561282,21868,,13,2011-07-26 12:24:00,0.0,,United Kingdom,True,False,True
561284,22167, OVAL WALL MIRROR DIAMANTE ,1,2011-07-26 12:24:00,0.0,16818,United Kingdom,False,False,True
561323,81952B,,11,2011-07-26 13:03:00,0.0,,United Kingdom,True,False,True
561326,21294,damaged,-227,2011-07-26 13:50:00,0.0,,United Kingdom,True,False,True
561327,85213,,36,2011-07-26 13:54:00,0.0,,United Kingdom,True,False,True
561354,21792,,-8,2011-07-26 14:50:00,0.0,,United Kingdom,True,False,True
561361,21294,,100,2011-07-26 15:40:00,0.0,,United Kingdom,True,False,True
561362,84415A,,-11,2011-07-26 15:41:00,0.0,,United Kingdom,True,False,True
561364,84415B,,-4,2011-07-26 15:42:00,0.0,,United Kingdom,True,False,True
561365,84595E,,10,2011-07-26 15:44:00,0.0,,United Kingdom,True,False,True
561368,POST,POSTAGE,1,2011-07-26 16:00:00,36.5,14866,United Kingdom,False,False,False
561369,DOT,DOTCOM POSTAGE,1,2011-07-26 16:22:00,151.61,,United Kingdom,True,False,False
561371,DOT,DOTCOM POSTAGE,1,2011-07-26 16:25:00,122.99,,United Kingdom,True,False,False
561372,POST,POSTAGE,1,2011-07-26 16:27:00,13.31,,United Kingdom,True,False,False
561392,79161A,,15,2011-07-27 10:09:00,0.0,,United Kingdom,True,False,True
C561464,D,Discount,-1,2011-07-27 12:40:00,26.05,14527,United Kingdom,False,True,False
561468,POST,POSTAGE,5,2011-07-27 13:00:00,18.0,12709,Germany,False,False,False
561470,POST,POSTAGE,1,2011-07-27 13:14:00,18.0,12523,France,False,False,False
561475,84584,,-3,2011-07-27 13:29:00,0.0,,United Kingdom,True,False,True
561476,21839,,-36,2011-07-27 13:29:00,0.0,,United Kingdom,True,False,True
561477,40046A,,20,2011-07-27 13:30:00,0.0,,United Kingdom,True,False,True
561478,20954,,-2,2011-07-27 13:32:00,0.0,,United Kingdom,True,False,True
561479,21594,,-1,2011-07-27 13:32:00,0.0,,United Kingdom,True,False,True
561480,21858,,-12,2011-07-27 13:32:00,0.0,,United Kingdom,True,False,True
561481,20684,,-27,2011-07-27 13:38:00,0.0,,United Kingdom,True,False,True
561482,21432,,-2,2011-07-27 13:39:00,0.0,,United Kingdom,True,False,True
561483,77079,,4,2011-07-27 13:40:00,0.0,,United Kingdom,True,False,True
561484,77081,,-39,2011-07-27 13:41:00,0.0,,United Kingdom,True,False,True
561486,21765,,-2,2011-07-27 13:48:00,0.0,,United Kingdom,True,False,True
561487,22168,,-1,2011-07-27 13:51:00,0.0,,United Kingdom,True,False,True
561489,84905,,-2,2011-07-27 13:52:00,0.0,,United Kingdom,True,False,True
561490,21275,,3,2011-07-27 13:54:00,0.0,,United Kingdom,True,False,True
561491,21781,,-2,2011-07-27 13:56:00,0.0,,United Kingdom,True,False,True
561492,22528,,-1,2011-07-27 13:57:00,0.0,,United Kingdom,True,False,True
561493,84761,,-11,2011-07-27 13:59:00,0.0,,United Kingdom,True,False,True
561494,18097A,,-23,2011-07-27 14:04:00,0.0,,United Kingdom,True,False,True
561495,79336,,36,2011-07-27 14:06:00,0.0,,United Kingdom,True,False,True
561496,17090D,,-10,2011-07-27 14:08:00,0.0,,United Kingdom,True,False,True
561497,21609,,38,2011-07-27 14:09:00,0.0,,United Kingdom,True,False,True
561498,21610,,-14,2011-07-27 14:10:00,0.0,,United Kingdom,True,False,True
561499,72709,,52,2011-07-27 14:11:00,0.0,,United Kingdom,True,False,True
561500,85040B,,-1,2011-07-27 14:12:00,0.0,,United Kingdom,True,False,True
561501,21278,,-1,2011-07-27 14:13:00,0.0,,United Kingdom,True,False,True
561503,22194,,-4,2011-07-27 14:14:00,0.0,,United Kingdom,True,False,True
561504,21361,,-7,2011-07-27 14:15:00,0.0,,United Kingdom,True,False,True
561505,84925D,,-12,2011-07-27 14:16:00,0.0,,United Kingdom,True,False,True
561506,72051S,,-1,2011-07-27 14:18:00,0.0,,United Kingdom,True,False,True
561507,POST,POSTAGE,7,2011-07-27 14:21:00,15.0,12397,Belgium,False,False,False
561513,DOT,DOTCOM POSTAGE,1,2011-07-27 15:12:00,114.62,,United Kingdom,True,False,False
561515,DOT,DOTCOM POSTAGE,1,2011-07-27 15:16:00,133.3,,United Kingdom,True,False,False
561523,20973,,-45,2011-07-27 17:38:00,0.0,,United Kingdom,True,False,True
561524,16020C,,-2,2011-07-27 17:39:00,0.0,,United Kingdom,True,False,True
561525,84466,,-1,2011-07-27 17:40:00,0.0,,United Kingdom,True,False,True
561526,21051,,-2,2011-07-27 17:40:00,0.0,,United Kingdom,True,False,True
561527,20666,,-5,2011-07-27 17:40:00,0.0,,United Kingdom,True,False,True
561536,84927E,,-2,2011-07-28 09:58:00,0.0,,United Kingdom,True,False,True
561538,84927D,,-1,2011-07-28 09:58:00,0.0,,United Kingdom,True,False,True
561539,79026B,,-1,2011-07-28 10:08:00,0.0,,United Kingdom,True,False,True
561540,84279B,,-1,2011-07-28 10:08:00,0.0,,United Kingdom,True,False,True
561541,21658,,-1,2011-07-28 10:09:00,0.0,,United Kingdom,True,False,True
561543,22202,,-1,2011-07-28 10:10:00,0.0,,United Kingdom,True,False,True
561553,21392,,-29,2011-07-28 10:20:00,0.0,,United Kingdom,True,False,True
561555,37477B,,-11,2011-07-28 10:21:00,0.0,,United Kingdom,True,False,True
561557,37477C,,-31,2011-07-28 10:21:00,0.0,,United Kingdom,True,False,True
561565,35965,,18,2011-07-28 10:23:00,0.0,,United Kingdom,True,False,True
561583,POST,POSTAGE,3,2011-07-28 10:33:00,18.0,13813,Germany,False,False,False
561609,47589,,-1,2011-07-28 12:24:00,0.0,,United Kingdom,True,False,True
C561628,M,Manual,-1,2011-07-28 14:10:00,9.6,16422,United Kingdom,False,True,False
561639,84799,,-346,2011-07-28 14:58:00,0.0,,United Kingdom,True,False,True
561640,84802B,,-125,2011-07-28 14:58:00,0.0,,United Kingdom,True,False,True
561651,DOT,DOTCOM POSTAGE,1,2011-07-28 15:36:00,180.5,,United Kingdom,True,False,False
561652,84847,,2,2011-07-28 15:50:00,0.0,,United Kingdom,True,False,True
561660,22502,,1,2011-07-28 16:18:00,0.0,,United Kingdom,True,False,True
561662,POST,POSTAGE,2,2011-07-28 16:28:00,15.0,12407,Belgium,False,False,False
561663,22501,incorrectly put back into stock,-108,2011-07-28 16:40:00,0.0,,United Kingdom,True,False,True
561665,22171,?,142,2011-07-28 16:55:00,0.0,,United Kingdom,True,False,True
561666,22502,,30,2011-07-28 16:59:00,0.0,,United Kingdom,True,False,True
561668,44091A,,-2,2011-07-28 17:03:00,0.0,,United Kingdom,True,False,True
561669,POST,POSTAGE,6,2011-07-28 17:09:00,28.0,12507,Spain,False,False,False
561669,22960,JAM MAKING SET WITH JARS,11,2011-07-28 17:09:00,0.0,12507,Spain,False,False,True
561673,23134,,107,2011-07-28 17:20:00,0.0,,United Kingdom,True,False,True
561674,21445,,1,2011-07-28 17:20:00,0.0,,United Kingdom,True,False,True
C561703,M,Manual,-1,2011-07-29 11:07:00,1.65,12709,Germany,False,True,False
C561725,M,Manual,-1,2011-07-29 12:10:00,3.25,17841,United Kingdom,False,True,False
561795,POST,POSTAGE,3,2011-07-29 13:28:00,18.0,12716,France,False,False,False
561805,23284,,-15,2011-07-29 14:42:00,0.0,,United Kingdom,True,False,True
561812,84944,,8,2011-07-29 15:25:00,0.0,,United Kingdom,True,False,True
561820,DOT,DOTCOM POSTAGE,1,2011-07-29 16:00:00,185.66,,United Kingdom,True,False,False
561885,M,Manual,2,2011-07-31 13:13:00,4.95,15532,United Kingdom,False,False,False
561890,POST,POSTAGE,2,2011-07-31 14:17:00,40.0,12697,Sweden,False,False,False
561894,M,Manual,1,2011-07-31 15:00:00,0.08,14456,United Kingdom,False,False,False
561894,M,Manual,36,2011-07-31 15:00:00,0.08,14456,United Kingdom,False,False,False
561898,POST,POSTAGE,7,2011-07-31 15:25:00,40.0,12456,Switzerland,False,False,False
561902,M,Manual,1,2011-07-31 15:50:00,30.0,17404,Sweden,False,False,False
561911,POST,POSTAGE,6,2011-08-01 10:26:00,18.0,12534,Germany,False,False,False
561916,M,Manual,1,2011-08-01 11:44:00,0.0,15581,United Kingdom,False,False,False
561916,M,Manual,1,2011-08-01 11:44:00,250.0,15581,United Kingdom,False,False,False
561918,85127,,-6,2011-08-01 12:05:00,0.0,,United Kingdom,True,False,True
561919,85017B,,-188,2011-08-01 12:08:00,0.0,,United Kingdom,True,False,True
561920,84352,Damages/samples,-52,2011-08-01 12:10:00,0.0,,United Kingdom,True,False,True
561921,22044,,-240,2011-08-01 12:11:00,0.0,,United Kingdom,True,False,True
561924,22042,,-197,2011-08-01 12:27:00,0.0,,United Kingdom,True,False,True
561927,22740,?,-1060,2011-08-01 12:49:00,0.0,,United Kingdom,True,False,True
562024,DOT,DOTCOM POSTAGE,1,2011-08-01 16:07:00,142.94,,United Kingdom,True,False,False
562034,POST,POSTAGE,6,2011-08-02 09:14:00,15.0,12449,Belgium,False,False,False
562035,POST,POSTAGE,2,2011-08-02 09:29:00,18.0,12627,Germany,False,False,False
562037,POST,POSTAGE,3,2011-08-02 09:34:00,15.0,13023,United Kingdom,False,False,False
562038,POST,POSTAGE,1,2011-08-02 09:35:00,18.0,12633,Germany,False,False,False
562047,POST,POSTAGE,1,2011-08-02 10:38:00,4.95,17788,United Kingdom,False,False,False
C562062,AMAZONFEE,AMAZON FEE,-1,2011-08-02 12:17:00,4575.64,,United Kingdom,True,True,False
C562086,AMAZONFEE,AMAZON FEE,-1,2011-08-02 12:27:00,6721.37,,United Kingdom,True,True,False
562113,DOT,DOTCOM POSTAGE,1,2011-08-02 16:11:00,150.59,,United Kingdom,True,False,False
562114,DOT,DOTCOM POSTAGE,1,2011-08-02 16:14:00,119.51,,United Kingdom,True,False,False
562134,22722,,1,2011-08-03 09:50:00,0.0,,United Kingdom,True,False,True
562135,84847,,1,2011-08-03 09:50:00,0.0,,United Kingdom,True,False,True
C562159,M,Manual,-12,2011-08-03 11:48:00,1.45,17389,United Kingdom,False,True,False
562164,21257,?,-94,2011-08-03 12:08:00,0.0,,United Kingdom,True,False,True
562207,POST,POSTAGE,9,2011-08-03 12:56:00,15.0,12643,France,False,False,False
562212,21187,,-97,2011-08-03 13:28:00,0.0,,United Kingdom,True,False,True
562215,21147,,100,2011-08-03 13:45:00,0.0,,United Kingdom,True,False,True
562264,DOT,DOTCOM POSTAGE,1,2011-08-03 16:14:00,133.06,,United Kingdom,True,False,False
562273,POST,POSTAGE,6,2011-08-04 09:55:00,28.0,12502,Spain,False,False,False
562274,POST,POSTAGE,2,2011-08-04 10:00:00,40.0,12704,Finland,False,False,False
562275,POST,POSTAGE,2,2011-08-04 10:04:00,18.0,12689,France,False,False,False
562278,21391,Sold as 1 on dotcom,-342,2011-08-04 10:27:00,0.0,,United Kingdom,True,False,True
562279,21391,,-26,2011-08-04 10:28:00,0.0,,United Kingdom,True,False,True
562287,POST,POSTAGE,1,2011-08-04 11:07:00,28.0,12455,Spain,False,False,False
562347,M,Manual,1,2011-08-04 12:22:00,0.42,13263,United Kingdom,False,False,False
562352,21735,damages,-59,2011-08-04 13:12:00,0.0,,United Kingdom,True,False,True
562370,POST,POSTAGE,4,2011-08-04 14:20:00,18.0,12626,Germany,False,False,False
562382,22927,?,-40,2011-08-04 15:36:00,0.0,,United Kingdom,True,False,True
562383,22523,?,-90,2011-08-04 15:37:00,0.0,,United Kingdom,True,False,True
562384,23175,,-44,2011-08-04 15:41:00,0.0,,United Kingdom,True,False,True
562385,47559B,,-84,2011-08-04 15:42:00,0.0,,United Kingdom,True,False,True
562386,84596L,,-21,2011-08-04 15:43:00,0.0,,United Kingdom,True,False,True
562390,21246,,-92,2011-08-04 16:00:00,0.0,,United Kingdom,True,False,True
562391,22854,,-40,2011-08-04 16:02:00,0.0,,United Kingdom,True,False,True
562417,DOT,DOTCOM POSTAGE,1,2011-08-04 16:32:00,141.5,,United Kingdom,True,False,False
562420,DOT,DOTCOM POSTAGE,1,2011-08-04 16:38:00,170.98,,United Kingdom,True,False,False
562435,POST,POSTAGE,2,2011-08-04 17:51:00,18.0,12693,Germany,False,False,False
562445,POST,POSTAGE,3,2011-08-04 18:51:00,18.0,12417,Belgium,False,False,False
562450,POST,POSTAGE,3,2011-08-05 08:40:00,18.0,12562,France,False,False,False
562460,M,Manual,6,2011-08-05 11:19:00,0.85,17841,United Kingdom,False,False,False
562463,85152,,-6,2011-08-05 11:30:00,0.0,,United Kingdom,True,False,True
562464,20701,,-24,2011-08-05 11:31:00,0.0,,United Kingdom,True,False,True
C562514,M,Manual,-1,2011-08-05 12:20:00,11.95,13408,United Kingdom,False,True,False
C562515,M,Manual,-1,2011-08-05 12:22:00,43.63,13408,United Kingdom,False,True,False
562520,POST,POSTAGE,1,2011-08-05 12:38:00,18.0,12599,France,False,False,False
562527,POST,POSTAGE,2,2011-08-05 13:49:00,18.0,12647,Germany,False,False,False
562528,POST,POSTAGE,4,2011-08-05 13:52:00,28.0,12610,Italy,False,False,False
562537,POST,POSTAGE,5,2011-08-05 15:02:00,18.0,12517,Germany,False,False,False
562544,84920,,-9,2011-08-05 15:46:00,0.0,,United Kingdom,True,False,True
562546,20694,?,-110,2011-08-05 15:46:00,0.0,,United Kingdom,True,False,True
562547,21918,,-343,2011-08-05 15:49:00,0.0,,United Kingdom,True,False,True
562548,23084,,-84,2011-08-05 16:00:00,0.0,,United Kingdom,True,False,True
562553,DOT,DOTCOM POSTAGE,1,2011-08-05 16:34:00,214.11,,United Kingdom,True,False,False
C562597,M,Manual,-1,2011-08-08 09:48:00,6.76,15518,United Kingdom,False,True,False
562600,POST,POSTAGE,1,2011-08-08 10:01:00,40.0,12676,Sweden,False,False,False
C562601,M,Manual,-144,2011-08-08 10:09:00,0.11,12901,United Kingdom,False,True,False
562605,POST,POSTAGE,2,2011-08-08 10:59:00,18.0,12530,Germany,False,False,False
C562622,M,Manual,-1,2011-08-08 12:37:00,48.0,15299,United Kingdom,False,True,False
C562647,M,Manual,-1,2011-08-08 12:56:00,3155.95,15502,United Kingdom,False,True,False
C562648,M,Manual,-1,2011-08-08 12:56:00,3.25,14606,United Kingdom,False,True,False
562650,POST,POSTAGE,2,2011-08-08 13:12:00,40.0,17404,Sweden,False,False,False
562653,21359,,-30,2011-08-08 13:35:00,0.0,,United Kingdom,True,False,True
C562657,POST,POSTAGE,-1,2011-08-08 13:39:00,4.41,13588,United Kingdom,False,True,False
C562687,POST,POSTAGE,-1,2011-08-08 13:53:00,10.34,15157,United Kingdom,False,True,False
562714,22501,,64,2011-08-08 15:23:00,0.0,,United Kingdom,True,False,True
562715,DOT,DOTCOM POSTAGE,1,2011-08-08 15:34:00,204.85,,United Kingdom,True,False,False
562717,DOT,DOTCOM POSTAGE,1,2011-08-08 15:42:00,203.63,,United Kingdom,True,False,False
562729,POST,POSTAGE,1,2011-08-09 10:05:00,18.0,12569,Germany,False,False,False
562785,21033,,-455,2011-08-09 13:32:00,0.0,,United Kingdom,True,False,True
C562786,M,Manual,-1,2011-08-09 13:43:00,250.0,15581,United Kingdom,False,True,False
562787,M,Manual,1,2011-08-09 13:44:00,208.34,15581,United Kingdom,False,False,False
C562793,M,Manual,-1,2011-08-09 14:18:00,57.6,16422,United Kingdom,False,True,False
C562796,D,Discount,-1,2011-08-09 14:27:00,64.0,13694,United Kingdom,False,True,False
562805,POST,POSTAGE,1,2011-08-09 14:51:00,3.59,,United Kingdom,True,False,False
562843,DOT,DOTCOM POSTAGE,1,2011-08-09 17:37:00,103.4,,United Kingdom,True,False,False
562844,POST,POSTAGE,7,2011-08-10 08:41:00,40.0,12444,Norway,False,False,False
562853,POST,POSTAGE,1,2011-08-10 10:15:00,18.0,13919,Denmark,False,False,False
562855,84800M,,-124,2011-08-10 10:16:00,0.0,,United Kingdom,True,False,True
562882,POST,POSTAGE,2,2011-08-10 11:23:00,40.0,12384,Switzerland,False,False,False
562933,DCGSSGIRL,GIRLS PARTY BAG,5,2011-08-10 16:51:00,3.29,,United Kingdom,True,False,False
562933,DOT,DOTCOM POSTAGE,1,2011-08-10 16:51:00,150.17,,United Kingdom,True,False,False
562934,DOT,DOTCOM POSTAGE,1,2011-08-10 16:56:00,195.62,,United Kingdom,True,False,False
C562938,M,Manual,-1,2011-08-10 17:14:00,1121.18,14156,EIRE,False,True,False
562945,79000,,425,2011-08-11 09:35:00,0.0,,United Kingdom,True,False,True
562946,M,Manual,1,2011-08-11 09:38:00,2500.0,15581,United Kingdom,False,False,False
562955,DOT,DOTCOM POSTAGE,1,2011-08-11 10:14:00,4505.17,,United Kingdom,True,False,False
C562958,M,Manual,-1,2011-08-11 10:19:00,3.25,17531,United Kingdom,False,True,False
562973,23157,SET OF 6 NATIVITY MAGNETS ,240,2011-08-11 11:42:00,0.0,14911,EIRE,False,False,True
563015,46000M,POLYESTER FILLER PAD 45x45cm,160,2011-08-11 12:24:00,0.0,,United Kingdom,True,False,True
563015,46000S,POLYESTER FILLER PAD 40x40cm,220,2011-08-11 12:24:00,0.0,,United Kingdom,True,False,True
563020,POST,POSTAGE,3,2011-08-11 12:58:00,40.0,12428,Finland,False,False,False
563025,POST,POSTAGE,1,2011-08-11 14:00:00,1.69,,United Kingdom,True,False,False
563037,POST,POSTAGE,3,2011-08-11 15:02:00,15.0,12362,Belgium,False,False,False
563093,DOT,DOTCOM POSTAGE,1,2011-08-11 17:28:00,176.41,,United Kingdom,True,False,False
563100,POST,POSTAGE,6,2011-08-12 09:57:00,40.0,12381,Norway,False,False,False
563101,22084,,1,2011-08-12 10:07:00,0.0,,United Kingdom,True,False,True
563102,21359,,1,2011-08-12 10:07:00,0.0,,United Kingdom,True,False,True
563105,22194,,2,2011-08-12 10:15:00,0.0,,United Kingdom,True,False,True
563106,21658,,3,2011-08-12 10:15:00,0.0,,United Kingdom,True,False,True
563108,21033,,37,2011-08-12 10:18:00,0.0,,United Kingdom,True,False,True
563137,M,Manual,1,2011-08-12 11:22:00,1.65,14534,United Kingdom,False,False,False
563148,21033,,-37,2011-08-12 11:35:00,0.0,,United Kingdom,True,False,True
563172,POST,POSTAGE,1,2011-08-12 13:15:00,15.0,12399,Belgium,False,False,False
A563185,B,Adjust bad debt,1,2011-08-12 14:50:00,11062.06,,United Kingdom,True,False,False
A563186,B,Adjust bad debt,1,2011-08-12 14:51:00,-11062.06,,United Kingdom,True,False,False
A563187,B,Adjust bad debt,1,2011-08-12 14:52:00,-11062.06,,United Kingdom,True,False,False
563189,POST,POSTAGE,2,2011-08-12 15:22:00,18.0,12682,France,False,False,False
563193,DOT,DOTCOM POSTAGE,1,2011-08-12 16:30:00,199.89,,United Kingdom,True,False,False
563195,DOT,DOTCOM POSTAGE,1,2011-08-12 16:36:00,222.49,,United Kingdom,True,False,False
C563225,D,Discount,-1,2011-08-14 14:35:00,434.51,14911,EIRE,False,True,False
563244,22740,,-36,2011-08-15 10:49:00,0.0,,United Kingdom,True,False,True
563288,POST,POSTAGE,4,2011-08-15 12:53:00,18.0,12656,France,False,False,False
563345,POST,POSTAGE,2,2011-08-15 13:22:00,18.0,12619,Germany,False,False,False
563359,23084,,20,2011-08-15 14:56:00,0.0,,United Kingdom,True,False,True
563373,POST,POSTAGE,2,2011-08-16 10:02:00,18.0,12569,Germany,False,False,False
563383,POST,POSTAGE,1,2011-08-16 10:52:00,15.0,14407,United Kingdom,False,False,False
563443,POST,POSTAGE,1,2011-08-16 13:26:00,40.0,12641,Sweden,False,False,False
563445,85049D,,1,2011-08-16 14:18:00,0.0,,United Kingdom,True,False,True
C563446,POST,POSTAGE,-1,2011-08-16 14:24:00,4.41,15205,United Kingdom,False,True,False
563447,21033,,50,2011-08-16 14:25:00,0.0,,United Kingdom,True,False,True
563449,85152,,2,2011-08-16 14:28:00,0.0,,United Kingdom,True,False,True
563452,21033,,12,2011-08-16 14:34:00,0.0,,United Kingdom,True,False,True
563453,21033,taig adjust no stock,-24,2011-08-16 14:34:00,0.0,,United Kingdom,True,False,True
563480,POST,POSTAGE,1,2011-08-16 15:52:00,2.45,,United Kingdom,True,False,False
563518,POST,POSTAGE,2,2011-08-17 10:56:00,28.0,12421,Spain,False,False,False
C563535,BANK CHARGES,Bank Charges,-1,2011-08-17 11:38:00,612.46,,United Kingdom,True,True,False
C563536,M,Manual,-1,2011-08-17 11:39:00,413.68,,United Kingdom,True,True,False
C563537,M,Manual,-1,2011-08-17 11:40:00,793.32,,United Kingdom,True,True,False
563540,POST,POSTAGE,5,2011-08-17 12:04:00,18.0,12473,Germany,False,False,False
563548,POST,POSTAGE,3,2011-08-17 12:30:00,18.0,12528,Germany,False,False,False
563549,DOT,DOTCOM POSTAGE,1,2011-08-17 12:34:00,1154.67,,United Kingdom,True,False,False
563565,M,Manual,12,2011-08-17 14:22:00,0.42,17338,United Kingdom,False,False,False
563568,20774,,12,2011-08-17 14:45:00,0.0,,United Kingdom,True,False,True
563576,M,Manual,1,2011-08-17 15:06:00,8.49,12748,United Kingdom,False,False,False
C563592,D,Discount,-1,2011-08-18 06:12:00,9.6,16029,United Kingdom,False,True,False
C563593,D,Discount,-1,2011-08-18 06:13:00,206.4,14646,Netherlands,False,True,False
563650,79163,,-156,2011-08-18 10:43:00,0.0,,United Kingdom,True,False,True
563652,22461,,-36,2011-08-18 10:43:00,0.0,,United Kingdom,True,False,True
563662,POST,POSTAGE,2,2011-08-18 11:40:00,18.0,12729,France,False,False,False
563692,M,Manual,4,2011-08-18 13:01:00,2.1,17243,United Kingdom,False,False,False
563700,85106,,-553,2011-08-18 13:55:00,0.0,,United Kingdom,True,False,True
563701,85106,,20,2011-08-18 13:55:00,0.0,,United Kingdom,True,False,True
563702,85107,,65,2011-08-18 13:55:00,0.0,,United Kingdom,True,False,True
563704,37342,,-66,2011-08-18 14:03:00,0.0,,United Kingdom,True,False,True
563712,POST,POSTAGE,2,2011-08-18 15:44:00,18.0,12680,France,False,False,False
563715,90120D,,-18,2011-08-18 16:08:00,0.0,,United Kingdom,True,False,True
563749,POST,POSTAGE,2,2011-08-19 10:10:00,40.0,12360,Austria,False,False,False
563753,POST,POSTAGE,3,2011-08-19 10:51:00,18.0,12513,France,False,False,False
563776,POST,POSTAGE,2,2011-08-19 11:23:00,18.0,12600,Germany,False,False,False
563808,POST,POSTAGE,2,2011-08-19 11:46:00,18.0,12626,Germany,False,False,False
563820,M,Manual,1,2011-08-19 11:57:00,10.0,,United Kingdom,True,False,False
563852,POST,POSTAGE,2,2011-08-19 15:18:00,15.0,12395,Belgium,False,False,False
563853,POST,POSTAGE,8,2011-08-19 15:22:00,18.0,12560,Germany,False,False,False
563854,POST,POSTAGE,3,2011-08-19 15:24:00,15.0,12364,Belgium,False,False,False
563897,POST,POSTAGE,1,2011-08-21 10:44:00,18.0,12523,France,False,False,False
563914,POST,POSTAGE,2,2011-08-21 13:18:00,18.0,12518,Germany,False,False,False
563926,POST,POSTAGE,2,2011-08-21 14:42:00,18.0,12553,France,False,False,False
563936,POST,POSTAGE,1,2011-08-22 09:03:00,40.0,17828,Malta,False,False,False
563950,POST,POSTAGE,7,2011-08-22 10:39:00,18.0,12471,Germany,False,False,False
564039,POST,POSTAGE,2,2011-08-22 12:40:00,18.0,12645,Germany,False,False,False
564082,POST,POSTAGE,4,2011-08-23 08:51:00,18.0,12627,Germany,False,False,False
564086,POST,POSTAGE,1,2011-08-23 09:36:00,160.0,,Hong Kong,True,False,False
564140,POST,POSTAGE,2,2011-08-23 11:47:00,18.0,12621,Germany,False,False,False
564173,POST,POSTAGE,4,2011-08-23 14:23:00,18.0,12567,France,False,False,False
C564183,POST,POSTAGE,-1,2011-08-23 15:04:00,14.95,,United Kingdom,True,True,False
C564183,M,Manual,-1,2011-08-23 15:04:00,58.29,,United Kingdom,True,True,False
564196,POST,POSTAGE,1,2011-08-23 16:56:00,15.0,17315,United Kingdom,False,False,False
564201,POST,POSTAGE,2,2011-08-24 08:09:00,28.0,12540,Spain,False,False,False
564216,POST,POSTAGE,2,2011-08-24 09:23:00,18.0,12642,Germany,False,False,False
564220,20684,,1,2011-08-24 09:34:00,0.0,,United Kingdom,True,False,True
564221,DOT,DOTCOM POSTAGE,1,2011-08-24 09:36:00,1325.0,,United Kingdom,True,False,False
564226,POST,POSTAGE,2,2011-08-24 10:13:00,18.0,12523,France,False,False,False
564229,82583,amazon,20,2011-08-24 10:20:00,0.0,,United Kingdom,True,False,True
564307,M,Manual,1,2011-08-24 12:32:00,2.1,17865,United Kingdom,False,False,False
564328,POST,POSTAGE,2,2011-08-24 13:42:00,18.0,12662,Germany,False,False,False
564329,POST,POSTAGE,2,2011-08-24 13:55:00,18.0,12569,Germany,False,False,False
C564331,POST,POSTAGE,-1,2011-08-24 13:57:00,18.0,12569,Germany,False,True,False
564337,POST,POSTAGE,1,2011-08-24 14:40:00,18.0,12649,Germany,False,False,False
C564340,AMAZONFEE,AMAZON FEE,-1,2011-08-24 14:50:00,4527.65,,United Kingdom,True,True,False
C564341,AMAZONFEE,AMAZON FEE,-1,2011-08-24 14:53:00,6662.51,,United Kingdom,True,True,False
564360,POST,POSTAGE,3,2011-08-24 16:13:00,18.0,12471,Germany,False,False,False
564367,POST,POSTAGE,1,2011-08-25 09:18:00,18.0,12712,Germany,False,False,False
564372,POST,POSTAGE,6,2011-08-25 09:55:00,18.0,12714,France,False,False,False
564378,POST,POSTAGE,3,2011-08-25 10:26:00,15.0,12417,Belgium,False,False,False
C564435,POST,POSTAGE,-1,2011-08-25 12:05:00,4.41,17676,United Kingdom,False,True,False
564471,POST,POSTAGE,1,2011-08-25 12:26:00,18.0,12583,France,False,False,False
564475,POST,POSTAGE,1,2011-08-25 12:50:00,18.0,12500,Germany,False,False,False
564476,POST,POSTAGE,1,2011-08-25 12:57:00,40.0,12610,Italy,False,False,False
564479,POST,POSTAGE,2,2011-08-25 13:12:00,18.0,12682,France,False,False,False
564481,POST,POSTAGE,3,2011-08-25 13:33:00,15.0,12464,Belgium,False,False,False
C564486,S,SAMPLES,-1,2011-08-25 13:57:00,83.06,,United Kingdom,True,True,False
C564486,S,SAMPLES,-1,2011-08-25 13:57:00,280.17,,United Kingdom,True,True,False
C564486,S,SAMPLES,-1,2011-08-25 13:57:00,162.0,,United Kingdom,True,True,False
C564487,D,Discount,-1,2011-08-25 14:07:00,11.52,15838,United Kingdom,False,True,False
C564492,S,SAMPLES,-1,2011-08-25 14:16:00,239.07,,United Kingdom,True,True,False
C564492,S,SAMPLES,-1,2011-08-25 14:16:00,34.9,,United Kingdom,True,True,False
C564494,BANK CHARGES,Bank Charges,-1,2011-08-25 14:20:00,83.83,,United Kingdom,True,True,False
C564498,BANK CHARGES,Bank Charges,-1,2011-08-25 14:22:00,77.63,,United Kingdom,True,True,False
564516,DOT,DOTCOM POSTAGE,1,2011-08-25 14:45:00,309.75,,United Kingdom,True,False,False
564530,22683,FRENCH BLUE METAL DOOR SIGN 8,3,2011-08-25 14:57:00,0.0,,United Kingdom,True,False,True
564530,22682,FRENCH BLUE METAL DOOR SIGN 7,1,2011-08-25 14:57:00,0.0,,United Kingdom,True,False,True
564530,22681,FRENCH BLUE METAL DOOR SIGN 6,3,2011-08-25 14:57:00,0.0,,United Kingdom,True,False,True
564530,22680,FRENCH BLUE METAL DOOR SIGN 5,1,2011-08-25 14:57:00,0.0,,United Kingdom,True,False,True
564530,22679,FRENCH BLUE METAL DOOR SIGN 4,3,2011-08-25 14:57:00,0.0,,United Kingdom,True,False,True
564530,22678,FRENCH BLUE METAL DOOR SIGN 3,3,2011-08-25 14:57:00,0.0,,United Kingdom,True,False,True
564530,22677,FRENCH BLUE METAL DOOR SIGN 2,4,2011-08-25 14:57:00,0.0,,United Kingdom,True,False,True
564530,21172,PARTY METAL SIGN ,1,2011-08-25 14:57:00,0.0,,United Kingdom,True,False,True
564530,21116,OWL DOORSTOP,1,2011-08-25 14:57:00,0.0,,United Kingdom,True,False,True
564530,20682,RED RETROSPOT CHILDRENS UMBRELLA,1,2011-08-25 14:57:00,0.0,,United Kingdom,True,False,True
564530,M,Manual,1,2011-08-25 14:57:00,312.5,,United Kingdom,True,False,False
564530,85123A,WHITE HANGING HEART T-LIGHT HOLDER,1,2011-08-25 14:57:00,0.0,,United Kingdom,True,False,True
564530,22692,DOORMAT WELCOME TO OUR HOME,1,2011-08-25 14:57:00,0.0,,United Kingdom,True,False,True
564530,22686,FRENCH BLUE METAL DOOR SIGN No,2,2011-08-25 14:57:00,0.0,,United Kingdom,True,False,True
564530,22627,MINT KITCHEN SCALES,3,2011-08-25 14:57:00,0.0,,United Kingdom,True,False,True
564530,22427,ENAMEL FLOWER JUG CREAM,1,2011-08-25 14:57:00,0.0,,United Kingdom,True,False,True
564530,22366,DOORMAT AIRMAIL ,1,2011-08-25 14:57:00,0.0,,United Kingdom,True,False,True
564530,22365,DOORMAT RESPECTABLE HOUSE,1,2011-08-25 14:57:00,0.0,,United Kingdom,True,False,True
564530,22362,GLASS JAR PEACOCK BATH SALTS,1,2011-08-25 14:57:00,0.0,,United Kingdom,True,False,True
564530,22363,GLASS JAR MARMALADE ,1,2011-08-25 14:57:00,0.0,,United Kingdom,True,False,True
564530,22359,GLASS JAR KINGS CHOICE,1,2011-08-25 14:57:00,0.0,,United Kingdom,True,False,True
564530,22357,KINGS CHOICE BISCUIT TIN,1,2011-08-25 14:57:00,0.0,,United Kingdom,True,False,True
564530,21899,GARAGE KEY FOB,1,2011-08-25 14:57:00,0.0,,United Kingdom,True,False,True
564530,21900,"KEY FOB , SHED",1,2011-08-25 14:57:00,0.0,,United Kingdom,True,False,True
564530,21901,"KEY FOB , BACK DOOR ",1,2011-08-25 14:57:00,0.0,,United Kingdom,True,False,True
564530,21561,DINOSAUR LUNCH BOX WITH CUTLERY,1,2011-08-25 14:57:00,0.0,,United Kingdom,True,False,True
564530,21452,TOADSTOOL MONEY BOX,1,2011-08-25 14:57:00,0.0,,United Kingdom,True,False,True
564530,22685,FRENCH BLUE METAL DOOR SIGN 0,3,2011-08-25 14:57:00,0.0,,United Kingdom,True,False,True
564530,22676,FRENCH BLUE METAL DOOR SIGN 1,3,2011-08-25 14:57:00,0.0,,United Kingdom,True,False,True
564530,22684,FRENCH BLUE METAL DOOR SIGN 9,1,2011-08-25 14:57:00,0.0,,United Kingdom,True,False,True
564531,POST,POSTAGE,2,2011-08-25 15:04:00,18.0,12624,France,False,False,False
564533,23348,,100,2011-08-25 15:09:00,0.0,,United Kingdom,True,False,True
564539,POST,POSTAGE,2,2011-08-25 15:22:00,40.0,12715,Sweden,False,False,False
564558,POST,POSTAGE,2,2011-08-26 08:59:00,40.0,12704,Finland,False,False,False
564633,23084,,400,2011-08-26 12:14:00,0.0,,United Kingdom,True,False,True
564638,POST,POSTAGE,1,2011-08-26 12:54:00,18.0,13812,Germany,False,False,False
564644,82583,,5,2011-08-26 13:35:00,0.0,,United Kingdom,True,False,True
564645,82583,amazon,44,2011-08-26 13:38:00,0.0,,United Kingdom,True,False,True
564649,POST,POSTAGE,1,2011-08-26 14:13:00,15.0,15611,United Kingdom,False,False,False
564651,23270,SET OF 2 CERAMIC PAINTED HEARTS ,96,2011-08-26 14:19:00,0.0,14646,Netherlands,False,False,True
564651,23268,SET OF 2 CERAMIC CHRISTMAS REINDEER,192,2011-08-26 14:19:00,0.0,14646,Netherlands,False,False,True
564651,22955,36 FOIL STAR CAKE CASES ,144,2011-08-26 14:19:00,0.0,14646,Netherlands,False,False,True
564651,21786,POLKADOT RAIN HAT ,144,2011-08-26 14:19:00,0.0,14646,Netherlands,False,False,True
564665,POST,POSTAGE,1,2011-08-26 14:48:00,1.1,,United Kingdom,True,False,False
564666,POST,POSTAGE,1,2011-08-26 14:51:00,18.0,12492,Germany,False,False,False
564667,23084,,-400,2011-08-26 15:08:00,0.0,,United Kingdom,True,False,True
564670,POST,POSTAGE,6,2011-08-26 15:44:00,18.0,12683,France,False,False,False
564749,POST,POSTAGE,2,2011-08-30 08:15:00,18.0,12708,Germany,False,False,False
564754,DOT,DOTCOM POSTAGE,1,2011-08-30 10:29:00,186.87,,United Kingdom,True,False,False
564755,DOT,DOTCOM POSTAGE,1,2011-08-30 10:31:00,170.92,,United Kingdom,True,False,False
564756,DOT,DOTCOM POSTAGE,1,2011-08-30 10:33:00,165.2,,United Kingdom,True,False,False
564757,DOT,DOTCOM POSTAGE,1,2011-08-30 10:36:00,198.09,,United Kingdom,True,False,False
564758,DOT,DOTCOM POSTAGE,1,2011-08-30 10:39:00,252.37,,United Kingdom,True,False,False
564760,DOT,DOTCOM POSTAGE,1,2011-08-30 10:47:00,191.06,,United Kingdom,True,False,False
564761,gift_0001_30,,30,2011-08-30 10:48:00,0.0,,United Kingdom,True,False,True
564762,gift_0001_10,,30,2011-08-30 10:48:00,0.0,,United Kingdom,True,False,True
564764,DOT,DOTCOM POSTAGE,1,2011-08-30 10:49:00,11.17,14096,United Kingdom,False,False,False
C564763,CRUK,CRUK Commission,-1,2011-08-30 10:49:00,1.6,14096,United Kingdom,False,True,False
C564812,D,Discount,-1,2011-08-30 11:45:00,16.67,14527,United Kingdom,False,True,False
C564812,D,Discount,-1,2011-08-30 11:45:00,15.07,14527,United Kingdom,False,True,False
C564812,D,Discount,-1,2011-08-30 11:45:00,10.06,14527,United Kingdom,False,True,False
C564812,D,Discount,-1,2011-08-30 11:45:00,13.0,14527,United Kingdom,False,True,False
564817,DOT,DOTCOM POSTAGE,1,2011-08-30 12:02:00,177.63,,United Kingdom,True,False,False
564818,DOT,DOTCOM POSTAGE,1,2011-08-30 12:10:00,192.71,,United Kingdom,True,False,False
564819,POST,POSTAGE,1,2011-08-30 12:11:00,40.0,12814,Poland,False,False,False
564820,DOT,DOTCOM POSTAGE,1,2011-08-30 12:16:00,150.35,,United Kingdom,True,False,False
564825,DCGSSGIRL,GIRLS PARTY BAG,1,2011-08-30 12:26:00,3.29,,United Kingdom,True,False,False
564825,DOT,DOTCOM POSTAGE,1,2011-08-30 12:26:00,124.83,,United Kingdom,True,False,False
564835,DOT,DOTCOM POSTAGE,1,2011-08-30 12:31:00,176.72,,United Kingdom,True,False,False
564837,DOT,DOTCOM POSTAGE,1,2011-08-30 12:40:00,177.63,,United Kingdom,True,False,False
564838,DOT,DOTCOM POSTAGE,1,2011-08-30 12:43:00,171.07,,United Kingdom,True,False,False
564840,DOT,DOTCOM POSTAGE,1,2011-08-30 12:49:00,191.96,,United Kingdom,True,False,False
564844,POST,POSTAGE,1,2011-08-30 14:11:00,3.82,,United Kingdom,True,False,False
564853,POST,POSTAGE,3,2011-08-31 08:55:00,15.0,12423,Belgium,False,False,False
564857,DOT,DOTCOM POSTAGE,1,2011-08-31 09:23:00,877.04,,United Kingdom,True,False,False
564858,POST,POSTAGE,5,2011-08-31 09:44:00,28.0,12484,Spain,False,False,False
564861,POST,POSTAGE,1,2011-08-31 10:21:00,15.0,17315,United Kingdom,False,False,False
564862,POST,POSTAGE,1,2011-08-31 10:24:00,145.0,12678,France,False,False,False
C564899,M,Manual,-480,2011-08-31 11:31:00,0.22,14646,Netherlands,False,True,False
C564905,POST,POSTAGE,-1,2011-08-31 12:16:00,87.4,17450,United Kingdom,False,True,False
C564905,POST,POSTAGE,-1,2011-08-31 12:16:00,79.68,17450,United Kingdom,False,True,False
564906,POST,POSTAGE,2,2011-08-31 12:18:00,18.0,12682,France,False,False,False
C564909,D,Discount,-1,2011-08-31 12:29:00,66.17,15498,United Kingdom,False,True,False
C564909,D,Discount,-1,2011-08-31 12:29:00,33.75,15498,United Kingdom,False,True,False
564912,POST,POSTAGE,3,2011-08-31 12:33:00,18.0,12490,France,False,False,False
564914,85132C,damages,-109,2011-08-31 12:40:00,0.0,,United Kingdom,True,False,True
564915,21673,,26,2011-08-31 12:41:00,0.0,,United Kingdom,True,False,True
564916,22157,,31,2011-08-31 12:42:00,0.0,,United Kingdom,True,False,True
564917,79000,,245,2011-08-31 12:42:00,0.0,,United Kingdom,True,False,True
564918,16046,,21,2011-08-31 12:42:00,0.0,,United Kingdom,True,False,True
564919,23284,,8,2011-08-31 12:43:00,0.0,,United Kingdom,True,False,True
564920,48116,,8,2011-08-31 12:43:00,0.0,,United Kingdom,True,False,True
564921,85214,,6,2011-08-31 12:43:00,0.0,,United Kingdom,True,False,True
564922,22084,,5,2011-08-31 12:43:00,0.0,,United Kingdom,True,False,True
564923,21868,,2,2011-08-31 12:44:00,0.0,,United Kingdom,True,False,True
564924,21272,,1,2011-08-31 12:44:00,0.0,,United Kingdom,True,False,True
564925,21662,,1,2011-08-31 12:45:00,0.0,,United Kingdom,True,False,True
564926,22968,,9,2011-08-31 12:45:00,0.0,,United Kingdom,True,False,True
564927,23175,,2,2011-08-31 12:45:00,0.0,,United Kingdom,True,False,True
564928,35966,,1,2011-08-31 12:46:00,0.0,,United Kingdom,True,False,True
564929,37501,,1,2011-08-31 12:46:00,0.0,,United Kingdom,True,False,True
564972,POST,POSTAGE,6,2011-08-31 15:30:00,18.0,12621,Germany,False,False,False
564974,DOT,DOTCOM POSTAGE,1,2011-08-31 15:32:00,161.16,,United Kingdom,True,False,False
565042,85185B,,-27,2011-08-31 17:01:00,0.0,,United Kingdom,True,False,True
565043,22171,,8,2011-08-31 17:01:00,0.0,,United Kingdom,True,False,True
565045,21670,,-115,2011-08-31 17:03:00,0.0,,United Kingdom,True,False,True
565046,22606,,-49,2011-08-31 17:04:00,0.0,,United Kingdom,True,False,True
565047,21257,,7,2011-08-31 17:04:00,0.0,,United Kingdom,True,False,True
565048,84976,,-66,2011-08-31 17:06:00,0.0,,United Kingdom,True,False,True
565049,21907,,-77,2011-08-31 17:09:00,0.0,,United Kingdom,True,False,True
565052,21179,,-60,2011-08-31 17:11:00,0.0,,United Kingdom,True,False,True
565055,21172,,-10,2011-08-31 17:11:00,0.0,,United Kingdom,True,False,True
565057,82551,,-110,2011-08-31 17:12:00,0.0,,United Kingdom,True,False,True
565060,21165,,-46,2011-08-31 17:15:00,0.0,,United Kingdom,True,False,True
565063,21175,,-18,2011-08-31 17:15:00,0.0,,United Kingdom,True,False,True
565069,20665,,-49,2011-08-31 17:18:00,0.0,,United Kingdom,True,False,True
565070,85032D,,171,2011-08-31 17:18:00,0.0,,United Kingdom,True,False,True
565071,84754,,-242,2011-08-31 17:21:00,0.0,,United Kingdom,True,False,True
565072,21820,,-210,2011-08-31 17:22:00,0.0,,United Kingdom,True,False,True
C565075,D,Discount,-1,2011-08-31 17:25:00,36.3,13408,United Kingdom,False,True,False
C565075,D,Discount,-1,2011-08-31 17:25:00,38.39,13408,United Kingdom,False,True,False
C565078,D,Discount,-1,2011-08-31 17:45:00,57.6,16422,United Kingdom,False,True,False
565081,21067,,1,2011-09-01 09:03:00,0.0,,United Kingdom,True,False,True
565123,M,Manual,96,2011-09-01 11:56:00,5.0,17949,United Kingdom,False,False,False
565124,POST,POSTAGE,2,2011-09-01 12:09:00,40.0,12436,Norway,False,False,False
565210,M,Manual,41,2011-09-01 17:09:00,0.19,17750,United Kingdom,False,False,False
C565229,POST,POSTAGE,-1,2011-09-02 09:12:00,200.0,17450,United Kingdom,False,True,False
565231,DOT,DOTCOM POSTAGE,1,2011-09-02 09:26:00,119.77,,United Kingdom,True,False,False
565232,DOT,DOTCOM POSTAGE,1,2011-09-02 09:30:00,131.69,,United Kingdom,True,False,False
565233,DOT,DOTCOM POSTAGE,1,2011-09-02 09:34:00,235.02,,United Kingdom,True,False,False
565234,DOT,DOTCOM POSTAGE,1,2011-09-02 09:38:00,178.29,,United Kingdom,True,False,False
565239,POST,POSTAGE,3,2011-09-02 09:51:00,18.0,12670,France,False,False,False
565246,POST,POSTAGE,4,2011-09-02 10:27:00,15.0,12408,Belgium,False,False,False
565261,POST,POSTAGE,2,2011-09-02 10:53:00,18.0,12474,Germany,False,False,False
565275,90209C,,-72,2011-09-02 11:08:00,0.0,,United Kingdom,True,False,True
565286,DOT,DOTCOM POSTAGE,1,2011-09-02 11:39:00,249.71,,United Kingdom,True,False,False
565287,POST,POSTAGE,1,2011-09-02 11:42:00,18.0,12483,Sweden,False,False,False
565288,23135,?,101,2011-09-02 11:43:00,0.0,,United Kingdom,True,False,True
565296,84929,code mix up? 84930,-967,2011-09-02 12:04:00,0.0,,United Kingdom,True,False,True
565297,84877D,?,-203,2011-09-02 12:06:00,0.0,,United Kingdom,True,False,True
565302,21682,?display?,-156,2011-09-02 12:16:00,0.0,,United Kingdom,True,False,True
565304,16259,,-3167,2011-09-02 12:18:00,0.0,,United Kingdom,True,False,True
565306,21830,sold as 1,-252,2011-09-02 12:20:00,0.0,,United Kingdom,True,False,True
565307,21830,?,-443,2011-09-02 12:20:00,0.0,,United Kingdom,True,False,True
565308,21829,sold as 1,-432,2011-09-02 12:22:00,0.0,,United Kingdom,True,False,True
565310,21829,?missing,-1897,2011-09-02 12:26:00,0.0,,United Kingdom,True,False,True
C565313,D,Discount,-1,2011-09-02 12:41:00,14.5,14527,United Kingdom,False,True,False
565314,84660C,,-21,2011-09-02 12:43:00,0.0,,United Kingdom,True,False,True
565319,23348,,225,2011-09-02 13:07:00,0.0,,United Kingdom,True,False,True
565321,POST,POSTAGE,2,2011-09-02 13:14:00,18.0,12437,France,False,False,False
565333,POST,POSTAGE,1,2011-09-02 14:23:00,40.0,12375,Finland,False,False,False
565368,21784,,1,2011-09-02 14:59:00,0.0,,United Kingdom,True,False,True
565369,37342,,1,2011-09-02 15:02:00,0.0,,United Kingdom,True,False,True
565370,82494L,crushed ctn,-33,2011-09-02 15:04:00,0.0,,United Kingdom,True,False,True
565371,82483,crushed,-13,2011-09-02 15:04:00,0.0,,United Kingdom,True,False,True
565376,21682,,144,2011-09-02 15:10:00,0.0,,United Kingdom,True,False,True
565377,M,Manual,1,2011-09-02 15:12:00,852.8,18087,United Kingdom,False,False,False
565383,DOT,DOTCOM POSTAGE,1,2011-09-02 15:45:00,16.46,14096,United Kingdom,False,False,False
C565382,CRUK,CRUK Commission,-1,2011-09-02 15:45:00,13.01,14096,United Kingdom,False,True,False
565385,22435,?missing,-434,2011-09-02 15:46:00,0.0,,United Kingdom,True,False,True
565389,47343A,,-16,2011-09-02 16:19:00,0.0,,United Kingdom,True,False,True
C565390,D,Discount,-1,2011-09-02 16:23:00,110.43,13408,United Kingdom,False,True,False
565396,DOT,DOTCOM POSTAGE,1,2011-09-02 16:39:00,191.46,,United Kingdom,True,False,False
565416,POST,POSTAGE,2,2011-09-04 12:00:00,18.0,12710,Germany,False,False,False
565423,POST,POSTAGE,1,2011-09-04 12:23:00,18.0,12569,Germany,False,False,False
C565428,M,Manual,-1,2011-09-04 12:53:00,4.25,12867,United Kingdom,False,True,False
565442,POST,POSTAGE,3,2011-09-04 14:09:00,18.0,12627,Germany,False,False,False
565443,POST,POSTAGE,3,2011-09-04 14:22:00,18.0,12567,France,False,False,False
565519,POST,POSTAGE,7,2011-09-05 11:52:00,28.0,12502,Spain,False,False,False
565543,22502,,8,2011-09-05 12:07:00,0.0,,United Kingdom,True,False,True
565544,84989A,,1,2011-09-05 12:09:00,0.0,,United Kingdom,True,False,True
565545,20973,,1,2011-09-05 12:09:00,0.0,,United Kingdom,True,False,True
565556,POST,,750,2011-09-05 12:14:00,0.0,,United Kingdom,True,False,False
565579,M,Manual,1,2011-09-05 12:35:00,4.0,18283,United Kingdom,False,False,False
565583,POST,POSTAGE,1,2011-09-05 12:41:00,40.0,12816,Poland,False,False,False
565587,POST,POSTAGE,6,2011-09-05 13:38:00,18.0,12727,France,False,False,False
565612,POST,POSTAGE,2,2011-09-05 15:17:00,18.0,12616,France,False,False,False
565617,DOT,DOTCOM POSTAGE,1,2011-09-05 15:30:00,138.0,,United Kingdom,True,False,False
565735,BANK CHARGES,Bank Charges,1,2011-09-06 12:25:00,15.0,16904,United Kingdom,False,False,False
565759,POST,POSTAGE,3,2011-09-06 13:46:00,18.0,12720,Germany,False,False,False
565765,POST,POSTAGE,2,2011-09-06 14:19:00,18.0,12526,Germany,False,False,False
565777,POST,POSTAGE,1,2011-09-06 14:53:00,18.0,12569,Germany,False,False,False
565785,POST,POSTAGE,5,2011-09-06 16:57:00,40.0,12461,Switzerland,False,False,False
565797,47570B,,1,2011-09-07 10:15:00,0.0,,United Kingdom,True,False,True
565798,85232D,,1,2011-09-07 10:15:00,0.0,,United Kingdom,True,False,True
565801,POST,POSTAGE,3,2011-09-07 10:28:00,18.0,12685,France,False,False,False
565840,DOT,DOTCOM POSTAGE,1,2011-09-07 12:02:00,203.73,,United Kingdom,True,False,False
565841,DOT,DOTCOM POSTAGE,1,2011-09-07 12:04:00,194.7,,United Kingdom,True,False,False
565847,DOT,DOTCOM POSTAGE,1,2011-09-07 12:44:00,1569.04,,United Kingdom,True,False,False
565854,POST,POSTAGE,4,2011-09-07 13:22:00,18.0,12490,France,False,False,False
565870,POST,POSTAGE,1,2011-09-07 15:10:00,15.0,16828,United Kingdom,False,False,False
565917,DOT,DOTCOM POSTAGE,1,2011-09-07 16:15:00,211.86,,United Kingdom,True,False,False
565919,DOT,DOTCOM POSTAGE,1,2011-09-07 16:48:00,211.8,,United Kingdom,True,False,False
C565925,POST,POSTAGE,-1,2011-09-08 10:02:00,18.0,12471,Germany,False,True,False
565930,POST,POSTAGE,5,2011-09-08 10:32:00,18.0,12685,France,False,False,False
565931,POST,POSTAGE,2,2011-09-08 10:35:00,18.0,12683,France,False,False,False
565933,POST,POSTAGE,1,2011-09-08 10:43:00,15.0,15885,United Kingdom,False,False,False
565935,23064,Crushed,-8,2011-09-08 10:46:00,0.0,,United Kingdom,True,False,True
565938,23066,,-13,2011-09-08 10:54:00,0.0,,United Kingdom,True,False,True
C565962,M,Manual,-12,2011-09-08 11:25:00,1.25,14410,United Kingdom,False,True,False
566040,POST,POSTAGE,2,2011-09-08 13:38:00,28.0,12540,Spain,False,False,False
566054,POST,POSTAGE,1,2011-09-08 15:04:00,18.0,12592,Germany,False,False,False
566059,POST,POSTAGE,1,2011-09-08 15:22:00,18.0,12569,Germany,False,False,False
566060,DOT,DOTCOM POSTAGE,1,2011-09-08 15:27:00,213.71,,United Kingdom,True,False,False
566064,22355,test,1,2011-09-08 15:53:00,0.0,,United Kingdom,True,False,True
566065,84660C,,1,2011-09-08 16:14:00,0.0,,United Kingdom,True,False,True
566066,15060B,,-52,2011-09-08 16:36:00,0.0,,United Kingdom,True,False,True
566067,20686,,-95,2011-09-08 16:36:00,0.0,,United Kingdom,True,False,True
566068,22268,,-86,2011-09-08 16:37:00,0.0,,United Kingdom,True,False,True
566076,POST,POSTAGE,11,2011-09-09 09:13:00,15.0,12449,Belgium,False,False,False
C566078,D,Discount,-1,2011-09-09 09:38:00,45.33,13137,United Kingdom,False,True,False
566080,POST,POSTAGE,1,2011-09-09 10:05:00,15.0,15187,United Kingdom,False,False,False
566115,POST,POSTAGE,1,2011-09-09 10:51:00,18.0,12674,France,False,False,False
566121,23306,,-682,2011-09-09 10:56:00,0.0,,United Kingdom,True,False,True
566122,23084,temp adjustment,-484,2011-09-09 10:57:00,0.0,,United Kingdom,True,False,True
C566168,M,Manual,-1,2011-09-09 12:02:00,116.69,,United Kingdom,True,True,False
566173,POST,POSTAGE,1,2011-09-09 12:24:00,15.0,12787,Netherlands,False,False,False
C566187,M,Manual,-1,2011-09-09 13:03:00,110.45,14096,United Kingdom,False,True,False
566217,DOT,DOTCOM POSTAGE,1,2011-09-09 15:17:00,13.16,14096,United Kingdom,False,False,False
C566216,CRUK,CRUK Commission,-1,2011-09-09 15:17:00,15.96,14096,United Kingdom,False,True,False
566221,DOT,DOTCOM POSTAGE,1,2011-09-09 16:13:00,197.74,,United Kingdom,True,False,False
566233,POST,POSTAGE,7,2011-09-11 11:04:00,18.0,12635,Germany,False,False,False
566256,POST,POSTAGE,1,2011-09-11 12:27:00,18.0,12680,France,False,False,False
566267,POST,POSTAGE,3,2011-09-11 13:32:00,18.0,12647,Germany,False,False,False
566268,POST,POSTAGE,3,2011-09-11 13:38:00,18.0,13813,Germany,False,False,False
566316,23306,,682,2011-09-12 10:07:00,0.0,,United Kingdom,True,False,True
566323,22035,,1,2011-09-12 12:02:00,0.0,,United Kingdom,True,False,True
566324,22035,taig adjust,1,2011-09-12 12:03:00,0.0,,United Kingdom,True,False,True
566325,22035,taig adjust,36,2011-09-12 12:03:00,0.0,,United Kingdom,True,False,True
566327,23084,allocate stock for dotcom orders ta,4,2011-09-12 12:13:00,0.0,,United Kingdom,True,False,True
566446,DOT,DOTCOM POSTAGE,1,2011-09-12 15:40:00,228.33,,United Kingdom,True,False,False
566449,20856,??,-140,2011-09-12 16:07:00,0.0,,United Kingdom,True,False,True
C566475,D,Discount,-1,2011-09-12 18:26:00,20.75,14527,United Kingdom,False,True,False
566476,23084,add stock to allocate online orders,2,2011-09-13 09:01:00,0.0,,United Kingdom,True,False,True
566478,23084,for online retail orders,1,2011-09-13 09:03:00,0.0,,United Kingdom,True,False,True
566492,POST,POSTAGE,1,2011-09-13 10:34:00,18.0,12679,France,False,False,False
566493,23284,,1,2011-09-13 10:52:00,0.0,,United Kingdom,True,False,True
566562,M,Manual,12,2011-09-13 12:18:00,0.42,17365,United Kingdom,False,False,False
566566,DOT,DOTCOM POSTAGE,1,2011-09-13 12:32:00,85.58,14096,United Kingdom,False,False,False
C566565,CRUK,CRUK Commission,-1,2011-09-13 12:32:00,52.24,14096,United Kingdom,False,True,False
566573,22823,test,-22,2011-09-13 13:10:00,0.0,,United Kingdom,True,False,True
566574,22823,test,22,2011-09-13 13:14:00,0.0,,United Kingdom,True,False,True
566577,DOT,DOTCOM POSTAGE,1,2011-09-13 13:29:00,484.17,,United Kingdom,True,False,False
C566578,M,Manual,-1,2011-09-13 13:33:00,92.93,,United Kingdom,True,True,False
C566579,M,Manual,-1,2011-09-13 13:34:00,6.59,,United Kingdom,True,True,False
566586,POST,POSTAGE,1,2011-09-13 14:23:00,18.0,12619,Germany,False,False,False
566593,22035,,18,2011-09-13 14:59:00,0.0,,United Kingdom,True,False,True
566598,POST,POSTAGE,1,2011-09-13 15:35:00,40.0,12664,Finland,False,False,False
566602,DOT,DOTCOM POSTAGE,1,2011-09-13 16:05:00,226.37,,United Kingdom,True,False,False
566603,DOT,DOTCOM POSTAGE,1,2011-09-13 16:12:00,122.65,,United Kingdom,True,False,False
C566613,D,Discount,-1,2011-09-13 17:17:00,15.0,16029,United Kingdom,False,True,False
C566614,D,Discount,-1,2011-09-13 17:28:00,102.24,16029,United Kingdom,False,True,False
566615,23084,,344,2011-09-13 17:30:00,0.0,,United Kingdom,True,False,True
566710,16207B,,-4,2011-09-14 12:03:00,0.0,,United Kingdom,True,False,True
566711,21578,,-31,2011-09-14 12:03:00,0.0,,United Kingdom,True,False,True
566712,22030,??,-635,2011-09-14 12:04:00,0.0,,United Kingdom,True,False,True
566736,POST,POSTAGE,2,2011-09-14 14:19:00,18.0,12726,France,False,False,False
566739,POST,POSTAGE,3,2011-09-14 14:30:00,18.0,12566,Germany,False,False,False
566757,DOT,DOTCOM POSTAGE,1,2011-09-14 15:54:00,141.19,,United Kingdom,True,False,False
566762,85232D,,143,2011-09-14 17:35:00,0.0,,United Kingdom,True,False,True
566763,84708B,,-5,2011-09-14 17:48:00,0.0,,United Kingdom,True,False,True
566764,23065,,-13,2011-09-14 17:49:00,0.0,,United Kingdom,True,False,True
566765,22244,,-9,2011-09-14 17:50:00,0.0,,United Kingdom,True,False,True
566766,21311,,-117,2011-09-14 17:51:00,0.0,,United Kingdom,True,False,True
566767,20977,,-188,2011-09-14 17:52:00,0.0,,United Kingdom,True,False,True
566768,16045,,-3667,2011-09-14 17:53:00,0.0,,United Kingdom,True,False,True
566773,POST,POSTAGE,2,2011-09-15 09:43:00,40.0,12444,Norway,False,False,False
566787,DOT,DOTCOM POSTAGE,1,2011-09-15 10:31:00,800.63,,United Kingdom,True,False,False
566865,POST,POSTAGE,1,2011-09-15 12:53:00,15.0,14735,United Kingdom,False,False,False
C566889,AMAZONFEE,AMAZON FEE,-1,2011-09-15 13:50:00,5522.14,,United Kingdom,True,True,False
C566899,AMAZONFEE,AMAZON FEE,-1,2011-09-15 13:53:00,7427.97,,United Kingdom,True,True,False
566916,POST,POSTAGE,4,2011-09-15 14:25:00,40.0,12457,Switzerland,False,False,False
566918,POST,POSTAGE,1,2011-09-15 14:50:00,18.0,12722,France,False,False,False
566924,79163,,15,2011-09-15 15:17:00,0.0,,United Kingdom,True,False,True
C566925,M,Manual,-1,2011-09-15 15:18:00,1829.84,12748,United Kingdom,False,True,False
566927,M,Manual,1,2011-09-15 15:20:00,2033.1,17846,United Kingdom,False,False,False
566949,DOT,DOTCOM POSTAGE,1,2011-09-15 16:32:00,178.84,,United Kingdom,True,False,False
566952,DOT,DOTCOM POSTAGE,1,2011-09-15 16:37:00,239.91,,United Kingdom,True,False,False
566977,48173C,,-54,2011-09-16 09:47:00,0.0,,United Kingdom,True,False,True
566982,85049B,Amazon,1,2011-09-16 10:15:00,0.0,,United Kingdom,True,False,True
566983,23084,Amazon,1,2011-09-16 10:16:00,0.0,,United Kingdom,True,False,True
566984,POST,POSTAGE,3,2011-09-16 10:39:00,18.0,12471,Germany,False,False,False
566985,DOT,DOTCOM POSTAGE,1,2011-09-16 10:42:00,594.0,,United Kingdom,True,False,False
566987,POST,POSTAGE,4,2011-09-16 10:56:00,18.0,12476,Germany,False,False,False
567056,22050,,25,2011-09-16 11:39:00,0.0,,United Kingdom,True,False,True
567057,84725,,-8,2011-09-16 11:39:00,0.0,,United Kingdom,True,False,True
567058,22453,,-12,2011-09-16 11:40:00,0.0,,United Kingdom,True,False,True
567059,22452,,-63,2011-09-16 11:41:00,0.0,,United Kingdom,True,False,True
567060,22445,,-62,2011-09-16 11:41:00,0.0,,United Kingdom,True,False,True
567061,84877B,,-27,2011-09-16 11:42:00,0.0,,United Kingdom,True,False,True
567063,23135,,-27,2011-09-16 11:50:00,0.0,,United Kingdom,True,False,True
567064,23135,,27,2011-09-16 11:51:00,0.0,,United Kingdom,True,False,True
567113,85215,Damaged,-29,2011-09-16 13:39:00,0.0,,United Kingdom,True,False,True
567125,21246,damaged,-2,2011-09-16 13:49:00,0.0,,United Kingdom,True,False,True
567127,85230E,Damaged,-48,2011-09-16 14:01:00,0.0,,United Kingdom,True,False,True
567129,72127,found box,24,2011-09-16 14:05:00,0.0,,United Kingdom,True,False,True
C567130,M,Manual,-1,2011-09-16 14:11:00,1039.73,,United Kingdom,True,True,False
567131,21830,damaged,192,2011-09-16 14:13:00,0.0,,United Kingdom,True,False,True
567132,21830,OOPS ! adjustment,-384,2011-09-16 14:14:00,0.0,,United Kingdom,True,False,True
567133,85185B,Found in w/hse,50,2011-09-16 14:17:00,0.0,,United Kingdom,True,False,True
567134,POST,POSTAGE,1,2011-09-16 14:20:00,18.0,12600,Germany,False,False,False
C567136,BANK CHARGES,Bank Charges,-1,2011-09-16 14:27:00,366.27,,United Kingdom,True,True,False
567137,84929,found,600,2011-09-16 14:39:00,0.0,,United Kingdom,True,False,True
567143,21179,damaged,-14,2011-09-16 15:02:00,0.0,,United Kingdom,True,False,True
567149,35607B,thrown away,-9,2011-09-16 15:29:00,0.0,,United Kingdom,True,False,True
567150,35817P,thrown away,-44,2011-09-16 15:29:00,0.0,,United Kingdom,True,False,True
567151,35815P,,34,2011-09-16 15:51:00,0.0,,United Kingdom,True,False,True
567152,35598C,found,3,2011-09-16 15:58:00,0.0,,United Kingdom,True,False,True
C567155,M,Manual,-1,2011-09-16 16:52:00,345.03,17728,United Kingdom,False,True,False
567183,M,Manual,1,2011-09-18 15:32:00,1.65,14769,United Kingdom,False,False,False
567191,POST,POSTAGE,3,2011-09-19 09:15:00,18.0,12562,France,False,False,False
567196,POST,POSTAGE,2,2011-09-19 10:09:00,15.0,12379,Belgium,False,False,False
567201,23084,website fixed,110,2011-09-19 10:28:00,0.0,,United Kingdom,True,False,True
567207,35592T,,4,2011-09-19 11:01:00,0.0,,United Kingdom,True,False,True
567208,35597D,,2,2011-09-19 11:01:00,0.0,,United Kingdom,True,False,True
C567289,POST,POSTAGE,-1,2011-09-19 11:50:00,4.41,17612,United Kingdom,False,True,False
567293,POST,POSTAGE,5,2011-09-19 12:01:00,18.0,12640,France,False,False,False
567296,POST,POSTAGE,1,2011-09-19 12:19:00,18.0,12682,France,False,False,False
567298,POST,POSTAGE,5,2011-09-19 12:29:00,18.0,12497,Germany,False,False,False
567300,POST,POSTAGE,3,2011-09-19 12:36:00,18.0,12724,France,False,False,False
567305,POST,POSTAGE,2,2011-09-19 13:28:00,18.0,12621,Germany,False,False,False
567335,35965,,6,2011-09-19 14:55:00,0.0,,United Kingdom,True,False,True
567336,POST,POSTAGE,4,2011-09-19 14:56:00,18.0,12621,Germany,False,False,False
567337,35965,,5,2011-09-19 14:56:00,0.0,,United Kingdom,True,False,True
567340,POST,POSTAGE,4,2011-09-19 15:02:00,28.0,12540,Spain,False,False,False
567342,POST,POSTAGE,1,2011-09-19 15:04:00,10.0,16235,United Kingdom,False,False,False
C567352,M,Manual,-1,2011-09-19 16:13:00,2653.95,,Hong Kong,True,True,False
567353,M,Manual,1,2011-09-19 16:14:00,2653.95,,Hong Kong,True,False,False
567363,23028,,-49,2011-09-19 16:58:00,0.0,,United Kingdom,True,False,True
567364,22925,,-20,2011-09-19 16:58:00,0.0,,United Kingdom,True,False,True
567366,21174,,-138,2011-09-19 16:59:00,0.0,,United Kingdom,True,False,True
567367,17012A,,-86,2011-09-19 17:15:00,0.0,,United Kingdom,True,False,True
567371,22084,,7,2011-09-20 09:24:00,0.0,,United Kingdom,True,False,True
567424,M,Manual,2,2011-09-20 11:16:00,0.19,16369,United Kingdom,False,False,False
567424,M,Manual,2,2011-09-20 11:16:00,0.85,16369,United Kingdom,False,False,False
567460,M,Manual,3,2011-09-20 12:30:00,0.19,15888,United Kingdom,False,False,False
567460,M,Manual,6,2011-09-20 12:30:00,0.85,15888,United Kingdom,False,False,False
567462,M,Manual,60,2011-09-20 12:35:00,0.08,14446,United Kingdom,False,False,False
C567479,M,Manual,-1,2011-09-20 13:37:00,232.57,,United Kingdom,True,True,False
567485,M,Manual,60,2011-09-20 13:52:00,0.08,15026,United Kingdom,False,False,False
567505,POST,POSTAGE,2,2011-09-20 14:34:00,40.0,12352,Norway,False,False,False
567507,DOT,DOTCOM POSTAGE,1,2011-09-20 14:46:00,1092.21,,United Kingdom,True,False,False
C567518,M,Manual,-1,2011-09-20 16:28:00,5.95,,EIRE,True,True,False
567530,POST,POSTAGE,3,2011-09-21 09:33:00,15.0,12390,Belgium,False,False,False
567552,POST,POSTAGE,3,2011-09-21 10:40:00,18.0,12583,France,False,False,False
567578,POST,POSTAGE,2,2011-09-21 10:47:00,18.0,12701,Germany,False,False,False
567618,POST,POSTAGE,1,2011-09-21 12:26:00,18.0,12721,France,False,False,False
C567627,M,Manual,-1,2011-09-21 13:01:00,10.65,17511,United Kingdom,False,True,False
567629,40016,?,-752,2011-09-21 13:21:00,0.0,,United Kingdom,True,False,True
567645,21447,,-53,2011-09-21 14:27:00,0.0,,United Kingdom,True,False,True
567653,POST,POSTAGE,5,2011-09-21 14:35:00,28.0,12550,Spain,False,False,False
567656,DOT,DOTCOM POSTAGE,1,2011-09-21 14:40:00,878.55,14096,United Kingdom,False,False,False
C567655,CRUK,CRUK Commission,-1,2011-09-21 14:40:00,608.66,14096,United Kingdom,False,True,False
567665,DOT,DOTCOM POSTAGE,1,2011-09-21 15:22:00,148.55,,United Kingdom,True,False,False
567666,POST,POSTAGE,4,2011-09-21 15:23:00,18.0,12520,Germany,False,False,False
567667,DOT,DOTCOM POSTAGE,1,2011-09-21 15:24:00,213.79,,United Kingdom,True,False,False
567668,DOT,DOTCOM POSTAGE,1,2011-09-21 15:29:00,234.94,,United Kingdom,True,False,False
567670,DOT,DOTCOM POSTAGE,1,2011-09-21 15:32:00,220.5,,United Kingdom,True,False,False
567671,DOT,DOTCOM POSTAGE,1,2011-09-21 15:34:00,248.51,,United Kingdom,True,False,False
567673,DOT,DOTCOM POSTAGE,1,2011-09-21 15:43:00,224.26,,United Kingdom,True,False,False
567680,23284,,4,2011-09-21 16:17:00,0.0,,United Kingdom,True,False,True
C567682,M,Manual,-13,2011-09-21 16:28:00,0.79,17997,United Kingdom,False,True,False
C567682,M,Manual,-9,2011-09-21 16:28:00,0.79,17997,United Kingdom,False,True,False
567693,85199L,?,-250,2011-09-21 17:26:00,0.0,,United Kingdom,True,False,True
567694,22665,,-24,2011-09-21 17:30:00,0.0,,United Kingdom,True,False,True
567695,22688,,-42,2011-09-21 17:31:00,0.0,,United Kingdom,True,False,True
567696,23091,,-15,2011-09-21 17:32:00,0.0,,United Kingdom,True,False,True
C567713,M,Manual,-3,2011-09-22 10:10:00,1.0,,United Kingdom,True,True,False
567719,20980,,-7,2011-09-22 10:32:00,0.0,,United Kingdom,True,False,True
567756,POST,POSTAGE,3,2011-09-22 10:52:00,18.0,12678,France,False,False,False
567793,POST,POSTAGE,4,2011-09-22 11:40:00,18.0,12657,France,False,False,False
567795,POST,POSTAGE,6,2011-09-22 11:44:00,15.0,14646,Netherlands,False,False,False
567824,POST,POSTAGE,1,2011-09-22 13:00:00,37.5,12739,United Arab Emirates,False,False,False
567861,35597A,,-14,2011-09-22 14:01:00,0.0,,United Kingdom,True,False,True
567862,35591T,,-4,2011-09-22 14:02:00,0.0,,United Kingdom,True,False,True
567863,35598A,,8,2011-09-22 14:03:00,0.0,,United Kingdom,True,False,True
567866,M,Manual,5,2011-09-22 14:13:00,0.8,16669,United Kingdom,False,False,False
567869,M,Manual,5,2011-09-22 14:18:00,0.08,16669,United Kingdom,False,False,False
C567867,M,Manual,-5,2011-09-22 14:18:00,0.8,16669,United Kingdom,False,True,False
C567896,D,Discount,-1,2011-09-22 15:59:00,18.62,14527,United Kingdom,False,True,False
567897,POST,POSTAGE,1,2011-09-22 16:07:00,15.0,12364,Belgium,False,False,False
567901,DOT,DOTCOM POSTAGE,1,2011-09-22 16:28:00,175.6,,United Kingdom,True,False,False
C567903,M,Manual,-120,2011-09-22 16:29:00,0.03,16422,United Kingdom,False,True,False
567904,POST,POSTAGE,2,2011-09-22 16:34:00,18.0,12609,Germany,False,False,False
567910,POST,POSTAGE,1,2011-09-22 16:58:00,18.0,12437,France,False,False,False
567912,M,Manual,29,2011-09-22 17:07:00,0.06,15555,United Kingdom,False,False,False
567914,POST,POSTAGE,1,2011-09-22 17:14:00,18.0,12647,Germany,False,False,False
567915,POST,POSTAGE,3,2011-09-22 17:15:00,18.0,12579,France,False,False,False
C567916,POST,POSTAGE,-1,2011-09-22 17:19:00,18.0,12579,France,False,True,False
567918,79163,damaged,-1,2011-09-22 17:20:00,0.0,,United Kingdom,True,False,True
567920,84875D,found,5,2011-09-22 17:21:00,0.0,,United Kingdom,True,False,True
567921,21089,damaged,-7,2011-09-22 17:24:00,0.0,,United Kingdom,True,False,True
567923,37343,damaged,-2,2011-09-22 17:24:00,0.0,,United Kingdom,True,False,True
567924,POST,POSTAGE,1,2011-09-22 17:25:00,18.0,12471,Germany,False,False,False
567925,84876D,damaged,-2,2011-09-22 17:26:00,0.0,,United Kingdom,True,False,True
567926,84877D,found,1,2011-09-22 17:27:00,0.0,,United Kingdom,True,False,True
567927,21654,Damaged,-3,2011-09-22 17:28:00,0.0,,United Kingdom,True,False,True
567928,POST,POSTAGE,3,2011-09-22 17:31:00,18.0,12380,Belgium,False,False,False
567931,84563B,damaged,-11,2011-09-22 17:38:00,0.0,,United Kingdom,True,False,True
567932,85213,,-12,2011-09-22 17:39:00,0.0,,United Kingdom,True,False,True
567933,84422,Dagamed,-30,2011-09-22 17:49:00,0.0,,United Kingdom,True,False,True
567938,POST,POSTAGE,2,2011-09-22 18:14:00,40.0,12704,Finland,False,False,False
567958,POST,POSTAGE,2,2011-09-23 09:00:00,18.0,12619,Germany,False,False,False
567959,POST,POSTAGE,4,2011-09-23 09:13:00,18.0,12516,Germany,False,False,False
567968,POST,POSTAGE,3,2011-09-23 09:44:00,28.0,12546,Spain,False,False,False
C567997,M,Manual,-1,2011-09-23 11:31:00,14.95,13097,United Kingdom,False,True,False
568001,POST,POSTAGE,1,2011-09-23 11:35:00,28.0,12540,Spain,False,False,False
568040,POST,POSTAGE,4,2011-09-23 12:09:00,18.0,12681,France,False,False,False
568050,M,Manual,1,2011-09-23 12:38:00,1.5,15901,United Kingdom,False,False,False
568050,M,Manual,6,2011-09-23 12:38:00,0.08,15901,United Kingdom,False,False,False
568052,90209C,,-3,2011-09-23 12:42:00,0.0,,United Kingdom,True,False,True
568053,90209C,,3,2011-09-23 12:44:00,0.0,,United Kingdom,True,False,True
568056,POST,POSTAGE,5,2011-09-23 12:55:00,18.0,12705,Germany,False,False,False
568057,DOT,DOTCOM POSTAGE,1,2011-09-23 12:56:00,698.5,,United Kingdom,True,False,False
568079,85197,,-1,2011-09-23 14:35:00,0.0,,United Kingdom,True,False,True
568080,44236,,-2,2011-09-23 14:35:00,0.0,,United Kingdom,True,False,True
568081,84663A,,-9,2011-09-23 14:36:00,0.0,,United Kingdom,True,False,True
568084,84927A,,-7,2011-09-23 14:38:00,0.0,,United Kingdom,True,False,True
568085,84912A,,2,2011-09-23 14:39:00,0.0,,United Kingdom,True,False,True
568087,85049D,,-8,2011-09-23 14:40:00,0.0,,United Kingdom,True,False,True
568088,21641,,-49,2011-09-23 14:40:00,0.0,,United Kingdom,True,False,True
568089,22245,,-37,2011-09-23 14:41:00,0.0,,United Kingdom,True,False,True
568090,20793,,-5,2011-09-23 14:41:00,0.0,,United Kingdom,True,False,True
568091,85211,,-3,2011-09-23 14:41:00,0.0,,United Kingdom,True,False,True
568092,23134,,1,2011-09-23 14:42:00,0.0,,United Kingdom,True,False,True
568093,20773,,-9,2011-09-23 14:42:00,0.0,,United Kingdom,True,False,True
568102,35911A,,20,2011-09-23 15:34:00,0.0,,United Kingdom,True,False,True
568103,POST,POSTAGE,3,2011-09-23 15:45:00,18.0,12518,Germany,False,False,False
568132,M,Manual,3,2011-09-23 16:22:00,1.25,15549,United Kingdom,False,False,False
568134,DOT,DOTCOM POSTAGE,1,2011-09-23 17:02:00,218.75,,United Kingdom,True,False,False
568135,DOT,DOTCOM POSTAGE,1,2011-09-23 17:04:00,201.82,,United Kingdom,True,False,False
C568138,M,Manual,-144,2011-09-25 10:43:00,0.36,16689,United Kingdom,False,True,False
568158,PADS,PADS TO MATCH ALL CUSHIONS,1,2011-09-25 12:22:00,0.0,16133,United Kingdom,False,False,False
568172,POST,POSTAGE,1,2011-09-25 13:13:00,40.0,12348,Finland,False,False,False
568176,POST,POSTAGE,1,2011-09-25 13:25:00,18.0,12685,France,False,False,False
568179,POST,POSTAGE,3,2011-09-25 13:39:00,28.0,12545,Spain,False,False,False
568200,PADS,PADS TO MATCH ALL CUSHIONS,1,2011-09-25 14:58:00,0.001,16198,United Kingdom,False,False,False
568208,POST,POSTAGE,2,2011-09-25 15:35:00,28.0,12783,Portugal,False,False,False
568223,POST,POSTAGE,2,2011-09-26 10:16:00,15.0,12412,Denmark,False,False,False
568233,21586,,-147,2011-09-26 11:37:00,0.0,,United Kingdom,True,False,True
C568240,POST,POSTAGE,-1,2011-09-26 12:04:00,4.5,17172,United Kingdom,False,True,False
568302,20700,?,-121,2011-09-26 12:46:00,0.0,,United Kingdom,True,False,True
568346,DOT,DOTCOM POSTAGE,1,2011-09-26 15:28:00,688.08,14096,United Kingdom,False,False,False
C568345,CRUK,CRUK Commission,-1,2011-09-26 15:28:00,447.56,14096,United Kingdom,False,True,False
568350,POST,POSTAGE,2,2011-09-26 15:35:00,18.0,12612,Germany,False,False,False
568365,84663A,,30,2011-09-26 15:45:00,0.0,,United Kingdom,True,False,True
568371,22687,,-41,2011-09-26 16:48:00,0.0,,United Kingdom,True,False,True
568372,90082D,,-19,2011-09-26 16:54:00,0.0,,United Kingdom,True,False,True
568375,BANK CHARGES,Bank Charges,1,2011-09-26 17:01:00,15.0,13405,United Kingdom,False,False,False
568375,BANK CHARGES,Bank Charges,1,2011-09-26 17:01:00,0.001,13405,United Kingdom,False,False,False
568384,M,Manual,1,2011-09-27 09:46:00,0.0,12748,United Kingdom,False,False,False
568398,POST,POSTAGE,1,2011-09-27 10:26:00,5.0,14543,United Kingdom,False,False,False
568401,21394,damages,-35,2011-09-27 10:30:00,0.0,,United Kingdom,True,False,True
568403,84905,,-3,2011-09-27 10:35:00,0.0,,United Kingdom,True,False,True
568404,22497,,-17,2011-09-27 10:36:00,0.0,,United Kingdom,True,False,True
568405,22893,,-42,2011-09-27 10:36:00,0.0,,United Kingdom,True,False,True
568406,18094C,,-67,2011-09-27 10:37:00,0.0,,United Kingdom,True,False,True
568407,84660A,,-8,2011-09-27 10:38:00,0.0,,United Kingdom,True,False,True
C568410,POST,POSTAGE,-1,2011-09-27 10:42:00,80.0,12748,United Kingdom,False,True,False
568411,DOT,DOTCOM POSTAGE,1,2011-09-27 10:52:00,837.46,,United Kingdom,True,False,False
568442,37327,damages,-131,2011-09-27 11:31:00,0.0,,United Kingdom,True,False,True
568472,POST,POSTAGE,2,2011-09-27 11:50:00,18.0,12517,Germany,False,False,False
568514,POST,POSTAGE,1,2011-09-27 12:44:00,1.36,,United Kingdom,True,False,False
568518,POST,POSTAGE,1,2011-09-27 12:53:00,18.0,12680,France,False,False,False
568543,84920,,-21,2011-09-27 14:33:00,0.0,,United Kingdom,True,False,True
568544,84921,,5,2011-09-27 14:33:00,0.0,,United Kingdom,True,False,True
568545,22548,,-70,2011-09-27 14:34:00,0.0,,United Kingdom,True,False,True
568546,22409,,-20,2011-09-27 14:35:00,0.0,,United Kingdom,True,False,True
568548,21830,,240,2011-09-27 14:40:00,0.0,,United Kingdom,True,False,True
568554,POST,POSTAGE,1,2011-09-27 15:31:00,28.0,12455,Spain,False,False,False
568567,DOT,DOTCOM POSTAGE,1,2011-09-27 18:41:00,227.99,,United Kingdom,True,False,False
568567,46000S,POLYESTER FILLER PAD 40x40cm,320,2011-09-27 18:41:00,0.0,,United Kingdom,True,False,True
568567,46000M,POLYESTER FILLER PAD 45x45cm,140,2011-09-27 18:41:00,0.0,,United Kingdom,True,False,True
568645,POST,POSTAGE,3,2011-09-28 11:38:00,18.0,12656,France,False,False,False
C568646,POST,POSTAGE,-1,2011-09-28 11:45:00,3.38,13430,United Kingdom,False,True,False
568650,POST,POSTAGE,8,2011-09-28 11:56:00,40.0,13505,Switzerland,False,False,False
568651,POST,POSTAGE,4,2011-09-28 12:04:00,15.0,12362,Belgium,False,False,False
568674,POST,POSTAGE,2,2011-09-28 13:30:00,18.0,12708,Germany,False,False,False
568699,POST,POSTAGE,1,2011-09-28 14:58:00,40.0,12352,Norway,False,False,False
568703,M,Manual,183,2011-09-28 15:21:00,0.08,12748,United Kingdom,False,False,False
568716,DCGSSBOY,BOYS PARTY BAG,2,2011-09-28 16:13:00,3.29,,United Kingdom,True,False,False
568716,DOT,DOTCOM POSTAGE,1,2011-09-28 16:13:00,160.9,,United Kingdom,True,False,False
568719,DOT,DOTCOM POSTAGE,1,2011-09-28 16:19:00,236.91,,United Kingdom,True,False,False
568721,DOT,DOTCOM POSTAGE,1,2011-09-28 16:24:00,225.68,,United Kingdom,True,False,False
568724,84816,damages,-21,2011-09-28 16:27:00,0.0,,United Kingdom,True,False,True
568725,79000,,-209,2011-09-28 16:28:00,0.0,,United Kingdom,True,False,True
568798,POST,POSTAGE,3,2011-09-29 10:23:00,18.0,12615,France,False,False,False
C568799,M,Manual,-2,2011-09-29 10:34:00,90.0,17450,United Kingdom,False,True,False
C568799,M,Manual,-1,2011-09-29 10:34:00,2.88,17450,United Kingdom,False,True,False
568872,POST,POSTAGE,2,2011-09-29 12:12:00,15.0,12372,Denmark,False,False,False
568914,POST,POSTAGE,1,2011-09-29 13:53:00,1.36,,United Kingdom,True,False,False
568946,22740,adjustment,89,2011-09-29 15:01:00,0.0,,United Kingdom,True,False,True
568948,20984,found,120,2011-09-29 15:13:00,0.0,,United Kingdom,True,False,True
568949,DOT,DOTCOM POSTAGE,1,2011-09-29 15:13:00,182.25,,United Kingdom,True,False,False
568950,POST,POSTAGE,2,2011-09-29 15:25:00,40.0,12458,Switzerland,False,False,False
568953,POST,POSTAGE,1,2011-09-29 15:31:00,18.0,12728,France,False,False,False
568988,POST,POSTAGE,2,2011-09-29 16:38:00,18.0,12718,France,False,False,False
568994,POST,POSTAGE,2,2011-09-29 16:52:00,18.0,12598,France,False,False,False
569001,POST,POSTAGE,1,2011-09-29 17:52:00,18.0,12703,Germany,False,False,False
569017,POST,POSTAGE,2,2011-09-30 09:22:00,18.0,13813,Germany,False,False,False
569018,POST,POSTAGE,1,2011-09-30 09:25:00,40.0,12676,Sweden,False,False,False
569033,POST,POSTAGE,1,2011-09-30 10:40:00,6.0,15611,United Kingdom,False,False,False
569083,23084,,3,2011-09-30 11:56:00,0.0,,United Kingdom,True,False,True
569089,M,Manual,3,2011-09-30 12:03:00,1.0,13764,United Kingdom,False,False,False
569098,21098,damages?,-231,2011-09-30 12:09:00,0.0,,United Kingdom,True,False,True
569102,21098,,-129,2011-09-30 12:25:00,0.0,,United Kingdom,True,False,True
C569115,POST,POSTAGE,-1,2011-09-30 12:51:00,7.62,13426,United Kingdom,False,True,False
569120,POST,POSTAGE,2,2011-09-30 12:58:00,18.0,12583,France,False,False,False
569121,21244,,-38,2011-09-30 13:03:00,0.0,,United Kingdom,True,False,True
569122,POST,POSTAGE,3,2011-09-30 13:06:00,18.0,12694,France,False,False,False
569131,22927,damaged,-5,2011-09-30 13:49:00,0.0,,United Kingdom,True,False,True
569135,21349,,5,2011-09-30 14:20:00,0.0,,United Kingdom,True,False,True
569137,DOT,DOTCOM POSTAGE,1,2011-09-30 14:45:00,639.83,,United Kingdom,True,False,False
569202,DOT,DOTCOM POSTAGE,1,2011-09-30 17:22:00,244.51,,United Kingdom,True,False,False
569246,DOT,DOTCOM POSTAGE,1,2011-10-03 09:57:00,490.25,14096,United Kingdom,False,False,False
C569245,CRUK,CRUK Commission,-1,2011-10-03 09:57:00,361.59,14096,United Kingdom,False,True,False
569256,20774,damaged,-14,2011-10-03 11:15:00,0.0,,United Kingdom,True,False,True
569332,POST,POSTAGE,2,2011-10-03 13:46:00,18.0,12637,France,False,False,False
569335,84660A,damaged,-15,2011-10-03 13:57:00,0.0,,United Kingdom,True,False,True
569341,82600,historic computer difference?....se,-458,2011-10-03 14:19:00,0.0,,United Kingdom,True,False,True
569347,85086A,,-6,2011-10-03 14:38:00,0.0,,United Kingdom,True,False,True
569360,M,Manual,1,2011-10-03 14:59:00,9.95,14653,United Kingdom,False,False,False
569364,M,Manual,12,2011-10-03 15:10:00,1.0,13167,United Kingdom,False,False,False
569372,DOT,DOTCOM POSTAGE,1,2011-10-03 16:04:00,250.68,,United Kingdom,True,False,False
569374,DOT,DOTCOM POSTAGE,1,2011-10-03 16:14:00,197.83,,United Kingdom,True,False,False
569375,22829,,3,2011-10-03 16:29:00,0.0,,United Kingdom,True,False,True
569376,85106,,-9,2011-10-03 16:29:00,0.0,,United Kingdom,True,False,True
569377,22784,,-14,2011-10-03 16:30:00,0.0,,United Kingdom,True,False,True
569378,72799F,,-5,2011-10-03 16:31:00,0.0,,United Kingdom,True,False,True
569379,16015,,-69,2011-10-03 16:33:00,0.0,,United Kingdom,True,False,True
569380,21809,,-140,2011-10-03 16:40:00,0.0,,United Kingdom,True,False,True
569381,84660A,,15,2011-10-03 16:44:00,0.0,,United Kingdom,True,False,True
569382,M,Manual,1,2011-10-03 16:44:00,3155.95,15502,United Kingdom,False,False,False
569389,M,Manual,1,2011-10-03 16:51:00,152.78,15502,United Kingdom,False,False,False
569389,M,Manual,1,2011-10-03 16:51:00,32.22,15502,United Kingdom,False,False,False
569389,M,Manual,1,2011-10-03 16:51:00,120.0,15502,United Kingdom,False,False,False
C569390,M,Manual,-1,2011-10-03 16:53:00,152.78,15502,United Kingdom,False,True,False
C569390,M,Manual,-1,2011-10-03 16:53:00,32.22,15502,United Kingdom,False,True,False
C569390,M,Manual,-1,2011-10-03 16:53:00,120.0,15502,United Kingdom,False,True,False
569391,84625C,,-32,2011-10-03 17:13:00,0.0,,United Kingdom,True,False,True
569392,47504K,,-275,2011-10-03 17:15:00,0.0,,United Kingdom,True,False,True
569393,23152,,-23,2011-10-03 17:15:00,0.0,,United Kingdom,True,False,True
569394,21163,,-70,2011-10-03 17:16:00,0.0,,United Kingdom,True,False,True
569402,POST,POSTAGE,1,2011-10-04 09:00:00,18.0,12413,France,False,False,False
569415,DOT,DOTCOM POSTAGE,1,2011-10-04 10:14:00,492.46,,United Kingdom,True,False,False
569458,20984,,58,2011-10-04 11:31:00,0.0,,United Kingdom,True,False,True
569463,23268,Lighthouse Trading zero invc incorr,192,2011-10-04 11:39:00,0.0,,United Kingdom,True,False,True
569464,23268,Incorrect stock entry.,-1440,2011-10-04 11:40:00,0.0,,United Kingdom,True,False,True
569465,23269,incorrect stock entry.,-1440,2011-10-04 11:41:00,0.0,,United Kingdom,True,False,True
569466,23270,incorrect stock entry.,-2880,2011-10-04 11:42:00,0.0,,United Kingdom,True,False,True
569496,POST,POSTAGE,2,2011-10-04 13:45:00,15.0,12395,Belgium,False,False,False
569517,23084,,14,2011-10-04 14:14:00,0.0,,United Kingdom,True,False,True
569522,POST,POSTAGE,1,2011-10-04 14:41:00,40.0,12664,Finland,False,False,False
569530,M,Manual,12,2011-10-04 14:58:00,0.08,17957,United Kingdom,False,False,False
569533,M,Manual,1,2011-10-04 15:21:00,7.95,16374,United Kingdom,False,False,False
569540,21586,,96,2011-10-04 16:05:00,0.0,,United Kingdom,True,False,True
569541,21587,,48,2011-10-04 16:06:00,0.0,,United Kingdom,True,False,True
569544,DOT,DOTCOM POSTAGE,1,2011-10-04 16:33:00,213.33,,United Kingdom,True,False,False
569545,DOT,DOTCOM POSTAGE,1,2011-10-04 16:37:00,252.16,,United Kingdom,True,False,False
569562,POST,POSTAGE,3,2011-10-05 09:43:00,18.0,12720,Germany,False,False,False
569563,POST,POSTAGE,8,2011-10-05 09:46:00,18.0,12481,Germany,False,False,False
569568,POST,POSTAGE,5,2011-10-05 09:57:00,18.0,12700,France,False,False,False
569578,23084,,5,2011-10-05 11:06:00,0.0,,United Kingdom,True,False,True
569639,POST,POSTAGE,1,2011-10-05 12:24:00,240.0,12471,Germany,False,False,False
569657,84944,michel oops,22,2011-10-05 12:59:00,0.0,,United Kingdom,True,False,True
569665,POST,POSTAGE,1,2011-10-05 13:34:00,15.0,12789,Netherlands,False,False,False
569681,84944,,25,2011-10-05 14:31:00,0.0,,United Kingdom,True,False,True
569686,POST,POSTAGE,2,2011-10-05 14:50:00,18.0,12719,France,False,False,False
569700,DOT,DOTCOM POSTAGE,1,2011-10-05 15:56:00,195.37,,United Kingdom,True,False,False
569716,22778,GLASS CLOCHE SMALL,2,2011-10-06 08:17:00,0.0,15804,United Kingdom,False,False,True
569719,POST,POSTAGE,8,2011-10-06 09:10:00,15.0,14646,Netherlands,False,False,False
569721,POST,POSTAGE,1,2011-10-06 09:28:00,18.0,12628,Germany,False,False,False
569727,POST,POSTAGE,2,2011-10-06 09:37:00,18.0,12500,Germany,False,False,False
C569733,POST,POSTAGE,-1,2011-10-06 09:57:00,18.0,12500,Germany,False,True,False
569735,POST,POSTAGE,2,2011-10-06 10:34:00,15.0,14646,Netherlands,False,False,False
569816,POST,POSTAGE,4,2011-10-06 11:58:00,0.55,,United Kingdom,True,False,False
569817,21870,,-26,2011-10-06 12:09:00,0.0,,United Kingdom,True,False,True
C569829,D,Discount,-1,2011-10-06 12:37:00,16.74,14527,United Kingdom,False,True,False
C569829,D,Discount,-1,2011-10-06 12:37:00,16.07,14527,United Kingdom,False,True,False
569830,23343,wrongly coded 20713,800,2011-10-06 12:38:00,0.0,,United Kingdom,True,False,True
569831,20713,wrongly coded-23343,-800,2011-10-06 12:38:00,0.0,,United Kingdom,True,False,True
569844,POST,POSTAGE,7,2011-10-06 13:30:00,18.0,12626,Germany,False,False,False
569854,35954,counted,-430,2011-10-06 14:26:00,0.0,,United Kingdom,True,False,True
569855,23412,?,-30,2011-10-06 14:27:00,0.0,,United Kingdom,True,False,True
569860,POST,POSTAGE,1,2011-10-06 14:37:00,18.0,13812,Germany,False,False,False
569861,POST,POSTAGE,3,2011-10-06 14:37:00,18.0,13816,Germany,False,False,False
569866,M,Manual,2,2011-10-06 14:50:00,1.25,12757,Portugal,False,False,False
569867,POST,POSTAGE,2,2011-10-06 14:54:00,18.0,12569,Germany,False,False,False
569874,90180A,stock check,-32,2011-10-06 15:06:00,0.0,,United Kingdom,True,False,True
569875,90195A,check,-45,2011-10-06 15:07:00,0.0,,United Kingdom,True,False,True
569876,90210D,check,-28,2011-10-06 15:08:00,0.0,,United Kingdom,True,False,True
569877,90210C,,-10,2011-10-06 15:09:00,0.0,,United Kingdom,True,False,True
569878,90057,crushed boxes,-380,2011-10-06 15:12:00,0.0,,United Kingdom,True,False,True
569879,90012B,check,-5,2011-10-06 15:13:00,0.0,,United Kingdom,True,False,True
569880,90012A,stock check,-18,2011-10-06 15:14:00,0.0,,United Kingdom,True,False,True
569881,90014C,,-8,2011-10-06 15:14:00,0.0,,United Kingdom,True,False,True
569882,90014B,,-1,2011-10-06 15:15:00,0.0,,United Kingdom,True,False,True
569883,90014A,check,-12,2011-10-06 15:16:00,0.0,,United Kingdom,True,False,True
569884,90164B,,-14,2011-10-06 15:16:00,0.0,,United Kingdom,True,False,True
569885,90164A,,-15,2011-10-06 15:17:00,0.0,,United Kingdom,True,False,True
569886,90191,??,-60,2011-10-06 15:24:00,0.0,,United Kingdom,True,False,True
569893,POST,POSTAGE,6,2011-10-06 15:51:00,18.0,12627,Germany,False,False,False
569895,23348,,420,2011-10-06 15:55:00,0.0,,United Kingdom,True,False,True
569898,DOT,DOTCOM POSTAGE,1,2011-10-06 16:08:00,297.66,,United Kingdom,True,False,False
569901,M,Manual,1,2011-10-06 16:20:00,1.25,12923,United Kingdom,False,False,False
569904,POST,POSTAGE,3,2011-10-06 16:27:00,15.0,13023,United Kingdom,False,False,False
569907,POST,POSTAGE,1,2011-10-06 16:41:00,18.0,12569,Germany,False,False,False
569924,22837,,9,2011-10-06 17:44:00,0.0,,United Kingdom,True,False,True
569925,21067,,6,2011-10-06 17:45:00,0.0,,United Kingdom,True,False,True
569926,35815P,,6,2011-10-06 17:45:00,0.0,,United Kingdom,True,False,True
569927,22171,,9,2011-10-06 17:45:00,0.0,,United Kingdom,True,False,True
569928,22062,,16,2011-10-06 17:49:00,0.0,,United Kingdom,True,False,True
569929,22084,,2,2011-10-06 17:50:00,0.0,,United Kingdom,True,False,True
569930,35914,,2,2011-10-06 17:50:00,0.0,,United Kingdom,True,False,True
569931,37370,,18,2011-10-06 17:50:00,0.0,,United Kingdom,True,False,True
569933,84849D,,101,2011-10-06 17:51:00,0.0,,United Kingdom,True,False,True
569934,85049D,,1,2011-10-06 17:51:00,0.0,,United Kingdom,True,False,True
569935,90209B,,1,2011-10-06 17:52:00,0.0,,United Kingdom,True,False,True
569937,90209C,,1,2011-10-06 17:52:00,0.0,,United Kingdom,True,False,True
569947,22062,,20,2011-10-06 18:20:00,0.0,,United Kingdom,True,False,True
C569982,M,Manual,-1,2011-10-06 19:39:00,218.72,15365,United Kingdom,False,True,False
569997,POST,POSTAGE,9,2011-10-07 08:08:00,18.0,12394,Denmark,False,False,False
569998,POST,POSTAGE,2,2011-10-07 08:12:00,28.0,12540,Spain,False,False,False
570007,POST,POSTAGE,3,2011-10-07 09:26:00,18.0,12519,Germany,False,False,False
570013,21395,,-38,2011-10-07 09:55:00,0.0,,United Kingdom,True,False,True
570015,21394,,42,2011-10-07 09:56:00,0.0,,United Kingdom,True,False,True
570020,POST,POSTAGE,1,2011-10-07 10:18:00,18.0,12684,France,False,False,False
C570025,AMAZONFEE,AMAZON FEE,-1,2011-10-07 10:29:00,5942.57,,United Kingdom,True,True,False
570026,POST,POSTAGE,1,2011-10-07 10:37:00,40.0,12781,Czech Republic,False,False,False
570065,22688,,2,2011-10-07 11:07:00,0.0,,United Kingdom,True,False,True
570082,POST,POSTAGE,7,2011-10-07 11:19:00,18.0,12524,Germany,False,False,False
570095,POST,POSTAGE,2,2011-10-07 11:57:00,18.0,12528,Germany,False,False,False
570110,22570,?,-74,2011-10-07 12:27:00,0.0,,United Kingdom,True,False,True
570112,22569,?,-84,2011-10-07 12:29:00,0.0,,United Kingdom,True,False,True
570120,22570,,6,2011-10-07 12:49:00,0.0,,United Kingdom,True,False,True
570185,21090,WET/MOULDY,-192,2011-10-07 14:56:00,0.0,,United Kingdom,True,False,True
570187,DOT,DOTCOM POSTAGE,1,2011-10-07 15:09:00,255.81,,United Kingdom,True,False,False
570189,POST,POSTAGE,1,2011-10-07 15:15:00,18.0,12492,Germany,False,False,False
570191,POST,POSTAGE,1,2011-10-07 15:23:00,15.0,12778,Netherlands,False,False,False
570193,22449,can't find,-125,2011-10-07 15:32:00,0.0,,United Kingdom,True,False,True
570198,47504K,,72,2011-10-07 15:50:00,0.0,,United Kingdom,True,False,True
570202,POST,POSTAGE,1,2011-10-07 16:21:00,6.32,,United Kingdom,True,False,False
570258,DOT,DOTCOM POSTAGE,1,2011-10-10 09:56:00,930.04,,United Kingdom,True,False,False
570259,22336,,-114,2011-10-10 09:59:00,0.0,,United Kingdom,True,False,True
570260,35933,,-34,2011-10-10 10:00:00,0.0,,United Kingdom,True,False,True
570261,35933,,10,2011-10-10 10:00:00,0.0,,United Kingdom,True,False,True
570262,35954,,-80,2011-10-10 10:00:00,0.0,,United Kingdom,True,False,True
570263,23412,,2,2011-10-10 10:00:00,0.0,,United Kingdom,True,False,True
570264,21288,,-22,2011-10-10 10:03:00,0.0,,United Kingdom,True,False,True
570267,POST,POSTAGE,1,2011-10-10 10:13:00,18.0,12682,France,False,False,False
C570279,M,Manual,-3,2011-10-10 11:06:00,8.0,13694,United Kingdom,False,True,False
570294,84249A,damaged,-25,2011-10-10 12:00:00,0.0,,United Kingdom,True,False,True
C570301,M,Manual,-1,2011-10-10 12:04:00,682.05,16900,United Kingdom,False,True,False
570333,M,Manual,6,2011-10-10 12:19:00,0.39,18126,United Kingdom,False,False,False
570403,47574A,check,-61,2011-10-10 12:45:00,0.0,,United Kingdom,True,False,True
570409,POST,POSTAGE,2,2011-10-10 13:03:00,18.0,12682,France,False,False,False
570417,POST,POSTAGE,1,2011-10-10 13:31:00,3.82,,United Kingdom,True,False,False
570440,21424,damages,-40,2011-10-10 14:31:00,0.0,,United Kingdom,True,False,True
570446,POST,POSTAGE,2,2011-10-10 14:49:00,15.0,12431,Belgium,False,False,False
570448,M,Manual,3,2011-10-10 14:55:00,1.0,13224,United Kingdom,False,False,False
570451,37467,,15,2011-10-10 15:15:00,0.0,,United Kingdom,True,False,True
570452,POST,POSTAGE,2,2011-10-10 15:15:00,18.0,12427,Germany,False,False,False
C570453,M,Manual,-1,2011-10-10 15:19:00,821.9,,United Kingdom,True,True,False
C570454,BANK CHARGES,Bank Charges,-1,2011-10-10 15:21:00,472.77,,United Kingdom,True,True,False
C570456,S,SAMPLES,-1,2011-10-10 15:38:00,98.18,,United Kingdom,True,True,False
C570456,S,SAMPLES,-1,2011-10-10 15:38:00,4.88,,United Kingdom,True,True,False
C570463,BANK CHARGES,Bank Charges,-1,2011-10-10 15:59:00,49.65,,United Kingdom,True,True,False
C570464,S,SAMPLES,-1,2011-10-10 16:01:00,47.98,,United Kingdom,True,True,False
570465,DOT,DOTCOM POSTAGE,1,2011-10-10 16:02:00,188.46,,United Kingdom,True,False,False
C570468,M,Manual,-1,2011-10-10 16:32:00,238.78,,United Kingdom,True,True,False
570475,M,Manual,12,2011-10-10 16:47:00,0.42,,United Kingdom,True,False,False
570479,M,Manual,1,2011-10-10 16:58:00,1.25,17589,United Kingdom,False,False,False
570488,DOT,DOTCOM POSTAGE,1,2011-10-10 17:12:00,635.01,14096,United Kingdom,False,False,False
C570487,CRUK,CRUK Commission,-1,2011-10-10 17:12:00,411.92,14096,United Kingdom,False,True,False
570499,POST,POSTAGE,5,2011-10-11 09:19:00,28.0,12772,Portugal,False,False,False
570518,23268,,4,2011-10-11 10:41:00,0.0,,United Kingdom,True,False,True
570519,21244,,5,2011-10-11 10:42:00,0.0,,United Kingdom,True,False,True
570520,23412,,2,2011-10-11 10:43:00,0.0,,United Kingdom,True,False,True
570595,21823,check,-94,2011-10-11 11:47:00,0.0,,United Kingdom,True,False,True
570596,21803,check,-38,2011-10-11 11:48:00,0.0,,United Kingdom,True,False,True
570599,84596G,??,-365,2011-10-11 12:00:00,0.0,,United Kingdom,True,False,True
570637,POST,POSTAGE,2,2011-10-11 12:34:00,18.0,12530,Germany,False,False,False
570640,POST,POSTAGE,2,2011-10-11 12:38:00,18.0,12474,Germany,False,False,False
570645,84247E,,24,2011-10-11 12:44:00,0.0,,United Kingdom,True,False,True
C570654,POST,POSTAGE,-1,2011-10-11 13:55:00,14.95,,United Kingdom,True,True,False
C570654,M,Manual,-1,2011-10-11 13:55:00,58.29,,United Kingdom,True,True,False
570666,POST,POSTAGE,1,2011-10-11 14:24:00,18.0,13919,Denmark,False,False,False
570667,POST,POSTAGE,2,2011-10-11 14:33:00,15.0,12362,Belgium,False,False,False
570681,POST,POSTAGE,1,2011-10-11 15:45:00,6.0,12381,Norway,False,False,False
570685,M,Manual,18,2011-10-11 16:25:00,1.0,13208,United Kingdom,False,False,False
570688,DOT,DOTCOM POSTAGE,1,2011-10-11 16:29:00,199.04,,United Kingdom,True,False,False
570690,DOT,DOTCOM POSTAGE,1,2011-10-11 16:37:00,199.81,,United Kingdom,True,False,False
570691,85231G,check,-110,2011-10-11 16:44:00,0.0,,United Kingdom,True,False,True
570705,M,Manual,18,2011-10-12 09:54:00,0.36,13208,United Kingdom,False,False,False
C570704,M,Manual,-18,2011-10-12 09:54:00,1.0,13208,United Kingdom,False,True,False
C570708,M,Manual,-600,2011-10-12 10:11:00,0.19,12908,United Kingdom,False,True,False
570709,21098,,19,2011-10-12 10:13:00,0.0,,United Kingdom,True,False,True
570710,21918,,10,2011-10-12 10:13:00,0.0,,United Kingdom,True,False,True
570711,21622,damages,-45,2011-10-12 10:14:00,0.0,,United Kingdom,True,False,True
570712,22121,?,-90,2011-10-12 10:15:00,0.0,,United Kingdom,True,False,True
570714,POST,POSTAGE,2,2011-10-12 10:20:00,40.0,13520,Switzerland,False,False,False
570718,POST,POSTAGE,2,2011-10-12 10:36:00,18.0,12518,Germany,False,False,False
570725,POST,POSTAGE,1,2011-10-12 11:30:00,4.5,12381,Norway,False,False,False
570754,POST,POSTAGE,1,2011-10-12 11:40:00,18.0,12633,Germany,False,False,False
570769,POST,POSTAGE,2,2011-10-12 11:43:00,18.0,12664,Finland,False,False,False
C570775,POST,POSTAGE,-1,2011-10-12 11:45:00,18.0,12664,Finland,False,True,False
570784,POST,POSTAGE,1,2011-10-12 11:49:00,18.0,12569,Germany,False,False,False
570793,POST,POSTAGE,8,2011-10-12 12:08:00,40.0,12444,Norway,False,False,False
570798,POST,POSTAGE,2,2011-10-12 12:30:00,18.0,12679,France,False,False,False
570822,22501,Found,24,2011-10-12 12:52:00,0.0,,United Kingdom,True,False,True
570823,POST,POSTAGE,1,2011-10-12 12:54:00,18.0,12691,France,False,False,False
570841,POST,POSTAGE,2,2011-10-12 14:18:00,18.0,12553,France,False,False,False
570851,POST,POSTAGE,1,2011-10-12 14:46:00,18.0,12583,France,False,False,False
570860,16168M,found,44,2011-10-12 15:25:00,0.0,,United Kingdom,True,False,True
570868,21311,,96,2011-10-12 16:18:00,0.0,,United Kingdom,True,False,True
570869,79164,,36,2011-10-12 16:21:00,0.0,,United Kingdom,True,False,True
570871,DOT,DOTCOM POSTAGE,1,2011-10-12 16:36:00,218.93,,United Kingdom,True,False,False
570872,DOT,DOTCOM POSTAGE,1,2011-10-12 16:40:00,214.32,,United Kingdom,True,False,False
570873,23322,mouldy,-40,2011-10-12 16:41:00,0.0,,United Kingdom,True,False,True
570874,23020,smashed,-4,2011-10-12 16:42:00,0.0,,United Kingdom,True,False,True
570875,POST,POSTAGE,4,2011-10-12 17:00:00,40.0,12667,Finland,False,False,False
570879,POST,POSTAGE,2,2011-10-13 08:42:00,18.0,12685,France,False,False,False
570881,POST,POSTAGE,2,2011-10-13 09:30:00,18.0,12498,Germany,False,False,False
571010,22848,,-16,2011-10-13 12:13:00,0.0,,United Kingdom,True,False,True
571011,21078,,-207,2011-10-13 12:13:00,0.0,,United Kingdom,True,False,True
571012,21402,,-147,2011-10-13 12:15:00,0.0,,United Kingdom,True,False,True
571013,23306,,-104,2011-10-13 12:16:00,0.0,,United Kingdom,True,False,True
571016,84596G,,288,2011-10-13 12:17:00,0.0,,United Kingdom,True,False,True
571024,22812,?,-270,2011-10-13 12:18:00,0.0,,United Kingdom,True,False,True
571027,72816,,-36,2011-10-13 12:19:00,0.0,,United Kingdom,True,False,True
571030,POST,POSTAGE,7,2011-10-13 12:26:00,15.0,12876,Belgium,False,False,False
571035,M,Manual,1,2011-10-13 12:50:00,0.0,12446,RSA,False,False,False
571037,20669,,-25,2011-10-13 12:58:00,0.0,,United Kingdom,True,False,True
571042,23306,,48,2011-10-13 13:04:00,0.0,,United Kingdom,True,False,True
571053,POST,POSTAGE,4,2011-10-13 13:53:00,40.0,12631,Finland,False,False,False
571061,DOT,DOTCOM POSTAGE,1,2011-10-13 14:33:00,852.25,,United Kingdom,True,False,False
571065,POST,POSTAGE,7,2011-10-13 14:59:00,18.0,12613,Germany,False,False,False
571082,DOT,DOTCOM POSTAGE,1,2011-10-13 15:25:00,213.13,,United Kingdom,True,False,False
571106,M,Manual,1,2011-10-13 16:14:00,1.0,14976,United Kingdom,False,False,False
571111,POST,POSTAGE,1,2011-10-13 16:37:00,15.0,14976,United Kingdom,False,False,False
571112,22637,damages,-65,2011-10-13 17:36:00,0.0,,United Kingdom,True,False,True
571113,21407,,-19,2011-10-13 17:37:00,0.0,,United Kingdom,True,False,True
571114,23159,,-99,2011-10-13 17:40:00,0.0,,United Kingdom,True,False,True
571115,82567,,-73,2011-10-13 17:40:00,0.0,,United Kingdom,True,False,True
571116,23131,?,-49,2011-10-13 17:46:00,0.0,,United Kingdom,True,False,True
571124,72802A,Wet pallet-thrown away,-306,2011-10-14 09:36:00,0.0,,United Kingdom,True,False,True
571126,72802A,?,-50,2011-10-14 09:53:00,0.0,,United Kingdom,True,False,True
571128,72802A,Had been put aside.,54,2011-10-14 10:03:00,0.0,,United Kingdom,True,False,True
571130,72802C,check,-37,2011-10-14 10:05:00,0.0,,United Kingdom,True,False,True
571131,72802B,check,-51,2011-10-14 10:13:00,0.0,,United Kingdom,True,False,True
571179,M,Manual,1,2011-10-14 10:42:00,40.0,15482,United Kingdom,False,False,False
571187,POST,POSTAGE,3,2011-10-14 11:39:00,18.0,12380,Belgium,False,False,False
571188,POST,POSTAGE,4,2011-10-14 11:42:00,28.0,12783,Portugal,False,False,False
571190,M,Manual,4,2011-10-14 11:43:00,0.12,17771,United Kingdom,False,False,False
571191,POST,POSTAGE,1,2011-10-14 11:44:00,15.0,17404,Sweden,False,False,False
571198,21190,,48,2011-10-14 12:16:00,0.0,,United Kingdom,True,False,True
571215,POST,POSTAGE,3,2011-10-14 12:57:00,18.0,13810,Germany,False,False,False
C571220,M,Manual,-1,2011-10-14 13:35:00,599.5,13810,Germany,False,True,False
571223,M,Manual,1,2011-10-14 13:36:00,599.5,13810,Germany,False,False,False
571240,POST,POSTAGE,2,2011-10-14 14:55:00,18.0,12562,France,False,False,False
571249,23084,,6,2011-10-14 16:25:00,0.0,,United Kingdom,True,False,True
571254,23427,damaged,-2,2011-10-14 17:07:00,0.0,,United Kingdom,True,False,True
571257,DOT,DOTCOM POSTAGE,1,2011-10-14 17:17:00,271.18,,United Kingdom,True,False,False
571289,M,Manual,1,2011-10-16 15:27:00,0.39,15113,United Kingdom,False,False,False
571304,POST,POSTAGE,4,2011-10-17 09:37:00,18.0,12526,Germany,False,False,False
571305,DOT,DOTCOM POSTAGE,1,2011-10-17 09:55:00,657.29,,United Kingdom,True,False,False
571308,POST,POSTAGE,3,2011-10-17 10:10:00,18.0,12475,Germany,False,False,False
571312,POST,POSTAGE,4,2011-10-17 10:42:00,18.0,12474,Germany,False,False,False
571324,M,Manual,1,2011-10-17 11:08:00,283.02,12783,Portugal,False,False,False
C571325,M,Manual,-1,2011-10-17 11:09:00,339.02,12783,Portugal,False,True,False
571326,M,Manual,1,2011-10-17 11:11:00,339.02,12783,Portugal,False,False,False
C571327,M,Manual,-1,2011-10-17 11:12:00,283.02,12783,Portugal,False,True,False
571328,POST,POSTAGE,7,2011-10-17 11:27:00,18.0,12473,Germany,False,False,False
571441,DOT,DOTCOM POSTAGE,1,2011-10-17 13:31:00,743.62,14096,United Kingdom,False,False,False
C571440,CRUK,CRUK Commission,-1,2011-10-17 13:31:00,495.98,14096,United Kingdom,False,True,False
571445,POST,POSTAGE,2,2011-10-17 13:44:00,18.0,12463,Belgium,False,False,False
571458,21761,damaged,-2,2011-10-17 14:02:00,0.0,,United Kingdom,True,False,True
571459,20839,damages,-80,2011-10-17 14:03:00,0.0,,United Kingdom,True,False,True
571460,46775D,,6,2011-10-17 14:06:00,0.0,,United Kingdom,True,False,True
571465,M,Manual,1,2011-10-17 14:29:00,0.85,14830,United Kingdom,False,False,False
C571501,M,Manual,-1,2011-10-17 15:14:00,153.13,,United Kingdom,True,True,False
571508,DOT,DOTCOM POSTAGE,1,2011-10-17 15:27:00,195.06,,United Kingdom,True,False,False
571556,POST,POSTAGE,2,2011-10-18 09:24:00,18.0,12662,Germany,False,False,False
C571625,POST,POSTAGE,-1,2011-10-18 10:59:00,4.41,16140,United Kingdom,False,True,False
571633,20713,found,100,2011-10-18 11:27:00,0.0,,United Kingdom,True,False,True
C571634,M,Manual,-1,2011-10-18 11:34:00,79.2,16029,United Kingdom,False,True,False
C571639,M,Manual,-1,2011-10-18 12:01:00,120.58,15498,United Kingdom,False,True,False
571658,POST,POSTAGE,3,2011-10-18 12:48:00,18.0,12621,Germany,False,False,False
571665,POST,POSTAGE,3,2011-10-18 12:59:00,28.0,12540,Spain,False,False,False
571674,23702,,100,2011-10-18 13:22:00,0.0,,United Kingdom,True,False,True
571686,22149,damages,-40,2011-10-18 14:22:00,0.0,,United Kingdom,True,False,True
571687,22149,check,-46,2011-10-18 14:23:00,0.0,,United Kingdom,True,False,True
571688,22149,,46,2011-10-18 14:24:00,0.0,,United Kingdom,True,False,True
571689,85135B,,-27,2011-10-18 14:28:00,0.0,,United Kingdom,True,False,True
571697,POST,POSTAGE,3,2011-10-18 14:49:00,15.0,12759,Netherlands,False,False,False
571704,23579,Sale error,4,2011-10-18 15:15:00,0.0,,United Kingdom,True,False,True
571705,POST,POSTAGE,3,2011-10-18 15:22:00,40.0,12360,Austria,False,False,False
C571707,M,Manual,-2,2011-10-18 15:33:00,0.42,14056,United Kingdom,False,True,False
571713,DOT,DOTCOM POSTAGE,1,2011-10-18 16:58:00,243.87,,United Kingdom,True,False,False
571714,DOT,DOTCOM POSTAGE,1,2011-10-18 17:00:00,127.89,,United Kingdom,True,False,False
571716,DOT,DOTCOM POSTAGE,1,2011-10-18 17:05:00,206.38,,United Kingdom,True,False,False
571718,21801,,5,2011-10-18 17:29:00,0.0,,United Kingdom,True,False,True
571719,22729,,7,2011-10-18 17:29:00,0.0,,United Kingdom,True,False,True
571720,85211,,3,2011-10-18 17:29:00,0.0,,United Kingdom,True,False,True
571721,21738,,2,2011-10-18 17:30:00,0.0,,United Kingdom,True,False,True
571722,22062,,1,2011-10-18 17:30:00,0.0,,United Kingdom,True,False,True
571723,85211,,-1,2011-10-18 17:30:00,0.0,,United Kingdom,True,False,True
571724,POST,POSTAGE,3,2011-10-19 08:20:00,18.0,12572,Germany,False,False,False
571729,POST,POSTAGE,1,2011-10-19 09:43:00,18.0,12500,Germany,False,False,False
571731,21911,,1,2011-10-19 09:51:00,0.0,,United Kingdom,True,False,True
C571750,M,Manual,-1,2011-10-19 11:16:00,3949.32,12744,Singapore,False,True,False
C571750,M,Manual,-1,2011-10-19 11:16:00,2118.74,12744,Singapore,False,True,False
571751,M,Manual,1,2011-10-19 11:18:00,3949.32,12744,Singapore,False,False,False
571751,M,Manual,1,2011-10-19 11:18:00,2118.74,12744,Singapore,False,False,False
571797,DOT,DOTCOM POSTAGE,1,2011-10-19 11:41:00,868.21,,United Kingdom,True,False,False
571824,POST,POSTAGE,6,2011-10-19 11:49:00,18.0,12472,Germany,False,False,False
571851,POST,POSTAGE,4,2011-10-19 13:02:00,28.0,12596,Spain,False,False,False
571883,M,Manual,6,2011-10-19 13:58:00,0.39,14704,United Kingdom,False,False,False
571900,BANK CHARGES,Bank Charges,1,2011-10-19 14:26:00,15.0,13263,United Kingdom,False,False,False
571904,POST,POSTAGE,1,2011-10-19 14:41:00,18.0,12522,Germany,False,False,False
571909,M,Manual,1,2011-10-19 15:08:00,4.95,15006,United Kingdom,False,False,False
571915,21627,check,-32,2011-10-19 15:34:00,0.0,,United Kingdom,True,False,True
571923,POST,POSTAGE,2,2011-10-19 16:24:00,18.0,12685,France,False,False,False
571931,DCGSSGIRL,GIRLS PARTY BAG,1,2011-10-19 16:59:00,3.29,,United Kingdom,True,False,False
571931,DOT,DOTCOM POSTAGE,1,2011-10-19 16:59:00,230.59,,United Kingdom,True,False,False
572054,POST,POSTAGE,2,2011-10-20 12:31:00,18.0,12642,Germany,False,False,False
572056,POST,POSTAGE,1,2011-10-20 12:40:00,35.0,17402,United Kingdom,False,False,False
572060,POST,POSTAGE,1,2011-10-20 12:52:00,18.0,12569,Germany,False,False,False
572061,POST,POSTAGE,2,2011-10-20 12:53:00,18.0,12474,Germany,False,False,False
572072,POST,POSTAGE,1,2011-10-20 13:40:00,1.36,,United Kingdom,True,False,False
572087,POST,POSTAGE,6,2011-10-20 14:30:00,18.0,12683,France,False,False,False
572103,M,Manual,1,2011-10-20 15:57:00,1.25,17571,United Kingdom,False,False,False
572133,POST,POSTAGE,2,2011-10-21 10:11:00,18.0,12407,Belgium,False,False,False
572184,POST,POSTAGE,2,2011-10-21 10:51:00,18.0,12403,Denmark,False,False,False
C572187,POST,POSTAGE,-1,2011-10-21 11:00:00,18.0,12403,Denmark,False,True,False
572233,POST,POSTAGE,7,2011-10-21 14:41:00,15.0,14646,Netherlands,False,False,False
572239,84247E,,1,2011-10-21 15:15:00,0.0,,United Kingdom,True,False,True
572241,POST,POSTAGE,1,2011-10-21 15:20:00,18.0,12712,Germany,False,False,False
572293,M,Manual,1,2011-10-23 13:02:00,50.0,12748,United Kingdom,False,False,False
572316,M,Manual,1,2011-10-23 16:13:00,0.38,17836,United Kingdom,False,False,False
572341,85036A,,-82,2011-10-24 10:36:00,0.0,,United Kingdom,True,False,True
572344,M,Manual,456,2011-10-24 10:43:00,1.5,14607,United Kingdom,False,False,False
572344,M,Manual,48,2011-10-24 10:43:00,1.5,14607,United Kingdom,False,False,False
572345,20713,Found,100,2011-10-24 10:53:00,0.0,,United Kingdom,True,False,True
C572346,BANK CHARGES,Bank Charges,-1,2011-10-24 10:58:00,49.65,,United Kingdom,True,True,False
C572347,S,SAMPLES,-1,2011-10-24 11:03:00,33.05,,United Kingdom,True,True,False
C572398,POST,POSTAGE,-1,2011-10-24 11:55:00,11.85,,United Kingdom,True,True,False
C572398,M,Manual,-1,2011-10-24 11:55:00,162.2,,United Kingdom,True,True,False
572423,M,Manual,1,2011-10-24 12:02:00,464.9,16742,United Kingdom,False,False,False
C572422,POST,POSTAGE,-1,2011-10-24 12:02:00,35.65,,United Kingdom,True,True,False
C572422,M,Manual,-1,2011-10-24 12:02:00,183.16,,United Kingdom,True,True,False
C572428,M,Manual,-1,2011-10-24 12:03:00,464.9,17949,United Kingdom,False,True,False
C572441,POST,POSTAGE,-1,2011-10-24 12:08:00,20.47,,United Kingdom,True,True,False
C572441,M,Manual,-1,2011-10-24 12:08:00,177.04,,United Kingdom,True,True,False
572442,POST,POSTAGE,2,2011-10-24 12:09:00,28.0,12546,Spain,False,False,False
C572444,POST,POSTAGE,-1,2011-10-24 12:12:00,15.53,,United Kingdom,True,True,False
C572444,M,Manual,-1,2011-10-24 12:12:00,235.54,,United Kingdom,True,True,False
C572445,POST,POSTAGE,-1,2011-10-24 12:20:00,31.6,,United Kingdom,True,True,False
C572445,M,Manual,-1,2011-10-24 12:20:00,186.21,,United Kingdom,True,True,False
C572446,POST,POSTAGE,-1,2011-10-24 12:23:00,70.21,,United Kingdom,True,True,False
C572446,M,Manual,-1,2011-10-24 12:23:00,302.04,,United Kingdom,True,True,False
C572448,POST,POSTAGE,-1,2011-10-24 12:28:00,69.72,,United Kingdom,True,True,False
C572448,M,Manual,-1,2011-10-24 12:28:00,259.79,,United Kingdom,True,True,False
C572450,POST,POSTAGE,-1,2011-10-24 12:35:00,29.28,,United Kingdom,True,True,False
C572450,M,Manual,-1,2011-10-24 12:35:00,248.87,,United Kingdom,True,True,False
C572455,POST,POSTAGE,-1,2011-10-24 12:41:00,30.53,,United Kingdom,True,True,False
C572455,M,Manual,-1,2011-10-24 12:41:00,265.7,,United Kingdom,True,True,False
C572456,POST,POSTAGE,-1,2011-10-24 12:44:00,22.56,,United Kingdom,True,True,False
C572456,M,Manual,-1,2011-10-24 12:44:00,181.75,,United Kingdom,True,True,False
C572467,POST,POSTAGE,-1,2011-10-24 13:29:00,42.05,,United Kingdom,True,True,False
C572467,M,Manual,-1,2011-10-24 13:29:00,276.08,,United Kingdom,True,True,False
572468,72803A,damages,-160,2011-10-24 13:30:00,0.0,,United Kingdom,True,False,True
C572470,POST,POSTAGE,-1,2011-10-24 13:32:00,26.0,,United Kingdom,True,True,False
C572470,M,Manual,-1,2011-10-24 13:32:00,233.25,,United Kingdom,True,True,False
572476,20665,dotcom,21,2011-10-24 13:39:00,0.0,,United Kingdom,True,False,True
572477,20665,adjustment,-15,2011-10-24 13:39:00,0.0,,United Kingdom,True,False,True
572480,22049,damaged,-100,2011-10-24 13:44:00,0.0,,United Kingdom,True,False,True
572510,20967,Amazon Adjustment,1,2011-10-24 14:27:00,0.0,,United Kingdom,True,False,True
572514,20774,,-4,2011-10-24 14:36:00,0.0,,United Kingdom,True,False,True
572516,22336,damaged,-71,2011-10-24 14:45:00,0.0,,United Kingdom,True,False,True
572527,20984,damaged,-46,2011-10-24 15:35:00,0.0,,United Kingdom,True,False,True
572533,84877D,,-1,2011-10-24 16:06:00,0.0,,United Kingdom,True,False,True
572534,35597D,,-2,2011-10-24 16:07:00,0.0,,United Kingdom,True,False,True
572536,21294,,-8,2011-10-24 16:08:00,0.0,,United Kingdom,True,False,True
572537,37327,,2,2011-10-24 16:09:00,0.0,,United Kingdom,True,False,True
572539,79030D,,13,2011-10-24 16:10:00,0.0,,United Kingdom,True,False,True
572540,DOT,DOTCOM POSTAGE,1,2011-10-24 16:17:00,743.96,,United Kingdom,True,False,False
572543,22570,,-32,2011-10-24 16:24:00,0.0,,United Kingdom,True,False,True
572547,20713,wrongly marked 23343,200,2011-10-24 17:01:00,0.0,,United Kingdom,True,False,True
572548,23343,20713 wrongly marked,-200,2011-10-24 17:01:00,0.0,,United Kingdom,True,False,True
572549,DOT,DOTCOM POSTAGE,1,2011-10-24 17:03:00,235.98,,United Kingdom,True,False,False
572550,DOT,DOTCOM POSTAGE,1,2011-10-24 17:06:00,215.13,,United Kingdom,True,False,False
572552,DOT,DOTCOM POSTAGE,1,2011-10-24 17:07:00,638.3,14096,United Kingdom,False,False,False
C572551,CRUK,CRUK Commission,-1,2011-10-24 17:07:00,425.14,14096,United Kingdom,False,True,False
572553,DOT,DOTCOM POSTAGE,1,2011-10-24 17:09:00,276.48,,United Kingdom,True,False,False
572557,22427,damages,-29,2011-10-24 17:44:00,0.0,,United Kingdom,True,False,True
572560,POST,POSTAGE,8,2011-10-25 08:45:00,18.0,12476,Germany,False,False,False
572564,40016,,-108,2011-10-25 09:56:00,0.0,,United Kingdom,True,False,True
572567,POST,POSTAGE,5,2011-10-25 10:27:00,40.0,12398,Switzerland,False,False,False
572614,23595,adjustment,5,2011-10-25 11:38:00,0.0,,United Kingdom,True,False,True
572615,23595,re-adjustment,-5,2011-10-25 11:39:00,0.0,,United Kingdom,True,False,True
572656,M,Manual,288,2011-10-25 12:22:00,1.5,14607,United Kingdom,False,False,False
C572659,M,Manual,-1,2011-10-25 12:30:00,80.0,14527,United Kingdom,False,True,False
572665,POST,POSTAGE,1,2011-10-25 13:02:00,4.48,,United Kingdom,True,False,False
572682,M,Manual,72,2011-10-25 13:52:00,0.39,17928,United Kingdom,False,False,False
572684,23029,damages,-20,2011-10-25 14:00:00,0.0,,United Kingdom,True,False,True
572685,23032,damages,-60,2011-10-25 14:01:00,0.0,,United Kingdom,True,False,True
572686,23118,Breakages,-30,2011-10-25 14:03:00,0.0,,United Kingdom,True,False,True
572687,20840,damages,-30,2011-10-25 14:05:00,0.0,,United Kingdom,True,False,True
572689,84969,check,-50,2011-10-25 14:13:00,0.0,,United Kingdom,True,False,True
572690,21539,damages?,-111,2011-10-25 14:14:00,0.0,,United Kingdom,True,False,True
572691,22426,check,-15,2011-10-25 14:15:00,0.0,,United Kingdom,True,False,True
572692,21071,check,-82,2011-10-25 14:16:00,0.0,,United Kingdom,True,False,True
572693,35810A,check,-78,2011-10-25 14:20:00,0.0,,United Kingdom,True,False,True
572694,35810B,,12,2011-10-25 14:21:00,0.0,,United Kingdom,True,False,True
572696,M,Manual,1,2011-10-25 14:23:00,250.0,17857,United Kingdom,False,False,False
572697,22087,Amazon,6,2011-10-25 14:24:00,0.0,,United Kingdom,True,False,True
572698,82613A,Amazon,1,2011-10-25 14:25:00,0.0,,United Kingdom,True,False,True
572699,72818,,-48,2011-10-25 14:26:00,0.0,,United Kingdom,True,False,True
572700,72818,,1,2011-10-25 14:26:00,0.0,,United Kingdom,True,False,True
572701,85078,missing,-840,2011-10-25 14:31:00,0.0,,United Kingdom,True,False,True
572702,37479P,??,-184,2011-10-25 14:33:00,0.0,,United Kingdom,True,False,True
572716,22829,,2,2011-10-25 14:46:00,0.0,,United Kingdom,True,False,True
572723,21829,adjustment,12,2011-10-25 15:13:00,0.0,,United Kingdom,True,False,True
572724,84507C,adjustment,4,2011-10-25 15:14:00,0.0,,United Kingdom,True,False,True
572725,20754,Found,57,2011-10-25 15:14:00,0.0,,United Kingdom,True,False,True
572731,35914,,2,2011-10-25 15:20:00,0.0,,United Kingdom,True,False,True
572739,21578,found,16,2011-10-25 15:44:00,0.0,,United Kingdom,True,False,True
572740,22687,adjustment,1,2011-10-25 15:45:00,0.0,,United Kingdom,True,False,True
572748,21824,check,-103,2011-10-25 16:50:00,0.0,,United Kingdom,True,False,True
572749,22572,??,-335,2011-10-25 16:52:00,0.0,,United Kingdom,True,False,True
572758,DOT,DOTCOM POSTAGE,1,2011-10-25 18:39:00,246.54,,United Kingdom,True,False,False
572759,37468,,-2,2011-10-25 18:45:00,0.0,,United Kingdom,True,False,True
572770,POST,POSTAGE,9,2011-10-26 10:16:00,40.0,12371,Switzerland,False,False,False
572832,M,Manual,1,2011-10-26 11:40:00,1.0,16454,United Kingdom,False,False,False
572849,S,SAMPLES,1,2011-10-26 12:20:00,33.05,,United Kingdom,True,False,False
572886,POST,POSTAGE,3,2011-10-26 13:46:00,28.0,12448,Spain,False,False,False
572887,POST,POSTAGE,4,2011-10-26 13:47:00,15.0,12362,Belgium,False,False,False
572890,20713,Marked as 23343,400,2011-10-26 14:14:00,0.0,,United Kingdom,True,False,True
572891,23343,20713,-400,2011-10-26 14:14:00,0.0,,United Kingdom,True,False,True
572893,21208,PASTEL COLOUR HONEYCOMB FAN,5,2011-10-26 14:36:00,0.0,18059,United Kingdom,False,False,True
572894,POST,POSTAGE,1,2011-10-26 14:39:00,18.0,12569,Germany,False,False,False
572895,POST,POSTAGE,1,2011-10-26 14:39:00,18.0,12569,Germany,False,False,False
572896,POST,POSTAGE,4,2011-10-26 14:41:00,40.0,12456,Switzerland,False,False,False
572897,DOT,DOTCOM POSTAGE,1,2011-10-26 14:42:00,1016.58,,United Kingdom,True,False,False
572898,22180,,-15,2011-10-26 14:50:00,0.0,,United Kingdom,True,False,True
572919,72802C,check,-17,2011-10-26 16:49:00,0.0,,United Kingdom,True,False,True
572920,72803A,?,117,2011-10-26 16:52:00,0.0,,United Kingdom,True,False,True
572934,POST,POSTAGE,4,2011-10-27 10:18:00,40.0,12610,Italy,False,False,False
572964,POST,POSTAGE,3,2011-10-27 10:41:00,40.0,12630,Finland,False,False,False
572986,POST,POSTAGE,3,2011-10-27 10:51:00,18.0,12681,France,False,False,False
572992,POST,POSTAGE,2,2011-10-27 10:57:00,18.0,12681,France,False,False,False
572996,23462,damages,-34,2011-10-27 11:22:00,0.0,,United Kingdom,True,False,True
573036,POST,POSTAGE,2,2011-10-27 13:44:00,18.0,12437,France,False,False,False
573077,M,Manual,1,2011-10-27 14:13:00,4161.06,12536,France,False,False,False
C573079,M,Manual,-2,2011-10-27 14:15:00,4161.06,12536,France,False,True,False
573080,M,Manual,1,2011-10-27 14:20:00,4161.06,12536,France,False,False,False
C573081,D,Discount,-1,2011-10-27 14:20:00,23.27,14527,United Kingdom,False,True,False
573106,POST,POSTAGE,1,2011-10-27 15:05:00,18.0,12626,Germany,False,False,False
573107,21794,adjustment,10,2011-10-27 15:06:00,0.0,,United Kingdom,True,False,True
573108,POST,POSTAGE,1,2011-10-27 15:09:00,40.0,12430,Norway,False,False,False
573114,20713,wrongly coded 23343,1000,2011-10-27 15:36:00,0.0,,United Kingdom,True,False,True
573115,23343,wrongly coded 20713,-1000,2011-10-27 15:37:00,0.0,,United Kingdom,True,False,True
573118,85032D,damaged,-1,2011-10-27 16:19:00,0.0,,United Kingdom,True,False,True
573120,72816,,-1,2011-10-27 16:21:00,0.0,,United Kingdom,True,False,True
573136,POST,POSTAGE,2,2011-10-27 17:00:00,18.0,12709,Germany,False,False,False
573137,DOT,DOTCOM POSTAGE,1,2011-10-27 17:15:00,188.89,,United Kingdom,True,False,False
573153,POST,POSTAGE,3,2011-10-28 07:39:00,145.0,12678,France,False,False,False
573169,35600A,Found by jackie,1,2011-10-28 09:56:00,0.0,,United Kingdom,True,False,True
573170,21174,found,71,2011-10-28 09:59:00,0.0,,United Kingdom,True,False,True
C573172,M,Manual,-1,2011-10-28 10:02:00,0.5,16966,United Kingdom,False,True,False
573173,POST,POSTAGE,4,2011-10-28 10:10:00,15.0,12362,Belgium,False,False,False
C573253,POST,POSTAGE,-1,2011-10-28 12:14:00,3.95,17552,United Kingdom,False,True,False
573254,85135C,Damages,-49,2011-10-28 12:18:00,0.0,,United Kingdom,True,False,True
573255,85135B,check,3,2011-10-28 12:18:00,0.0,,United Kingdom,True,False,True
573256,85135A,,12,2011-10-28 12:19:00,0.0,,United Kingdom,True,False,True
573258,85136C,damages,-36,2011-10-28 12:19:00,0.0,,United Kingdom,True,False,True
C573257,POST,POSTAGE,-1,2011-10-28 12:19:00,6.42,14297,United Kingdom,False,True,False
573259,85136A,damages,-77,2011-10-28 12:20:00,0.0,,United Kingdom,True,False,True
C573268,M,Manual,-1,2011-10-28 12:50:00,907.0,12748,United Kingdom,False,True,False
573284,POST,POSTAGE,1,2011-10-28 14:27:00,18.0,13812,Germany,False,False,False
573289,POST,POSTAGE,4,2011-10-28 14:44:00,18.0,12705,Germany,False,False,False
573293,21181,adjustment,10,2011-10-28 15:14:00,0.0,,United Kingdom,True,False,True
573307,POST,POSTAGE,1,2011-10-28 16:24:00,11.27,,United Kingdom,True,False,False
573310,DOT,DOTCOM POSTAGE,1,2011-10-28 16:44:00,6.63,,United Kingdom,True,False,False
573311,M,Manual,8,2011-10-28 16:45:00,0.39,14071,United Kingdom,False,False,False
573313,DOT,DOTCOM POSTAGE,1,2011-10-28 16:46:00,3.29,,United Kingdom,True,False,False
573317,21804,,-84,2011-10-28 18:09:00,0.0,,United Kingdom,True,False,True
573318,84944,,-47,2011-10-28 18:11:00,0.0,,United Kingdom,True,False,True
573328,M,Manual,3,2011-10-30 11:09:00,0.39,16601,United Kingdom,False,False,False
573333,POST,POSTAGE,2,2011-10-30 11:34:00,40.0,12483,Sweden,False,False,False
573340,M,Manual,3,2011-10-30 11:55:00,0.79,14159,United Kingdom,False,False,False
573345,M,Manual,25,2011-10-30 12:14:00,0.2,17609,United Kingdom,False,False,False
573362,POST,POSTAGE,10,2011-10-30 13:06:00,28.0,12597,Spain,False,False,False
573401,POST,POSTAGE,2,2011-10-30 15:43:00,15.0,12364,Belgium,False,False,False
573402,POST,POSTAGE,1,2011-10-30 15:44:00,18.0,12494,France,False,False,False
573417,POST,POSTAGE,1,2011-10-31 08:56:00,18.0,12581,Germany,False,False,False
573430,POST,POSTAGE,3,2011-10-31 10:38:00,18.0,13813,Germany,False,False,False
573463,17012B,check,-70,2011-10-31 10:56:00,0.0,,United Kingdom,True,False,True
573482,21181,check,-54,2011-10-31 11:20:00,0.0,,United Kingdom,True,False,True
573487,23400,check,-19,2011-10-31 11:46:00,0.0,,United Kingdom,True,False,True
573488,23400,,1,2011-10-31 11:47:00,0.0,,United Kingdom,True,False,True
573489,85035B,check,-36,2011-10-31 11:48:00,0.0,,United Kingdom,True,False,True
573490,85035A,CHECK,-59,2011-10-31 11:55:00,0.0,,United Kingdom,True,False,True
573491,21618,CHECK,-54,2011-10-31 11:56:00,0.0,,United Kingdom,True,False,True
573493,21619,check,-94,2011-10-31 11:57:00,0.0,,United Kingdom,True,False,True
573494,47503H,check,-24,2011-10-31 11:57:00,0.0,,United Kingdom,True,False,True
573495,22117,check,184,2011-10-31 11:58:00,0.0,,United Kingdom,True,False,True
573497,21642,check,-138,2011-10-31 12:00:00,0.0,,United Kingdom,True,False,True
573498,21636,check,-22,2011-10-31 12:00:00,0.0,,United Kingdom,True,False,True
573499,21192,check,-164,2011-10-31 12:01:00,0.0,,United Kingdom,True,False,True
573503,22595,check,-80,2011-10-31 12:03:00,0.0,,United Kingdom,True,False,True
573505,85208,check,-22,2011-10-31 12:09:00,0.0,,United Kingdom,True,False,True
573547,84818,damages,-70,2011-10-31 13:21:00,0.0,,United Kingdom,True,False,True
C573549,AMAZONFEE,AMAZON FEE,-1,2011-10-31 13:23:00,5942.57,,United Kingdom,True,True,False
C573550,AMAZONFEE,AMAZON FEE,-1,2011-10-31 13:32:00,2185.04,,United Kingdom,True,True,False
573553,DOT,DOTCOM POSTAGE,1,2011-10-31 13:48:00,757.63,,United Kingdom,True,False,False
573576,DOT,DOTCOM POSTAGE,1,2011-10-31 14:09:00,901.58,14096,United Kingdom,False,False,False
C573575,CRUK,CRUK Commission,-1,2011-10-31 14:09:00,606.0,14096,United Kingdom,False,True,False
573580,DOT,DOTCOM POSTAGE,1,2011-10-31 14:21:00,254.42,,United Kingdom,True,False,False
573585,DOT,DOTCOM POSTAGE,1,2011-10-31 14:41:00,2019.05,,United Kingdom,True,False,False
573586,BANK CHARGES,Bank Charges,1,2011-10-31 14:48:00,15.0,14704,United Kingdom,False,False,False
573588,POST,POSTAGE,1,2011-10-31 15:01:00,40.0,12588,Finland,False,False,False
573589,POST,POSTAGE,1,2011-10-31 15:11:00,0.55,,United Kingdom,True,False,False
573590,79323G,"Unsaleable, destroyed.",-657,2011-10-31 15:15:00,0.0,,United Kingdom,True,False,True
573591,79323B,"Unsaleable, destroyed.",-1671,2011-10-31 15:15:00,0.0,,United Kingdom,True,False,True
573592,79323GR,"Unsaleable, destroyed.",-1158,2011-10-31 15:16:00,0.0,,United Kingdom,True,False,True
573593,79323LP,"Unsaleable, destroyed.",-2618,2011-10-31 15:16:00,0.0,,United Kingdom,True,False,True
573594,79323P,"Unsaleable, destroyed.",-2003,2011-10-31 15:16:00,0.0,,United Kingdom,True,False,True
573595,79323S,"Unsaleable, destroyed.",-674,2011-10-31 15:17:00,0.0,,United Kingdom,True,False,True
573596,79323W,"Unsaleable, destroyed.",-4830,2011-10-31 15:17:00,0.0,,United Kingdom,True,False,True
573597,79341,"Unsaleable, destroyed.",-905,2011-10-31 15:18:00,0.0,,United Kingdom,True,False,True
573598,79342B,"Unsaleable, destroyed.",-1128,2011-10-31 15:18:00,0.0,,United Kingdom,True,False,True
573601,DOT,DOTCOM POSTAGE,1,2011-10-31 15:24:00,511.25,,United Kingdom,True,False,False
573629,POST,POSTAGE,1,2011-10-31 15:30:00,18.0,12522,Germany,False,False,False
573633,DOT,DOTCOM POSTAGE,1,2011-10-31 15:48:00,98.79,,United Kingdom,True,False,False
573656,POST,POSTAGE,3,2011-10-31 16:02:00,15.0,12417,Belgium,False,False,False
573664,21192,wrongly marked,48,2011-10-31 16:07:00,0.0,,United Kingdom,True,False,True
573669,POST,POSTAGE,1,2011-10-31 16:49:00,2.46,,United Kingdom,True,False,False
573670,22176,check,-28,2011-10-31 17:02:00,0.0,,United Kingdom,True,False,True
573672,22522,check,-126,2011-10-31 17:04:00,0.0,,United Kingdom,True,False,True
573726,72817,check,-67,2011-10-31 17:18:00,0.0,,United Kingdom,True,False,True
573734,72818,check,-26,2011-10-31 17:19:00,0.0,,United Kingdom,True,False,True
573751,46000U,check,10,2011-11-01 09:33:00,0.0,,United Kingdom,True,False,True
573752,46000S,dotcom sales,-90,2011-11-01 09:34:00,0.0,,United Kingdom,True,False,True
573768,POST,POSTAGE,3,2011-11-01 10:02:00,40.0,12552,Italy,False,False,False
573815,20902,check,-3,2011-11-01 11:31:00,0.0,,United Kingdom,True,False,True
573816,20898,check,-10,2011-11-01 11:32:00,0.0,,United Kingdom,True,False,True
573867,POST,POSTAGE,2,2011-11-01 12:12:00,18.0,12674,France,False,False,False
573868,POST,POSTAGE,2,2011-11-01 12:18:00,18.0,12491,France,False,False,False
573880,22812,check,48,2011-11-01 13:21:00,0.0,,United Kingdom,True,False,True
573881,21098,had been put aside,108,2011-11-01 13:22:00,0.0,,United Kingdom,True,False,True
573882,23131,had been put aside,48,2011-11-01 13:23:00,0.0,,United Kingdom,True,False,True
573883,22121,had been put aside,32,2011-11-01 13:24:00,0.0,,United Kingdom,True,False,True
573884,22687,had been put aside,20,2011-11-01 13:25:00,0.0,,United Kingdom,True,False,True
573885,22689,had been put aside,40,2011-11-01 13:26:00,0.0,,United Kingdom,True,False,True
573891,POST,POSTAGE,5,2011-11-01 13:56:00,18.0,12682,France,False,False,False
573919,21352,check,-23,2011-11-01 17:39:00,0.0,,United Kingdom,True,False,True
573920,84050,check,14,2011-11-01 18:00:00,0.0,,United Kingdom,True,False,True
573926,47503A,check,65,2011-11-02 09:52:00,0.0,,United Kingdom,True,False,True
573978,21644,check,27,2011-11-02 11:02:00,0.0,,United Kingdom,True,False,True
573979,35968,check,9,2011-11-02 11:02:00,0.0,,United Kingdom,True,False,True
573980,21539,check,4,2011-11-02 11:03:00,0.0,,United Kingdom,True,False,True
573981,21700,check,26,2011-11-02 11:05:00,0.0,,United Kingdom,True,False,True
573983,82600,check,3,2011-11-02 11:08:00,0.0,,United Kingdom,True,False,True
573984,16207A,check,2,2011-11-02 11:09:00,0.0,,United Kingdom,True,False,True
573985,22848,check,2,2011-11-02 11:09:00,0.0,,United Kingdom,True,False,True
573986,84659A,check,19,2011-11-02 11:13:00,0.0,,United Kingdom,True,False,True
573987,21349,check,1,2011-11-02 11:14:00,0.0,,United Kingdom,True,False,True
573988,22925,check,1,2011-11-02 11:14:00,0.0,,United Kingdom,True,False,True
573989,23091,check,2,2011-11-02 11:14:00,0.0,,United Kingdom,True,False,True
573990,22606,check,1,2011-11-02 11:18:00,0.0,,United Kingdom,True,False,True
573991,21804,check,36,2011-11-02 11:19:00,0.0,,United Kingdom,True,False,True
C574031,POST,POSTAGE,-1,2011-11-02 12:36:00,5.5,13394,United Kingdom,False,True,False
574068,POST,POSTAGE,3,2011-11-02 14:51:00,18.0,12490,France,False,False,False
574071,POST,POSTAGE,1,2011-11-02 14:57:00,18.0,12654,Germany,False,False,False
574073,23579,,3,2011-11-02 15:15:00,0.0,,United Kingdom,True,False,True
574074,DOT,DOTCOM POSTAGE,1,2011-11-02 15:33:00,371.65,,United Kingdom,True,False,False
574076,DOT,DOTCOM POSTAGE,1,2011-11-02 15:38:00,378.02,,United Kingdom,True,False,False
574094,22147,check,-80,2011-11-03 09:46:00,0.0,,United Kingdom,True,False,True
574097,POST,POSTAGE,5,2011-11-03 09:56:00,18.0,12471,Germany,False,False,False
574101,22180,,1,2011-11-03 10:27:00,0.0,,United Kingdom,True,False,True
574104,POST,POSTAGE,3,2011-11-03 10:45:00,18.0,12615,France,False,False,False
574123,22652,check,-111,2011-11-03 10:55:00,0.0,,United Kingdom,True,False,True
574133,21071,,1,2011-11-03 11:00:00,0.0,,United Kingdom,True,False,True
574138,23234,BISCUIT TIN VINTAGE CHRISTMAS,216,2011-11-03 11:26:00,0.0,12415,Australia,False,False,True
574171,21818,check,-130,2011-11-03 11:45:00,0.0,,United Kingdom,True,False,True
574173,35923,check,-42,2011-11-03 11:46:00,0.0,,United Kingdom,True,False,True
574175,22065,CHRISTMAS PUDDING TRINKET POT ,12,2011-11-03 11:47:00,0.0,14110,United Kingdom,False,False,True
574176,85054,check,-39,2011-11-03 11:48:00,0.0,,United Kingdom,True,False,True
574198,21159,damaged,-40,2011-11-03 12:00:00,0.0,,United Kingdom,True,False,True
C574238,D,Discount,-1,2011-11-03 12:39:00,11.84,13408,United Kingdom,False,True,False
C574238,D,Discount,-1,2011-11-03 12:39:00,39.7,13408,United Kingdom,False,True,False
C574238,D,Discount,-1,2011-11-03 12:39:00,11.59,13408,United Kingdom,False,True,False
574252,POST,POSTAGE,2,2011-11-03 13:24:00,18.0,12437,France,False,False,False
574252,M,Manual,1,2011-11-03 13:24:00,0.0,12437,France,False,False,False
574255,POST,POSTAGE,1,2011-11-03 13:44:00,18.0,12569,Germany,False,False,False
C574254,M,Manual,-1,2011-11-03 13:44:00,64.11,15527,United Kingdom,False,True,False
574257,72818,,-3,2011-11-03 13:46:00,0.0,,United Kingdom,True,False,True
574270,DOT,DOTCOM POSTAGE,1,2011-11-03 14:28:00,3.29,,United Kingdom,True,False,False
574275,POST,POSTAGE,2,2011-11-03 14:37:00,40.0,12352,Norway,False,False,False
574277,M,Manual,832,2011-11-03 14:42:00,0.25,17857,United Kingdom,False,False,False
574298,DOT,DOTCOM POSTAGE,1,2011-11-03 15:56:00,286.88,,United Kingdom,True,False,False
574301,POST,POSTAGE,2,2011-11-03 16:15:00,28.0,12544,Spain,False,False,False
574317,M,Manual,6,2011-11-03 18:49:00,0.39,17078,United Kingdom,False,False,False
574329,POST,POSTAGE,4,2011-11-04 09:07:00,15.0,12362,Belgium,False,False,False
574332,POST,POSTAGE,3,2011-11-04 09:24:00,18.0,12664,Finland,False,False,False
574336,POST,POSTAGE,6,2011-11-04 09:52:00,15.0,12397,Belgium,False,False,False
C574344,POST,POSTAGE,-1,2011-11-04 10:18:00,262.73,12415,Australia,False,True,False
574438,85054,found,27,2011-11-04 11:35:00,0.0,,United Kingdom,True,False,True
574442,POST,POSTAGE,5,2011-11-04 11:40:00,40.0,12704,Finland,False,False,False
C574447,POST,POSTAGE,-2,2011-11-04 11:44:00,40.0,12704,Finland,False,True,False
574469,22385,JUMBO BAG SPACEBOY DESIGN,12,2011-11-04 11:55:00,0.0,12431,Australia,False,False,True
574474,M,Manual,4,2011-11-04 12:05:00,0.85,17979,United Kingdom,False,False,False
574506,M,Manual,1,2011-11-04 13:24:00,3.95,12577,France,False,False,False
574516,22162,,-24,2011-11-04 13:38:00,0.0,,United Kingdom,True,False,True
574518,21174,,63,2011-11-04 13:42:00,0.0,,United Kingdom,True,False,True
574520,21181,,-6,2011-11-04 13:44:00,0.0,,United Kingdom,True,False,True
C574524,M,Manual,-1,2011-11-04 13:53:00,12.75,17841,United Kingdom,False,True,False
574546,BANK CHARGES,Bank Charges,1,2011-11-04 14:59:00,15.0,13651,United Kingdom,False,False,False
574561,DOT,DOTCOM POSTAGE,1,2011-11-04 15:52:00,368.62,,United Kingdom,True,False,False
574577,21519,check,-80,2011-11-04 17:09:00,0.0,,United Kingdom,True,False,True
574578,40001,check,-240,2011-11-04 17:09:00,0.0,,United Kingdom,True,False,True
574579,72802B,check,-203,2011-11-04 17:14:00,0.0,,United Kingdom,True,False,True
574580,20751,check,-35,2011-11-04 17:44:00,0.0,,United Kingdom,True,False,True
574581,23187,check,-62,2011-11-04 17:45:00,0.0,,United Kingdom,True,False,True
574582,84279P,check,-104,2011-11-04 17:46:00,0.0,,United Kingdom,True,False,True
574583,22892,check,-62,2011-11-04 17:46:00,0.0,,United Kingdom,True,False,True
574653,POST,POSTAGE,2,2011-11-06 11:30:00,18.0,12619,Germany,False,False,False
574679,POST,POSTAGE,3,2011-11-06 12:38:00,18.0,12645,Germany,False,False,False
574690,POST,POSTAGE,4,2011-11-06 13:11:00,40.0,12638,Sweden,False,False,False
574694,POST,POSTAGE,2,2011-11-06 13:36:00,40.0,12381,Norway,False,False,False
574713,POST,POSTAGE,1,2011-11-06 14:26:00,18.0,12628,Germany,False,False,False
574722,M,Manual,16,2011-11-06 14:45:00,0.19,14502,United Kingdom,False,False,False
574741,M,Manual,6,2011-11-06 16:13:00,1.45,15993,United Kingdom,False,False,False
574757,72802C,damages,-54,2011-11-07 10:08:00,0.0,,United Kingdom,True,False,True
574816,85036C,damages wax,-1560,2011-11-07 10:37:00,0.0,,United Kingdom,True,False,True
574822,85036B,damages wax,-1284,2011-11-07 10:38:00,0.0,,United Kingdom,True,False,True
574838,POST,POSTAGE,5,2011-11-07 11:37:00,28.0,12484,Spain,False,False,False
574844,POST,POSTAGE,1,2011-11-07 11:57:00,28.0,12783,Portugal,False,False,False
574856,DOT,DOTCOM POSTAGE,1,2011-11-07 12:06:00,1126.29,,United Kingdom,True,False,False
574862,POST,POSTAGE,5,2011-11-07 12:27:00,15.0,12408,Belgium,False,False,False
C574865,POST,POSTAGE,-1,2011-11-07 12:30:00,15.0,12408,Belgium,False,True,False
574869,POST,POSTAGE,1,2011-11-07 12:44:00,18.0,12708,Germany,False,False,False
C574875,POST,POSTAGE,-1,2011-11-07 13:06:00,4.41,16416,United Kingdom,False,True,False
574879,22625,RED KITCHEN SCALES,2,2011-11-07 13:22:00,0.0,13014,United Kingdom,False,False,True
574885,POST,POSTAGE,1,2011-11-07 14:01:00,18.0,12472,Germany,False,False,False
C574897,AMAZONFEE,AMAZON FEE,-1,2011-11-07 15:03:00,5877.18,,United Kingdom,True,True,False
C574902,AMAZONFEE,AMAZON FEE,-1,2011-11-07 15:21:00,8286.22,,United Kingdom,True,True,False
574904,85017B,,11,2011-11-07 15:28:00,0.0,,United Kingdom,True,False,True
574905,85017B,,-22,2011-11-07 15:28:00,0.0,,United Kingdom,True,False,True
574906,85034A,damaged,-81,2011-11-07 15:30:00,0.0,,United Kingdom,True,False,True
574920,22899,CHILDREN'S APRON DOLLY GIRL ,1,2011-11-07 16:34:00,0.0,13985,United Kingdom,False,False,True
574920,23480,MINI LIGHTS WOODLAND MUSHROOMS,1,2011-11-07 16:34:00,0.0,13985,United Kingdom,False,False,True
574950,DOT,DOTCOM POSTAGE,1,2011-11-08 09:29:00,401.8,,United Kingdom,True,False,False
C575013,M,Manual,-96,2011-11-08 11:23:00,0.19,16253,United Kingdom,False,True,False
575034,M,Manual,1,2011-11-08 11:38:00,7.95,15573,United Kingdom,False,False,False
575043,M,Manual,1,2011-11-08 12:06:00,4.95,13047,United Kingdom,False,False,False
C575047,M,Manual,-1,2011-11-08 12:10:00,14.95,13047,United Kingdom,False,True,False
575048,84665,water damaged,-15,2011-11-08 12:12:00,0.0,,United Kingdom,True,False,True
575049,POST,POSTAGE,3,2011-11-08 12:13:00,18.0,12721,France,False,False,False
575059,M,Manual,30,2011-11-08 12:25:00,0.39,14071,United Kingdom,False,False,False
575067,POST,POSTAGE,2,2011-11-08 12:45:00,18.0,12583,France,False,False,False
575138,DOT,DOTCOM POSTAGE,1,2011-11-08 15:24:00,1483.21,,United Kingdom,True,False,False
575144,POST,POSTAGE,3,2011-11-08 15:38:00,28.0,12540,Spain,False,False,False
575151,POST,POSTAGE,1,2011-11-08 16:12:00,15.0,12395,Belgium,False,False,False
575154,POST,POSTAGE,2,2011-11-08 16:15:00,18.0,12395,Belgium,False,False,False
575175,84279P,found,84,2011-11-08 18:07:00,0.0,,United Kingdom,True,False,True
575176,DOT,DOTCOM POSTAGE,1,2011-11-08 18:29:00,428.78,,United Kingdom,True,False,False
575177,DOT,DOTCOM POSTAGE,1,2011-11-08 18:41:00,375.71,,United Kingdom,True,False,False
575193,POST,POSTAGE,5,2011-11-09 09:34:00,18.0,12681,France,False,False,False
C575257,M,Manual,-4,2011-11-09 11:59:00,10.95,13623,United Kingdom,False,True,False
575287,84508A,check,-39,2011-11-09 12:15:00,0.0,,United Kingdom,True,False,True
575304,M,Manual,1,2011-11-09 12:38:00,1.25,17841,United Kingdom,False,False,False
575326,POST,POSTAGE,2,2011-11-09 13:47:00,18.0,12532,France,False,False,False
575328,M,Manual,1200,2011-11-09 13:48:00,0.25,17857,United Kingdom,False,False,False
575352,POST,POSTAGE,3,2011-11-09 14:56:00,18.0,12504,Germany,False,False,False
575386,20977,,-16,2011-11-09 15:22:00,0.0,,United Kingdom,True,False,True
575477,DOT,DOTCOM POSTAGE,1,2011-11-09 16:14:00,533.59,,United Kingdom,True,False,False
575498,POST,POSTAGE,1,2011-11-10 09:52:00,18.0,12708,Germany,False,False,False
575503,35933,,-2,2011-11-10 10:19:00,0.0,,United Kingdom,True,False,True
575505,POST,,800,2011-11-10 10:29:00,0.0,,United Kingdom,True,False,False
575506,C2,,150,2011-11-10 10:30:00,0.0,,United Kingdom,True,False,True
575513,35965,,7,2011-11-10 10:39:00,0.0,,United Kingdom,True,False,True
575514,POST,POSTAGE,3,2011-11-10 10:40:00,28.0,12541,Spain,False,False,False
575518,10080,check,22,2011-11-10 10:53:00,0.0,,United Kingdom,True,False,True
575519,POST,POSTAGE,2,2011-11-10 10:53:00,18.0,12682,France,False,False,False
575579,22437,SET OF 9 BLACK SKULL BALLOONS,20,2011-11-10 11:49:00,0.0,13081,United Kingdom,False,False,True
575579,22089,PAPER BUNTING VINTAGE PAISLEY,24,2011-11-10 11:49:00,0.0,13081,United Kingdom,False,False,True
575581,POST,POSTAGE,1,2011-11-10 11:53:00,18.0,12659,France,False,False,False
575584,POST,POSTAGE,1,2011-11-10 11:55:00,18.0,12682,France,False,False,False
575607,DOT,DOTCOM POSTAGE,1,2011-11-10 12:37:00,908.16,14096,United Kingdom,False,False,False
C575606,CRUK,CRUK Commission,-1,2011-11-10 12:37:00,517.51,14096,United Kingdom,False,True,False
575613,23118,check,-6,2011-11-10 12:47:00,0.0,,United Kingdom,True,False,True
575614,22121,check,-10,2011-11-10 12:48:00,0.0,,United Kingdom,True,False,True
575615,82582,??,-130,2011-11-10 12:51:00,0.0,,United Kingdom,True,False,True
575617,21014,check,-90,2011-11-10 12:53:00,0.0,,United Kingdom,True,False,True
575625,35972,check,-3,2011-11-10 13:20:00,0.0,,United Kingdom,True,False,True
575629,POST,POSTAGE,1,2011-11-10 13:34:00,18.0,12599,France,False,False,False
575632,M,Manual,1,2011-11-10 13:44:00,40.46,12473,Germany,False,False,False
575632,M,Manual,1,2011-11-10 13:44:00,424.06,12473,Germany,False,False,False
575632,M,Manual,1,2011-11-10 13:44:00,549.34,12473,Germany,False,False,False
C575635,M,Manual,-1,2011-11-10 13:45:00,424.06,12473,Germany,False,True,False
C575635,M,Manual,-1,2011-11-10 13:45:00,549.34,12473,Germany,False,True,False
575636,M,Manual,1,2011-11-10 13:46:00,40.46,12473,Germany,False,False,False
C575638,M,Manual,-1,2011-11-10 13:48:00,40.46,12473,Germany,False,True,False
575671,POST,POSTAGE,3,2011-11-10 15:03:00,18.0,12670,France,False,False,False
575704,21843,smashed,-63,2011-11-10 17:00:00,0.0,,United Kingdom,True,False,True
575709,POST,POSTAGE,2,2011-11-10 17:27:00,15.0,14646,Netherlands,False,False,False
575713,POST,POSTAGE,2,2011-11-10 17:49:00,18.0,13817,Germany,False,False,False
575714,85125,check,-64,2011-11-10 17:55:00,0.0,,United Kingdom,True,False,True
575715,72802B,check,-36,2011-11-10 17:58:00,0.0,,United Kingdom,True,False,True
575716,72802C,check,-21,2011-11-10 18:00:00,0.0,,United Kingdom,True,False,True
575717,85175,check,-42,2011-11-10 18:02:00,0.0,,United Kingdom,True,False,True
575719,35954,check,24,2011-11-10 18:08:00,0.0,,United Kingdom,True,False,True
575720,21817,check,-8,2011-11-10 18:09:00,0.0,,United Kingdom,True,False,True
575721,22804,Wrongly mrked had 85123a in box,-256,2011-11-10 18:19:00,0.0,,United Kingdom,True,False,True
575722,85123A,wrongly marked carton 22804,-256,2011-11-10 18:20:00,0.0,,United Kingdom,True,False,True
575732,POST,POSTAGE,2,2011-11-11 08:19:00,18.0,12712,Germany,False,False,False
575733,POST,POSTAGE,1,2011-11-11 08:33:00,18.0,13810,Germany,False,False,False
575734,POST,POSTAGE,2,2011-11-11 08:39:00,40.0,12384,Switzerland,False,False,False
575736,POST,POSTAGE,1,2011-11-11 08:47:00,40.0,12697,Sweden,False,False,False
575739,DOT,DOTCOM POSTAGE,1,2011-11-11 09:05:00,469.2,,United Kingdom,True,False,False
575747,POST,POSTAGE,3,2011-11-11 10:19:00,18.0,12589,France,False,False,False
575748,23298,SPOTTY BUNTING,1,2011-11-11 10:21:00,0.0,,United Kingdom,True,False,True
575750,POST,POSTAGE,3,2011-11-11 10:29:00,18.0,12600,Germany,False,False,False
575787,POST,POSTAGE,3,2011-11-11 11:18:00,18.0,12518,Germany,False,False,False
575845,POST,POSTAGE,1,2011-11-11 12:07:00,18.0,12598,France,False,False,False
575848,M,Manual,1,2011-11-11 12:10:00,10.0,14178,United Kingdom,False,False,False
C575872,D,Discount,-1,2011-11-11 12:52:00,97.14,13408,United Kingdom,False,True,False
575875,DOT,DOTCOM POSTAGE,1,2011-11-11 13:06:00,571.9,,United Kingdom,True,False,False
575880,POST,POSTAGE,3,2011-11-11 13:35:00,18.0,12726,France,False,False,False
575881,POST,POSTAGE,1,2011-11-11 13:39:00,1.34,,United Kingdom,True,False,False
575884,POST,POSTAGE,3,2011-11-11 13:46:00,18.0,12685,France,False,False,False
575888,POST,POSTAGE,3,2011-11-11 14:04:00,18.0,12517,Germany,False,False,False
575896,POST,POSTAGE,8,2011-11-11 14:52:00,18.0,12480,Germany,False,False,False
575901,POST,POSTAGE,1,2011-11-11 15:19:00,1.69,,United Kingdom,True,False,False
575904,M,Manual,1,2011-11-11 15:28:00,7.95,18014,United Kingdom,False,False,False
575907,22268,check,-10,2011-11-11 15:52:00,0.0,,United Kingdom,True,False,True
575909,20711,check,-220,2011-11-11 16:02:00,0.0,,United Kingdom,True,False,True
575912,22943,check,-7,2011-11-11 16:20:00,0.0,,United Kingdom,True,False,True
575916,POST,POSTAGE,1,2011-11-11 16:49:00,18.0,12691,France,False,False,False
575930,DOT,DOTCOM POSTAGE,1,2011-11-11 17:58:00,454.35,,United Kingdom,True,False,False
575947,DOT,DOTCOM POSTAGE,1,2011-11-13 11:50:00,1211.17,,United Kingdom,True,False,False
575952,M,Manual,1,2011-11-13 11:55:00,0.29,16015,United Kingdom,False,False,False
576082,POST,POSTAGE,2,2011-11-14 08:22:00,40.0,12428,Finland,False,False,False
576087,POST,POSTAGE,4,2011-11-14 08:31:00,18.0,12689,France,False,False,False
576109,21181,adjustment,180,2011-11-14 10:33:00,0.0,,United Kingdom,True,False,True
576110,35965,,5,2011-11-14 10:33:00,0.0,,United Kingdom,True,False,True
576185,22575,missing?,-130,2011-11-14 11:25:00,0.0,,United Kingdom,True,False,True
576192,22827,,4,2011-11-14 11:57:00,0.0,,United Kingdom,True,False,True
576193,22827,,-8,2011-11-14 11:57:00,0.0,,United Kingdom,True,False,True
576213,M,Manual,1,2011-11-14 12:47:00,1.25,18117,United Kingdom,False,False,False
C576218,D,Discount,-1,2011-11-14 12:57:00,183.0,13694,United Kingdom,False,True,False
576222,POST,POSTAGE,2,2011-11-14 13:02:00,18.0,12490,France,False,False,False
C576233,M,Manual,-1,2011-11-14 13:26:00,326.1,,Hong Kong,True,True,False
576234,M,Manual,1,2011-11-14 13:27:00,326.1,,Hong Kong,True,False,False
576245,POST,POSTAGE,3,2011-11-14 13:40:00,18.0,12553,France,False,False,False
C576244,D,Discount,-1,2011-11-14 13:40:00,6.0,18167,United Kingdom,False,True,False
576250,71279,damages,-74,2011-11-14 13:50:00,0.0,,United Kingdom,True,False,True
576258,22812,,11,2011-11-14 14:17:00,0.0,,United Kingdom,True,False,True
576269,POST,POSTAGE,2,2011-11-14 14:23:00,28.0,12762,Portugal,False,False,False
576299,21181,,16,2011-11-14 14:38:00,0.0,,United Kingdom,True,False,True
576302,22812,,46,2011-11-14 14:41:00,0.0,,United Kingdom,True,False,True
576322,POST,POSTAGE,2,2011-11-14 15:03:00,18.0,12642,Germany,False,False,False
576327,POST,POSTAGE,2,2011-11-14 15:19:00,18.0,12476,Germany,False,False,False
576329,DOT,DOTCOM POSTAGE,1,2011-11-14 15:22:00,518.98,,United Kingdom,True,False,False
576336,21809,,16,2011-11-14 15:26:00,0.0,,United Kingdom,True,False,True
576339,DOT,DOTCOM POSTAGE,1,2011-11-14 15:27:00,1500.36,14096,United Kingdom,False,False,False
C576338,CRUK,CRUK Commission,-1,2011-11-14 15:27:00,1038.75,14096,United Kingdom,False,True,False
576345,POST,POSTAGE,3,2011-11-14 15:37:00,40.0,12374,Austria,False,False,False
576349,M,Manual,1,2011-11-14 15:41:00,2.1,16519,United Kingdom,False,False,False
576366,23072,damages,-50,2011-11-14 18:30:00,0.0,,United Kingdom,True,False,True
576367,23071,damages,-65,2011-11-14 18:31:00,0.0,,United Kingdom,True,False,True
576368,21135,wet rusty,-864,2011-11-14 18:33:00,0.0,,United Kingdom,True,False,True
576369,21135,wet rusty,-288,2011-11-14 18:35:00,0.0,,United Kingdom,True,False,True
576373,POST,POSTAGE,4,2011-11-15 08:43:00,18.0,12640,France,False,False,False
576389,M,Manual,1,2011-11-15 10:05:00,850.5,12748,United Kingdom,False,False,False
576390,POST,POSTAGE,1,2011-11-15 10:13:00,18.0,12569,Germany,False,False,False
576399,POST,POSTAGE,2,2011-11-15 10:50:00,18.0,12684,France,False,False,False
C576402,POST,POSTAGE,-1,2011-11-15 10:54:00,7.62,13026,United Kingdom,False,True,False
576404,22687,,18,2011-11-15 11:09:00,0.0,,United Kingdom,True,False,True
576407,47590B,check,-57,2011-11-15 11:18:00,0.0,,United Kingdom,True,False,True
576410,71038,check,-16,2011-11-15 11:20:00,0.0,,United Kingdom,True,False,True
576411,85111,check,-117,2011-11-15 11:20:00,0.0,,United Kingdom,True,False,True
576413,17012C,check,-22,2011-11-15 11:21:00,0.0,,United Kingdom,True,False,True
576414,17012F,check,14,2011-11-15 11:21:00,0.0,,United Kingdom,True,False,True
576415,17012B,,-2,2011-11-15 11:22:00,0.0,,United Kingdom,True,False,True
576419,85036B,check,-23,2011-11-15 11:23:00,0.0,,United Kingdom,True,False,True
576424,85036C,check,-4,2011-11-15 11:24:00,0.0,,United Kingdom,True,False,True
576426,21051,found,240,2011-11-15 11:24:00,0.0,,United Kingdom,True,False,True
576431,22688,,15,2011-11-15 11:26:00,0.0,,United Kingdom,True,False,True
576436,22943,check,-26,2011-11-15 11:27:00,0.0,,United Kingdom,True,False,True
576473,21868,,-108,2011-11-15 11:40:00,0.0,,United Kingdom,True,False,True
576509,21868,,144,2011-11-15 12:03:00,0.0,,United Kingdom,True,False,True
576517,22121,,17,2011-11-15 12:25:00,0.0,,United Kingdom,True,False,True
576519,POST,POSTAGE,1,2011-11-15 12:25:00,40.0,12676,Sweden,False,False,False
576547,21809,,56,2011-11-15 12:54:00,0.0,,United Kingdom,True,False,True
576553,M,Manual,6,2011-11-15 12:57:00,2.55,14666,United Kingdom,False,False,False
576566,21830,,-186,2011-11-15 13:39:00,0.0,,United Kingdom,True,False,True
576569,47504K,,-21,2011-11-15 13:45:00,0.0,,United Kingdom,True,False,True
576578,22412,,-37,2011-11-15 14:05:00,0.0,,United Kingdom,True,False,True
576580,22034,,-5,2011-11-15 14:15:00,0.0,,United Kingdom,True,False,True
576585,84247E,,22,2011-11-15 14:17:00,0.0,,United Kingdom,True,False,True
576594,21394,,1,2011-11-15 14:55:00,0.0,,United Kingdom,True,False,True
576607,POST,POSTAGE,4,2011-11-15 15:42:00,18.0,12474,Germany,False,False,False
576617,DOT,DOTCOM POSTAGE,1,2011-11-15 16:57:00,596.9,,United Kingdom,True,False,False
576618,DOT,DOTCOM POSTAGE,1,2011-11-15 17:00:00,584.94,,United Kingdom,True,False,False
576619,21054,,1,2011-11-15 17:01:00,0.0,,United Kingdom,True,False,True
576620,16207A,,1,2011-11-15 17:02:00,0.0,,United Kingdom,True,False,True
576629,POST,POSTAGE,3,2011-11-16 08:37:00,18.0,12621,Germany,False,False,False
576630,POST,POSTAGE,1,2011-11-16 08:38:00,18.0,13816,Germany,False,False,False
576632,21823,amazon adjust,10,2011-11-16 08:55:00,0.0,,United Kingdom,True,False,True
576643,85127,found,6,2011-11-16 10:00:00,0.0,,United Kingdom,True,False,True
576644,DOT,DOTCOM POSTAGE,1,2011-11-16 10:01:00,1556.08,,United Kingdom,True,False,False
576657,POST,POSTAGE,3,2011-11-16 11:03:00,18.0,12720,Germany,False,False,False
576662,22570,,1,2011-11-16 11:19:00,0.0,,United Kingdom,True,False,True
576664,POST,POSTAGE,1,2011-11-16 11:41:00,15.0,14646,Netherlands,False,False,False
576669,POST,POSTAGE,1,2011-11-16 11:52:00,18.0,12640,France,False,False,False
576673,22548,adjustment,4,2011-11-16 11:59:00,0.0,,United Kingdom,True,False,True
576674,21823,damaged,-6,2011-11-16 12:00:00,0.0,,United Kingdom,True,False,True
576675,37327,adjustment,3,2011-11-16 12:01:00,0.0,,United Kingdom,True,False,True
576762,21744,check,-21,2011-11-16 13:08:00,0.0,,United Kingdom,True,False,True
576763,23035,check,-64,2011-11-16 13:09:00,0.0,,United Kingdom,True,False,True
576764,16008,check,-1510,2011-11-16 13:10:00,0.0,,United Kingdom,True,False,True
576765,22219,???lost,-550,2011-11-16 13:11:00,0.0,,United Kingdom,True,False,True
576766,85019B,check,15,2011-11-16 13:11:00,0.0,,United Kingdom,True,False,True
576767,22339,check,-60,2011-11-16 13:12:00,0.0,,United Kingdom,True,False,True
576773,22181,check,-92,2011-11-16 13:21:00,0.0,,United Kingdom,True,False,True
576776,21811,check,-240,2011-11-16 13:22:00,0.0,,United Kingdom,True,False,True
576777,22121,,4,2011-11-16 13:23:00,0.0,,United Kingdom,True,False,True
576787,POST,POSTAGE,4,2011-11-16 13:54:00,18.0,13815,Germany,False,False,False
576789,POST,POSTAGE,1,2011-11-16 13:56:00,18.0,12569,Germany,False,False,False
576790,POST,POSTAGE,1,2011-11-16 13:59:00,18.0,12569,Germany,False,False,False
C576816,POST,POSTAGE,-1,2011-11-16 14:24:00,18.0,12569,Germany,False,True,False
576835,21618,,-2,2011-11-16 15:10:00,0.0,,United Kingdom,True,False,True
576837,DOT,DOTCOM POSTAGE,1,2011-11-16 15:16:00,710.95,,United Kingdom,True,False,False
576839,35818B,adjustment,-22,2011-11-16 15:21:00,0.0,,United Kingdom,True,False,True
576840,DCGSSGIRL,GIRLS PARTY BAG,1,2011-11-16 15:23:00,3.29,,United Kingdom,True,False,False
576840,DOT,DOTCOM POSTAGE,1,2011-11-16 15:23:00,690.21,,United Kingdom,True,False,False
576843,10133,damaged,-82,2011-11-16 15:32:00,0.0,,United Kingdom,True,False,True
576863,POST,POSTAGE,2,2011-11-16 16:06:00,18.0,12626,Germany,False,False,False
576869,POST,POSTAGE,1,2011-11-16 16:20:00,18.0,12500,Germany,False,False,False
576890,POST,POSTAGE,2,2011-11-16 17:25:00,18.0,12662,Germany,False,False,False
576893,POST,POSTAGE,1,2011-11-17 08:29:00,18.0,12481,Germany,False,False,False
576894,POST,POSTAGE,2,2011-11-17 08:35:00,18.0,12681,France,False,False,False
576897,POST,POSTAGE,7,2011-11-17 08:41:00,65.0,17828,Malta,False,False,False
C576898,POST,POSTAGE,-2,2011-11-17 08:47:00,65.0,17828,Malta,False,True,False
576907,POST,POSTAGE,1,2011-11-17 09:34:00,40.0,12610,Italy,False,False,False
576909,POST,POSTAGE,8,2011-11-17 09:49:00,18.0,12471,Germany,False,False,False
576927,POST,POSTAGE,6,2011-11-17 11:02:00,18.0,12567,France,False,False,False
576941,POST,POSTAGE,5,2011-11-17 11:34:00,18.0,12562,France,False,False,False
577027,POST,POSTAGE,5,2011-11-17 12:56:00,18.0,12647,Germany,False,False,False
577029,M,Manual,30,2011-11-17 12:59:00,1.0,15563,United Kingdom,False,False,False
577037,72817,dotcomstock,4,2011-11-17 13:27:00,0.0,,United Kingdom,True,False,True
577046,POST,POSTAGE,7,2011-11-17 13:46:00,18.0,12449,Belgium,False,False,False
577058,M,Manual,2,2011-11-17 14:29:00,0.29,18122,United Kingdom,False,False,False
577067,POST,POSTAGE,2,2011-11-17 14:49:00,40.0,12704,Finland,False,False,False
C577066,M,Manual,-30,2011-11-17 14:49:00,1.0,15563,United Kingdom,False,True,False
577068,M,Manual,30,2011-11-17 14:50:00,0.3,15563,United Kingdom,False,False,False
C577070,POST,POSTAGE,-1,2011-11-17 14:54:00,40.0,12704,Finland,False,True,False
577078,DOT,DOTCOM POSTAGE,1,2011-11-17 15:17:00,695.08,,United Kingdom,True,False,False
577087,POST,POSTAGE,2,2011-11-17 15:55:00,15.0,12464,Belgium,False,False,False
577102,21915,John Lewis,200,2011-11-17 17:01:00,0.0,,United Kingdom,True,False,True
577111,22587,check,-41,2011-11-17 17:55:00,0.0,,United Kingdom,True,False,True
577112,22586,check,-30,2011-11-17 17:55:00,0.0,,United Kingdom,True,False,True
577113,22271,check,-43,2011-11-17 17:58:00,0.0,,United Kingdom,True,False,True
577114,21786,check,-209,2011-11-17 17:59:00,0.0,,United Kingdom,True,False,True
577115,85035C,check,-24,2011-11-17 18:02:00,0.0,,United Kingdom,True,False,True
577116,21165,check,-28,2011-11-17 18:04:00,0.0,,United Kingdom,True,False,True
577117,22149,check,34,2011-11-17 18:04:00,0.0,,United Kingdom,True,False,True
577118,22286,check,-47,2011-11-17 18:05:00,0.0,,United Kingdom,True,False,True
577119,22778,check,-10,2011-11-17 18:08:00,0.0,,United Kingdom,True,False,True
577120,20752,check,-10,2011-11-17 18:09:00,0.0,,United Kingdom,True,False,True
577121,POST,POSTAGE,4,2011-11-17 18:29:00,18.0,12681,France,False,False,False
577122,23348,sold with wrong barcode,-57,2011-11-17 18:33:00,0.0,,United Kingdom,True,False,True
577123,23288,check,-63,2011-11-17 18:34:00,0.0,,United Kingdom,True,False,True
577124,22759,check,-327,2011-11-17 18:41:00,0.0,,United Kingdom,True,False,True
577125,POST,POSTAGE,2,2011-11-17 18:43:00,28.0,12445,Spain,False,False,False
577129,22464,HANGING METAL HEART LANTERN,4,2011-11-17 19:52:00,0.0,15602,United Kingdom,False,False,True
577135,POST,POSTAGE,2,2011-11-18 08:56:00,18.0,12427,Germany,False,False,False
577144,22759,found,96,2011-11-18 09:35:00,0.0,,United Kingdom,True,False,True
577145,20832,check,110,2011-11-18 09:35:00,0.0,,United Kingdom,True,False,True
577152,POST,POSTAGE,2,2011-11-18 09:53:00,18.0,14277,France,False,False,False
C577164,POST,POSTAGE,-1,2011-11-18 10:28:00,4.41,16678,United Kingdom,False,True,False
577168,POST,POSTAGE,7,2011-11-18 10:42:00,18.0,12603,Germany,False,False,False
577168,M,Manual,1,2011-11-18 10:42:00,0.0,12603,Germany,False,False,False
577178,POST,POSTAGE,1,2011-11-18 11:10:00,40.0,12618,Italy,False,False,False
577180,POST,POSTAGE,8,2011-11-18 11:27:00,18.0,12380,Belgium,False,False,False
C577227,D,Discount,-1,2011-11-18 12:06:00,27.26,14527,United Kingdom,False,True,False
C577227,D,Discount,-1,2011-11-18 12:06:00,14.88,14527,United Kingdom,False,True,False
C577227,D,Discount,-1,2011-11-18 12:06:00,19.82,14527,United Kingdom,False,True,False
C577227,D,Discount,-1,2011-11-18 12:06:00,16.76,14527,United Kingdom,False,True,False
577251,72802C,,1,2011-11-18 12:18:00,0.0,,United Kingdom,True,False,True
577263,47503H,found,66,2011-11-18 12:31:00,0.0,,United Kingdom,True,False,True
577264,85125,,3,2011-11-18 12:32:00,0.0,,United Kingdom,True,False,True
577265,23268,,2,2011-11-18 12:33:00,0.0,,United Kingdom,True,False,True
577295,POST,POSTAGE,3,2011-11-18 12:46:00,18.0,12682,France,False,False,False
577299,POST,POSTAGE,1,2011-11-18 12:52:00,18.0,12498,Germany,False,False,False
577304,20956,check,-152,2011-11-18 13:04:00,0.0,,United Kingdom,True,False,True
577305,22946,check,-21,2011-11-18 13:06:00,0.0,,United Kingdom,True,False,True
577306,72817,,12,2011-11-18 13:06:00,0.0,,United Kingdom,True,False,True
577307,16169E,check,-313,2011-11-18 13:06:00,0.0,,United Kingdom,True,False,True
577314,POST,POSTAGE,6,2011-11-18 13:23:00,40.0,12444,Norway,False,False,False
577314,23407,SET OF 2 TRAYS HOME SWEET HOME,2,2011-11-18 13:23:00,0.0,12444,Norway,False,False,True
577316,POST,POSTAGE,7,2011-11-18 13:30:00,28.0,12578,Italy,False,False,False
577326,POST,POSTAGE,2,2011-11-18 14:08:00,15.0,14646,Netherlands,False,False,False
C577330,S,SAMPLES,-1,2011-11-18 14:16:00,2.89,,United Kingdom,True,True,False
C577330,S,SAMPLES,-1,2011-11-18 14:16:00,75.0,,United Kingdom,True,True,False
C577330,S,SAMPLES,-1,2011-11-18 14:16:00,5.99,,United Kingdom,True,True,False
577339,15060B,,9,2011-11-18 14:57:00,0.0,,United Kingdom,True,False,True
577340,22570,,40,2011-11-18 14:57:00,0.0,,United Kingdom,True,False,True
C577342,BANK CHARGES,Bank Charges,-1,2011-11-18 15:11:00,490.06,,United Kingdom,True,True,False
C577343,BANK CHARGES,Bank Charges,-1,2011-11-18 15:13:00,27.21,,United Kingdom,True,True,False
577344,POST,POSTAGE,1,2011-11-18 15:14:00,18.0,12437,France,False,False,False
C577346,M,Manual,-1,2011-11-18 15:25:00,530.25,,United Kingdom,True,True,False
C577348,M,Manual,-1,2011-11-18 15:30:00,1149.98,,United Kingdom,True,True,False
C577353,POST,POSTAGE,-1,2011-11-18 15:45:00,4.0,12781,Czech Republic,False,True,False
577358,DOT,DOTCOM POSTAGE,1,2011-11-18 15:59:00,579.21,,United Kingdom,True,False,False
577406,POST,POSTAGE,1,2011-11-20 10:36:00,18.0,12702,Germany,False,False,False
577474,POST,POSTAGE,3,2011-11-20 11:30:00,18.0,12778,Netherlands,False,False,False
577476,POST,POSTAGE,3,2011-11-20 11:31:00,28.0,12540,Spain,False,False,False
C577481,POST,POSTAGE,-1,2011-11-20 11:39:00,18.0,12778,Netherlands,False,True,False
577523,POST,POSTAGE,1,2011-11-20 13:33:00,28.0,12597,Spain,False,False,False
577531,DOT,DOTCOM POSTAGE,1,2011-11-20 13:58:00,1236.75,,United Kingdom,True,False,False
577551,POST,POSTAGE,2,2011-11-20 15:21:00,15.0,12395,Belgium,False,False,False
577606,POST,POSTAGE,3,2011-11-21 09:11:00,28.0,12462,Spain,False,False,False
577608,35400,,5,2011-11-21 09:22:00,0.0,,United Kingdom,True,False,True
577609,POST,POSTAGE,1,2011-11-21 09:51:00,300.0,12349,Italy,False,False,False
577611,23118,dotcom adjust,10,2011-11-21 09:59:00,0.0,,United Kingdom,True,False,True
577612,21181,dotcom,20,2011-11-21 09:59:00,0.0,,United Kingdom,True,False,True
577615,POST,POSTAGE,3,2011-11-21 10:22:00,18.0,12658,Germany,False,False,False
577618,POST,POSTAGE,4,2011-11-21 10:27:00,28.0,12795,Portugal,False,False,False
577687,POST,POSTAGE,3,2011-11-21 11:16:00,18.0,12583,France,False,False,False
577695,M,Manual,1,2011-11-21 11:55:00,0.42,15645,United Kingdom,False,False,False
577696,M,Manual,1,2011-11-21 11:57:00,0.0,16406,United Kingdom,False,False,False
577768,DOT,DOTCOM POSTAGE,1,2011-11-21 15:18:00,523.77,,United Kingdom,True,False,False
577773,M,Manual,3,2011-11-21 15:57:00,2.55,16712,United Kingdom,False,False,False
577787,23055,rusty thrown away,-398,2011-11-21 16:28:00,0.0,,United Kingdom,True,False,True
577788,23056,rusty throw away,-210,2011-11-21 16:28:00,0.0,,United Kingdom,True,False,True
577789,23057,rusty throw away,-280,2011-11-21 16:28:00,0.0,,United Kingdom,True,False,True
577829,85231G,amazon,1,2011-11-22 09:55:00,0.0,,United Kingdom,True,False,True
577836,21888,check,-57,2011-11-22 10:26:00,0.0,,United Kingdom,True,False,True
577856,POST,POSTAGE,4,2011-11-22 11:19:00,18.0,12490,France,False,False,False
C577892,POST,POSTAGE,-1,2011-11-22 11:43:00,3.25,16191,United Kingdom,False,True,False
577893,M,Manual,1,2011-11-22 11:47:00,1.25,17073,United Kingdom,False,False,False
577906,M,Manual,76,2011-11-22 11:51:00,0.29,13268,United Kingdom,False,False,False
577938,M,Manual,2,2011-11-22 12:07:00,1.25,15525,United Kingdom,False,False,False
577942,21811,check,26,2011-11-22 12:08:00,0.0,,United Kingdom,True,False,True
577944,47503A,check,56,2011-11-22 12:08:00,0.0,,United Kingdom,True,False,True
577947,21992,check,13,2011-11-22 12:08:00,0.0,,United Kingdom,True,False,True
577949,21804,check,44,2011-11-22 12:09:00,0.0,,United Kingdom,True,False,True
577953,23348,check,5,2011-11-22 12:09:00,0.0,,United Kingdom,True,False,True
577954,17136A,check,3,2011-11-22 12:10:00,0.0,,United Kingdom,True,False,True
577956,21145,,3,2011-11-22 12:10:00,0.0,,United Kingdom,True,False,True
577959,85107,check?,374,2011-11-22 12:11:00,0.0,,United Kingdom,True,False,True
577961,23268,,2,2011-11-22 12:11:00,0.0,,United Kingdom,True,False,True
577964,37489A,,2,2011-11-22 12:11:00,0.0,,United Kingdom,True,False,True
577966,85045,,2,2011-11-22 12:12:00,0.0,,United Kingdom,True,False,True
577968,85135B,,2,2011-11-22 12:12:00,0.0,,United Kingdom,True,False,True
577970,85135A,,4,2011-11-22 12:12:00,0.0,,United Kingdom,True,False,True
577971,22606,,1,2011-11-22 12:12:00,0.0,,United Kingdom,True,False,True
577972,84663A,,1,2011-11-22 12:13:00,0.0,,United Kingdom,True,False,True
577999,21018,damaged,-63,2011-11-22 12:29:00,0.0,,United Kingdom,True,False,True
578017,M,Manual,1,2011-11-22 13:07:00,1.5,13569,United Kingdom,False,False,False
578033,POST,POSTAGE,4,2011-11-22 13:42:00,18.0,12656,France,False,False,False
578034,POST,POSTAGE,5,2011-11-22 13:47:00,15.0,14646,Netherlands,False,False,False
578036,M,Manual,2,2011-11-22 14:04:00,0.08,16474,United Kingdom,False,False,False
578041,M,Manual,3,2011-11-22 14:23:00,1.25,17338,United Kingdom,False,False,False
578043,POST,POSTAGE,2,2011-11-22 14:39:00,18.0,12474,Germany,False,False,False
578060,M,Manual,1600,2011-11-22 15:22:00,0.25,17857,United Kingdom,False,False,False
578065,DOT,DOTCOM POSTAGE,1,2011-11-22 15:41:00,455.75,,United Kingdom,True,False,False
578067,DOT,DOTCOM POSTAGE,1,2011-11-22 15:43:00,416.48,,United Kingdom,True,False,False
C578073,M,Manual,-36,2011-11-22 16:02:00,0.32,18139,United Kingdom,False,True,False
C578073,M,Manual,-36,2011-11-22 16:02:00,0.56,18139,United Kingdom,False,True,False
578074,M,Manual,1,2011-11-22 16:06:00,1.25,17590,United Kingdom,False,False,False
C578076,M,Manual,-24,2011-11-22 16:18:00,0.56,18139,United Kingdom,False,True,False
578082,POST,POSTAGE,1,2011-11-22 16:33:00,15.0,12775,Netherlands,False,False,False
578084,POST,POSTAGE,2,2011-11-22 16:34:00,15.0,12465,Belgium,False,False,False
578089,POST,POSTAGE,4,2011-11-22 17:02:00,40.0,12483,Sweden,False,False,False
C578090,POST,POSTAGE,-2,2011-11-22 17:03:00,40.0,12483,Sweden,False,True,False
578095,23397,damaged,-9,2011-11-22 17:25:00,0.0,,United Kingdom,True,False,True
578099,POST,POSTAGE,2,2011-11-23 08:05:00,1.0,12452,Switzerland,False,False,False
C578122,POST,POSTAGE,-2,2011-11-23 10:27:00,1.0,12452,Switzerland,False,True,False
578123,POST,POSTAGE,2,2011-11-23 10:28:00,40.0,12452,Switzerland,False,False,False
578126,POST,POSTAGE,1,2011-11-23 10:32:00,4.95,16900,United Kingdom,False,False,False
578145,22579,dotcom,-40,2011-11-23 11:07:00,0.0,,United Kingdom,True,False,True
578149,DOT,DOTCOM POSTAGE,1,2011-11-23 11:11:00,2275.54,,United Kingdom,True,False,False
C578239,D,Discount,-1,2011-11-23 12:29:00,26.33,14912,Italy,False,True,False
578245,22568,?? missing,-170,2011-11-23 12:37:00,0.0,,United Kingdom,True,False,True
578270,DOT,DOTCOM POSTAGE,1,2011-11-23 13:39:00,1270.06,14096,United Kingdom,False,False,False
C578269,CRUK,CRUK Commission,-1,2011-11-23 13:39:00,849.93,14096,United Kingdom,False,True,False
578295,POST,POSTAGE,2,2011-11-23 14:39:00,18.0,12569,Germany,False,False,False
578298,POST,POSTAGE,3,2011-11-23 14:52:00,18.0,12619,Germany,False,False,False
578300,POST,POSTAGE,1,2011-11-23 15:02:00,40.0,12664,Finland,False,False,False
578327,72807A,wet pallet,-504,2011-11-23 17:55:00,0.0,,United Kingdom,True,False,True
578328,72807B,wet pallet,-696,2011-11-23 17:55:00,0.0,,United Kingdom,True,False,True
578329,72807C,wet pallet,-408,2011-11-23 17:56:00,0.0,,United Kingdom,True,False,True
578333,POST,POSTAGE,2,2011-11-24 08:50:00,18.0,12471,Germany,False,False,False
578336,23579,,1,2011-11-24 09:06:00,0.0,,United Kingdom,True,False,True
578337,23348,,1,2011-11-24 09:07:00,0.0,,United Kingdom,True,False,True
578338,22125,,1,2011-11-24 09:07:00,0.0,,United Kingdom,True,False,True
578339,POST,POSTAGE,1,2011-11-24 09:07:00,28.0,12421,Spain,False,False,False
578340,22568,,8,2011-11-24 09:07:00,0.0,,United Kingdom,True,False,True
578344,DOT,DOTCOM POSTAGE,1,2011-11-24 09:21:00,793.33,,United Kingdom,True,False,False
578347,DOT,DOTCOM POSTAGE,1,2011-11-24 09:26:00,644.28,,United Kingdom,True,False,False
578348,POST,POSTAGE,2,2011-11-24 09:34:00,18.0,12494,France,False,False,False
578360,84971L,,2,2011-11-24 10:36:00,0.0,,United Kingdom,True,False,True
578374,21937,found,50,2011-11-24 11:21:00,0.0,,United Kingdom,True,False,True
578425,POST,POSTAGE,4,2011-11-24 12:01:00,18.0,12705,Germany,False,False,False
578426,23131,,-12,2011-11-24 12:03:00,0.0,,United Kingdom,True,False,True
578431,22579,,-18,2011-11-24 12:15:00,0.0,,United Kingdom,True,False,True
578456,22579,,11,2011-11-24 12:29:00,0.0,,United Kingdom,True,False,True
578463,POST,POSTAGE,2,2011-11-24 12:30:00,28.0,12757,Portugal,False,False,False
578469,POST,POSTAGE,4,2011-11-24 12:36:00,18.0,12471,Germany,False,False,False
578472,POST,POSTAGE,9,2011-11-24 12:40:00,18.0,12476,Germany,False,False,False
578473,72807B,damages,-101,2011-11-24 12:43:00,0.0,,United Kingdom,True,False,True
578474,72807A,damages,-56,2011-11-24 12:44:00,0.0,,United Kingdom,True,False,True
578475,72807C,damages,-149,2011-11-24 12:44:00,0.0,,United Kingdom,True,False,True
578476,72807B,????missing,-124,2011-11-24 12:45:00,0.0,,United Kingdom,True,False,True
578477,72807A,???missing,-224,2011-11-24 12:45:00,0.0,,United Kingdom,True,False,True
578478,72807C,???missing,-428,2011-11-24 12:45:00,0.0,,United Kingdom,True,False,True
578509,POST,POSTAGE,1,2011-11-24 13:17:00,18.0,12705,Germany,False,False,False
578524,22810,check,-25,2011-11-24 14:20:00,0.0,,United Kingdom,True,False,True
578525,22152,check,-179,2011-11-24 14:21:00,0.0,,United Kingdom,True,False,True
578527,21819,check,-14,2011-11-24 14:24:00,0.0,,United Kingdom,True,False,True
578528,22601,check,-20,2011-11-24 14:24:00,0.0,,United Kingdom,True,False,True
578529,22087,,-23,2011-11-24 14:29:00,0.0,,United Kingdom,True,False,True
578547,POST,POSTAGE,3,2011-11-24 15:02:00,18.0,12720,Germany,False,False,False
578628,23541,,20,2011-11-24 15:55:00,0.0,,United Kingdom,True,False,True
578629,22943,,24,2011-11-24 15:56:00,0.0,,United Kingdom,True,False,True
578632,22579,,4,2011-11-24 16:22:00,0.0,,United Kingdom,True,False,True
578691,85034A,check,24,2011-11-25 09:37:00,0.0,,United Kingdom,True,False,True
578692,23157,check,212,2011-11-25 09:38:00,0.0,,United Kingdom,True,False,True
578693,21811,,1,2011-11-25 09:38:00,0.0,,United Kingdom,True,False,True
578698,POST,POSTAGE,2,2011-11-25 10:20:00,18.0,12620,France,False,False,False
578700,72807A,AMAZON,1,2011-11-25 10:49:00,0.0,,United Kingdom,True,False,True
578733,21643,damaged,-9,2011-11-25 11:32:00,0.0,,United Kingdom,True,False,True
578736,POST,POSTAGE,8,2011-11-25 11:33:00,18.0,12681,France,False,False,False
578738,21638,,-33,2011-11-25 11:33:00,0.0,,United Kingdom,True,False,True
C578743,POST,POSTAGE,-3,2011-11-25 11:35:00,18.0,12681,France,False,True,False
578757,M,Manual,2,2011-11-25 11:41:00,0.85,12748,United Kingdom,False,False,False
C578784,POST,POSTAGE,-1,2011-11-25 12:01:00,7.6,13081,United Kingdom,False,True,False
578811,POST,POSTAGE,8,2011-11-25 13:28:00,40.0,12438,Norway,False,False,False
578827,DOT,DOTCOM POSTAGE,1,2011-11-25 14:25:00,634.39,,United Kingdom,True,False,False
578828,DOT,DOTCOM POSTAGE,1,2011-11-25 14:29:00,3.29,,United Kingdom,True,False,False
578833,DOT,DOTCOM POSTAGE,1,2011-11-25 15:23:00,2028.25,,United Kingdom,True,False,False
578835,POST,POSTAGE,1,2011-11-25 15:44:00,18.0,12682,France,False,False,False
578837,35833P,check,-24,2011-11-25 15:51:00,0.0,,United Kingdom,True,False,True
578838,21591,check,-267,2011-11-25 15:52:00,0.0,,United Kingdom,True,False,True
578839,22959,check,-175,2011-11-25 15:52:00,0.0,,United Kingdom,True,False,True
578840,22142,check,-70,2011-11-25 15:54:00,0.0,,United Kingdom,True,False,True
578841,84826,ASSTD DESIGN 3D PAPER STICKERS,12540,2011-11-25 15:57:00,0.0,13256,United Kingdom,False,False,True
578844,DOT,DOTCOM POSTAGE,1,2011-11-25 16:14:00,545.25,,United Kingdom,True,False,False
578930,22848,AMAZON,1,2011-11-27 12:39:00,0.0,,United Kingdom,True,False,True
578941,M,Manual,6,2011-11-27 13:26:00,0.39,16024,United Kingdom,False,False,False
578941,M,Manual,14,2011-11-27 13:26:00,0.21,16024,United Kingdom,False,False,False
578996,M,Manual,1,2011-11-27 16:02:00,1.0,13991,United Kingdom,False,False,False
C579018,POST,POSTAGE,-1,2011-11-28 10:14:00,7.0,16678,United Kingdom,False,True,False
C579092,POST,POSTAGE,-1,2011-11-28 10:50:00,4.41,16900,United Kingdom,False,True,False
579094,POST,POSTAGE,8,2011-11-28 10:56:00,18.0,12668,Germany,False,False,False
579137,BANK CHARGES,Bank Charges,1,2011-11-28 12:51:00,15.0,14704,United Kingdom,False,False,False
579152,POST,POSTAGE,3,2011-11-28 13:26:00,18.0,12479,Germany,False,False,False
579153,POST,POSTAGE,1,2011-11-28 13:26:00,18.0,12660,France,False,False,False
579187,DOT,DOTCOM POSTAGE,1,2011-11-28 15:31:00,634.54,,United Kingdom,True,False,False
579190,POST,POSTAGE,4,2011-11-28 15:35:00,18.0,12657,France,False,False,False
C579192,POST,POSTAGE,-4,2011-11-28 15:43:00,18.0,12657,France,False,True,False
579193,POST,POSTAGE,4,2011-11-28 15:47:00,18.0,12657,France,False,False,False
579196,DOT,DOTCOM POSTAGE,1,2011-11-28 15:54:00,1526.76,14096,United Kingdom,False,False,False
C579195,CRUK,CRUK Commission,-1,2011-11-28 15:54:00,987.14,14096,United Kingdom,False,True,False
579259,POST,POSTAGE,1,2011-11-29 08:40:00,40.0,12451,Switzerland,False,False,False
579272,22812,,2,2011-11-29 10:00:00,0.0,,United Kingdom,True,False,True
579275,22176,amazon,1,2011-11-29 10:02:00,0.0,,United Kingdom,True,False,True
579276,POST,POSTAGE,1,2011-11-29 10:10:00,18.0,12654,Germany,False,False,False
579281,POST,POSTAGE,1,2011-11-29 10:36:00,40.0,12375,Finland,False,False,False
579297,DOT,DOTCOM POSTAGE,1,2011-11-29 11:23:00,1563.0,,United Kingdom,True,False,False
579345,POST,POSTAGE,4,2011-11-29 11:46:00,18.0,12727,France,False,False,False
C579366,POST,POSTAGE,-1,2011-11-29 11:56:00,9.72,14205,United Kingdom,False,True,False
579393,POST,POSTAGE,3,2011-11-29 12:07:00,18.0,12627,Germany,False,False,False
579416,POST,POSTAGE,5,2011-11-29 13:00:00,18.0,12471,Germany,False,False,False
579429,20711,lost in space,-98,2011-11-29 13:04:00,0.0,,United Kingdom,True,False,True
579441,POST,POSTAGE,4,2011-11-29 13:33:00,15.0,12464,Belgium,False,False,False
579460,21110,,-151,2011-11-29 14:39:00,0.0,,United Kingdom,True,False,True
579471,DOT,DOTCOM POSTAGE,1,2011-11-29 15:08:00,892.5,,United Kingdom,True,False,False
579492,POST,POSTAGE,3,2011-11-29 15:23:00,18.0,12670,France,False,False,False
579500,22810,,33,2011-11-29 16:14:00,0.0,,United Kingdom,True,False,True
579508,DOT,DOTCOM POSTAGE,1,2011-11-29 16:33:00,732.69,,United Kingdom,True,False,False
579512,DOT,DOTCOM POSTAGE,1,2011-11-29 16:47:00,620.22,,United Kingdom,True,False,False
579528,POST,POSTAGE,1,2011-11-30 08:44:00,15.0,12787,Netherlands,False,False,False
579529,POST,POSTAGE,3,2011-11-30 08:50:00,18.0,12488,France,False,False,False
C579532,POST,POSTAGE,-1,2011-11-30 09:21:00,18.0,12494,France,False,True,False
579550,POST,POSTAGE,3,2011-11-30 10:48:00,40.0,12630,Finland,False,False,False
579563,85135C,found,36,2011-11-30 11:41:00,0.0,,United Kingdom,True,False,True
579680,22533,check,60,2011-11-30 13:29:00,0.0,,United Kingdom,True,False,True
579681,21615,check,-26,2011-11-30 13:33:00,0.0,,United Kingdom,True,False,True
579682,85172,check,-145,2011-11-30 13:33:00,0.0,,United Kingdom,True,False,True
579683,21868,check,-28,2011-11-30 13:35:00,0.0,,United Kingdom,True,False,True
579688,21116,,-33,2011-11-30 13:51:00,0.0,,United Kingdom,True,False,True
579691,47503A,,-5,2011-11-30 14:05:00,0.0,,United Kingdom,True,False,True
579694,DOT,DOTCOM POSTAGE,1,2011-11-30 14:11:00,1119.63,,United Kingdom,True,False,False
579708,POST,POSTAGE,4,2011-11-30 14:16:00,18.0,12682,France,False,False,False
579711,M,Manual,1,2011-11-30 14:17:00,1.25,15060,United Kingdom,False,False,False
579731,35648,check,-46,2011-11-30 14:23:00,0.0,,United Kingdom,True,False,True
579732,35648,check,-10,2011-11-30 14:24:00,0.0,,United Kingdom,True,False,True
579733,84581,check,-41,2011-11-30 14:24:00,0.0,,United Kingdom,True,False,True
579734,84859C,wet?,-153,2011-11-30 14:25:00,0.0,,United Kingdom,True,False,True
579735,21793,check,-40,2011-11-30 14:25:00,0.0,,United Kingdom,True,False,True
579738,21927,,8,2011-11-30 14:26:00,0.0,,United Kingdom,True,False,True
579742,85204,lost??,-1131,2011-11-30 14:34:00,0.0,,United Kingdom,True,False,True
579743,21810,check,-135,2011-11-30 14:36:00,0.0,,United Kingdom,True,False,True
579745,22043,check,-40,2011-11-30 14:39:00,0.0,,United Kingdom,True,False,True
579747,POST,POSTAGE,3,2011-11-30 14:40:00,18.0,12528,Germany,False,False,False
579751,DOT,DOTCOM POSTAGE,1,2011-11-30 14:46:00,307.17,,United Kingdom,True,False,False
579755,84912B,damaged,-14,2011-11-30 14:54:00,0.0,,United Kingdom,True,False,True
579777,DOT,DOTCOM POSTAGE,1,2011-11-30 15:13:00,888.42,,United Kingdom,True,False,False
579786,POST,POSTAGE,2,2011-11-30 15:31:00,18.0,12524,Germany,False,False,False
579787,DOT,DOTCOM POSTAGE,1,2011-11-30 15:33:00,988.0,,United Kingdom,True,False,False
579790,POST,POSTAGE,2,2011-11-30 15:38:00,28.0,12784,Portugal,False,False,False
579792,POST,POSTAGE,5,2011-11-30 15:43:00,18.0,12714,France,False,False,False
579870,POST,POSTAGE,2,2011-11-30 16:47:00,18.0,12437,France,False,False,False
579873,35819B,check,18,2011-11-30 17:00:00,0.0,,United Kingdom,True,False,True
579879,22759,check,17,2011-11-30 17:13:00,0.0,,United Kingdom,True,False,True
579880,22947,,5,2011-11-30 17:14:00,0.0,,United Kingdom,True,False,True
C579884,D,Discount,-1,2011-11-30 17:34:00,20.53,14527,United Kingdom,False,True,False
579901,POST,POSTAGE,3,2011-12-01 08:35:00,18.0,12569,Germany,False,False,False
C579908,D,Discount,-1,2011-12-01 08:49:00,28.68,14527,United Kingdom,False,True,False
579927,POST,POSTAGE,3,2011-12-01 09:20:00,18.0,12572,Germany,False,False,False
580027,M,Manual,1,2011-12-01 12:01:00,10.0,14178,United Kingdom,False,False,False
580054,M,Manual,8,2011-12-01 13:08:00,0.08,18122,United Kingdom,False,False,False
580087,84341B,,-2,2011-12-01 14:27:00,0.0,,United Kingdom,True,False,True
580115,DCGSSBOY,BOYS PARTY BAG,1,2011-12-01 16:22:00,3.29,,United Kingdom,True,False,False
580115,DOT,DOTCOM POSTAGE,1,2011-12-01 16:22:00,1042.84,,United Kingdom,True,False,False
580120,POST,POSTAGE,1,2011-12-01 16:38:00,18.0,12553,France,False,False,False
580123,POST,POSTAGE,2,2011-12-01 17:07:00,40.0,12664,Finland,False,False,False
580126,POST,POSTAGE,3,2011-12-01 17:20:00,18.0,12562,France,False,False,False
580144,POST,POSTAGE,1,2011-12-02 09:53:00,18.0,12684,France,False,False,False
580145,22925,AMAZON,1,2011-12-02 10:03:00,0.0,,United Kingdom,True,False,True
580148,DOT,DOTCOM POSTAGE,1,2011-12-02 10:08:00,274.25,,United Kingdom,True,False,False
580152,POST,POSTAGE,1,2011-12-02 10:22:00,15.0,12364,Belgium,False,False,False
580153,POST,POSTAGE,5,2011-12-02 10:23:00,28.0,12762,Portugal,False,False,False
580154,POST,POSTAGE,1,2011-12-02 10:24:00,18.0,12569,Germany,False,False,False
580160,POST,POSTAGE,7,2011-12-02 10:47:00,18.0,12700,France,False,False,False
C580161,POST,POSTAGE,-2,2011-12-02 10:49:00,18.0,12700,France,False,True,False
580197,22696,,6,2011-12-02 12:04:00,0.0,,United Kingdom,True,False,True
580218,22577,check,-300,2011-12-02 12:12:00,0.0,,United Kingdom,True,False,True
C580263,M,Manual,-4,2011-12-02 12:43:00,9.95,12536,France,False,True,False
C580263,M,Manual,-16,2011-12-02 12:43:00,0.29,12536,France,False,True,False
580265,POST,POSTAGE,1,2011-12-02 12:47:00,40.0,12587,Finland,False,False,False
580281,POST,POSTAGE,1,2011-12-02 13:15:00,40.0,12704,Finland,False,False,False
580359,20775,,-35,2011-12-02 16:11:00,0.0,,United Kingdom,True,False,True
580366,22923,FRIDGE MAGNETS LES ENFANTS ASSORTED,6,2011-12-02 16:38:00,0.0,,United Kingdom,True,False,True
580366,23169,CLASSIC GLASS COOKIE JAR,6,2011-12-02 16:38:00,0.0,,United Kingdom,True,False,True
580366,DOT,DOTCOM POSTAGE,1,2011-12-02 16:38:00,0.0,,United Kingdom,True,False,False
580367,DOT,DOTCOM POSTAGE,1,2011-12-02 16:39:00,888.06,,United Kingdom,True,False,False
580376,22606,check,8,2011-12-02 17:49:00,0.0,,United Kingdom,True,False,True
580377,84609,damages,-29,2011-12-02 17:52:00,0.0,,United Kingdom,True,False,True
580378,22792,damages,-73,2011-12-02 17:56:00,0.0,,United Kingdom,True,False,True
580379,72225C,,-144,2011-12-02 17:57:00,0.0,,United Kingdom,True,False,True
580380,21620,check,-20,2011-12-02 17:58:00,0.0,,United Kingdom,True,False,True
580381,21758,,-9,2011-12-02 17:58:00,0.0,,United Kingdom,True,False,True
580382,16045,check,-900,2011-12-02 17:59:00,0.0,,United Kingdom,True,False,True
580383,20652,check,-37,2011-12-02 17:59:00,0.0,,United Kingdom,True,False,True
580390,21888,Amazon,1,2011-12-04 10:37:00,0.0,,United Kingdom,True,False,True
580391,21868,Amazon,1,2011-12-04 10:42:00,0.0,,United Kingdom,True,False,True
580509,POST,POSTAGE,2,2011-12-04 13:45:00,18.0,12719,France,False,False,False
C580510,M,Manual,-1,2011-12-04 13:48:00,1.25,14456,United Kingdom,False,True,False
580511,POST,POSTAGE,4,2011-12-04 13:54:00,18.0,12560,Germany,False,False,False
580512,POST,POSTAGE,2,2011-12-04 13:55:00,18.0,12673,Germany,False,False,False
580531,POST,POSTAGE,1,2011-12-04 15:47:00,18.0,12569,Germany,False,False,False
580534,POST,POSTAGE,1,2011-12-04 16:02:00,18.0,12724,France,False,False,False
580536,POST,POSTAGE,3,2011-12-04 16:07:00,18.0,12490,France,False,False,False
580545,POST,POSTAGE,1,2011-12-05 09:16:00,28.0,12782,Portugal,False,False,False
580546,23406,CHECK,-21,2011-12-05 09:27:00,0.0,,United Kingdom,True,False,True
580547,21201,???,-390,2011-12-05 09:29:00,0.0,,United Kingdom,True,False,True
580548,POST,POSTAGE,1,2011-12-05 09:41:00,18.0,12569,Germany,False,False,False
580549,84876B,found,66,2011-12-05 09:54:00,0.0,,United Kingdom,True,False,True
580561,22043,dotcom,-9,2011-12-05 10:25:00,0.0,,United Kingdom,True,False,True
580580,21804,,10,2011-12-05 10:33:00,0.0,,United Kingdom,True,False,True
580586,21804,dotcom,4,2011-12-05 10:34:00,0.0,,United Kingdom,True,False,True
580588,21808,,5,2011-12-05 10:35:00,0.0,,United Kingdom,True,False,True
C580604,AMAZONFEE,AMAZON FEE,-1,2011-12-05 11:35:00,11586.5,,United Kingdom,True,True,False
C580605,AMAZONFEE,AMAZON FEE,-1,2011-12-05 11:36:00,17836.46,,United Kingdom,True,True,False
580609,22927,Amazon,1,2011-12-05 11:41:00,0.0,,United Kingdom,True,False,True
580610,DOT,DOTCOM POSTAGE,1,2011-12-05 11:48:00,2196.67,,United Kingdom,True,False,False
580611,M,Manual,1,2011-12-05 11:49:00,0.85,12748,United Kingdom,False,False,False
580612,DOT,DOTCOM POSTAGE,1,2011-12-05 11:58:00,2114.0,,United Kingdom,True,False,False
580638,POST,POSTAGE,1,2011-12-05 12:44:00,40.0,12381,Norway,False,False,False
580645,M,Manual,1,2011-12-05 13:11:00,219.5,17857,United Kingdom,False,False,False
580646,M,Manual,800,2011-12-05 13:13:00,0.25,17857,United Kingdom,False,False,False
580648,POST,POSTAGE,1,2011-12-05 13:15:00,18.0,12628,Germany,False,False,False
580705,POST,POSTAGE,5,2011-12-05 16:28:00,1.0,12683,France,False,False,False
580706,POST,POSTAGE,5,2011-12-05 16:31:00,17.0,12683,France,False,False,False
580716,POST,POSTAGE,1,2011-12-05 16:48:00,18.0,12367,Denmark,False,False,False
580727,DOT,DOTCOM POSTAGE,1,2011-12-05 17:17:00,1599.26,14096,United Kingdom,False,False,False
C580726,CRUK,CRUK Commission,-1,2011-12-05 17:17:00,1100.44,14096,United Kingdom,False,True,False
580729,DOT,DOTCOM POSTAGE,1,2011-12-05 17:24:00,1172.1,,United Kingdom,True,False,False
580730,DOT,DOTCOM POSTAGE,1,2011-12-05 17:28:00,845.23,,United Kingdom,True,False,False
580734,POST,POSTAGE,4,2011-12-06 08:46:00,28.0,12766,Portugal,False,False,False
580736,POST,POSTAGE,2,2011-12-06 08:55:00,18.0,12716,France,False,False,False
580743,47591B,,1,2011-12-06 09:30:00,0.0,,United Kingdom,True,False,True
580752,POST,POSTAGE,3,2011-12-06 09:56:00,45.0,12478,Greece,False,False,False
580753,POST,POSTAGE,3,2011-12-06 10:00:00,18.0,12682,France,False,False,False
580756,POST,POSTAGE,1,2011-12-06 10:19:00,18.0,12723,France,False,False,False
580884,M,Manual,1,2011-12-06 12:21:00,0.85,15907,United Kingdom,False,False,False
580955,POST,POSTAGE,1,2011-12-06 14:22:00,28.0,12442,Spain,False,False,False
580956,M,Manual,4,2011-12-06 14:23:00,1.25,17841,United Kingdom,False,False,False
C580957,POST,POSTAGE,-1,2011-12-06 14:23:00,4.5,12839,United Kingdom,False,True,False
580965,POST,POSTAGE,3,2011-12-06 14:52:00,15.0,12417,Belgium,False,False,False
580976,POST,POSTAGE,1,2011-12-06 15:29:00,5.29,,United Kingdom,True,False,False
580979,POST,POSTAGE,3,2011-12-06 15:40:00,18.0,12362,Belgium,False,False,False
580983,DOT,DOTCOM POSTAGE,1,2011-12-06 16:26:00,736.38,,United Kingdom,True,False,False
580986,POST,POSTAGE,4,2011-12-06 16:34:00,18.0,12650,France,False,False,False
580990,21109,wet,-48,2011-12-06 16:54:00,0.0,,United Kingdom,True,False,True
580991,22481,wet boxes,-288,2011-12-06 16:55:00,0.0,,United Kingdom,True,False,True
581000,POST,POSTAGE,5,2011-12-07 08:03:00,18.0,12720,Germany,False,False,False
581001,POST,POSTAGE,3,2011-12-07 08:07:00,18.0,12583,France,False,False,False
C581009,M,Manual,-1,2011-12-07 09:15:00,125.0,16971,United Kingdom,False,True,False
581023,DOT,DOTCOM POSTAGE,1,2011-12-07 10:35:00,1861.46,,United Kingdom,True,False,False
581102,21803,,20,2011-12-07 11:57:00,0.0,,United Kingdom,True,False,True
581103,22689,,4,2011-12-07 11:58:00,0.0,,United Kingdom,True,False,True
581127,BANK CHARGES,Bank Charges,1,2011-12-07 12:45:00,15.0,16271,United Kingdom,False,False,False
C581145,M,Manual,-1,2011-12-07 13:48:00,9.95,17490,United Kingdom,False,True,False
581171,POST,POSTAGE,2,2011-12-07 15:02:00,18.0,12615,France,False,False,False
581179,POST,POSTAGE,1,2011-12-07 15:43:00,240.0,12471,Germany,False,False,False
581182,POST,POSTAGE,4,2011-12-07 15:56:00,28.0,12783,Portugal,False,False,False
581183,POST,POSTAGE,4,2011-12-07 16:24:00,18.0,12569,Germany,False,False,False
581184,POST,POSTAGE,2,2011-12-07 16:24:00,18.0,12569,Germany,False,False,False
581190,84801A,check,-102,2011-12-07 16:55:00,0.0,,United Kingdom,True,False,True
581198,22025,check,-30,2011-12-07 18:26:00,0.0,,United Kingdom,True,False,True
581199,84581,,-2,2011-12-07 18:26:00,0.0,,United Kingdom,True,False,True
581200,84508C,check,-21,2011-12-07 18:27:00,0.0,,United Kingdom,True,False,True
581201,22217,damages?,-155,2011-12-07 18:30:00,0.0,,United Kingdom,True,False,True
581202,23404,check,41,2011-12-07 18:30:00,0.0,,United Kingdom,True,False,True
581203,23406,,15,2011-12-07 18:31:00,0.0,,United Kingdom,True,False,True
581204,85104,????damages????,-355,2011-12-07 18:32:00,0.0,,United Kingdom,True,False,True
581205,20893,damages,-55,2011-12-07 18:32:00,0.0,,United Kingdom,True,False,True
581206,21693,mixed up,-87,2011-12-07 18:34:00,0.0,,United Kingdom,True,False,True
581207,21688,mixed up,-337,2011-12-07 18:34:00,0.0,,United Kingdom,True,False,True
581208,72801C,check,-10,2011-12-07 18:35:00,0.0,,United Kingdom,True,False,True
581209,21620,,6,2011-12-07 18:35:00,0.0,,United Kingdom,True,False,True
581210,23395,check,-26,2011-12-07 18:36:00,0.0,,United Kingdom,True,False,True
581211,22142,check,14,2011-12-07 18:36:00,0.0,,United Kingdom,True,False,True
581212,22578,lost,-1050,2011-12-07 18:38:00,0.0,,United Kingdom,True,False,True
581213,22576,check,-30,2011-12-07 18:38:00,0.0,,United Kingdom,True,False,True
581217,DOT,DOTCOM POSTAGE,1,2011-12-08 09:20:00,863.8,,United Kingdom,True,False,False
581219,DOT,DOTCOM POSTAGE,1,2011-12-08 09:28:00,1008.96,,United Kingdom,True,False,False
581226,23090,missing,-338,2011-12-08 09:56:00,0.0,,United Kingdom,True,False,True
581232,POST,POSTAGE,4,2011-12-08 10:26:00,40.0,12358,Austria,False,False,False
581234,72817,,27,2011-12-08 10:33:00,0.0,,United Kingdom,True,False,True
581238,DOT,DOTCOM POSTAGE,1,2011-12-08 10:53:00,1683.75,,United Kingdom,True,False,False
581266,POST,POSTAGE,5,2011-12-08 11:25:00,18.0,12621,Germany,False,False,False
581279,POST,POSTAGE,3,2011-12-08 11:35:00,18.0,12437,France,False,False,False
581405,M,Manual,3,2011-12-08 13:50:00,0.42,13521,United Kingdom,False,False,False
581406,46000M,POLYESTER FILLER PAD 45x45cm,240,2011-12-08 13:58:00,0.0,,United Kingdom,True,False,True
581406,46000S,POLYESTER FILLER PAD 40x40cm,300,2011-12-08 13:58:00,0.0,,United Kingdom,True,False,True
581408,85175,,20,2011-12-08 14:06:00,0.0,,United Kingdom,True,False,True
581422,23169,smashed,-235,2011-12-08 15:24:00,0.0,,United Kingdom,True,False,True
581439,DOT,DOTCOM POSTAGE,1,2011-12-08 16:30:00,938.59,,United Kingdom,True,False,False
581492,DOT,DOTCOM POSTAGE,1,2011-12-09 10:03:00,933.17,,United Kingdom,True,False,False
581493,POST,POSTAGE,1,2011-12-09 10:10:00,15.0,12423,Belgium,False,False,False
581494,POST,POSTAGE,2,2011-12-09 10:13:00,18.0,12518,Germany,False,False,False
581498,DOT,DOTCOM POSTAGE,1,2011-12-09 10:26:00,1714.17,,United Kingdom,True,False,False
C581499,M,Manual,-1,2011-12-09 10:28:00,224.69,15498,United Kingdom,False,True,False
581570,POST,POSTAGE,1,2011-12-09 11:59:00,18.0,12662,Germany,False,False,False
581574,POST,POSTAGE,2,2011-12-09 12:09:00,18.0,12526,Germany,False,False,False
581578,POST,POSTAGE,3,2011-12-09 12:16:00,18.0,12713,Germany,False,False,False
