CustomerID,LastPurchase,Frequency,GrossRevenue,TotalUnits,UniqueProducts,Recency,ReturnValue,Monetary,AOV,Country,Is_UK,R_Score,F_Score,M_Score,RFM_Score,RFM_Group
12347,2011-12-07 15:52:00,7,4310.0,2458,103,2,0.0,4310.0,615.7142857142857,Iceland,0,5,5,5,555,Champions
12348,2011-09-25 13:13:00,4,1437.24,2332,21,75,0.0,1437.24,359.31,Finland,0,2,4,4,244,At-Risk High-Value
12349,2011-11-21 09:51:00,1,1457.55,630,72,19,0.0,1457.55,1457.55,Italy,0,4,1,4,414,New Inflow
12350,2011-02-02 16:01:00,1,294.40000000000003,196,16,310,0.0,294.40000000000003,294.40000000000003,Norway,0,1,1,2,112,Lost / Low-Value
12352,2011-11-03 14:37:00,7,1385.74,526,57,36,-120.33000000000001,1265.41,197.96285714285713,Norway,0,3,5,4,354,Loyal Customers
12353,2011-05-19 17:47:00,1,89.0,20,4,204,0.0,89.0,89.0,Bahrain,0,1,1,1,111,Lost / Low-Value
12354,2011-04-21 13:11:00,1,1079.4,530,58,232,0.0,1079.4,1079.4,Spain,0,1,1,4,114,Lost / Low-Value
12355,2011-05-09 13:49:00,1,459.40000000000003,240,13,214,0.0,459.40000000000003,459.40000000000003,Bahrain,0,1,1,2,112,Lost / Low-Value
12356,2011-11-17 08:40:00,3,2487.43,1573,52,23,0.0,2487.43,829.1433333333333,Portugal,0,4,3,5,435,Loyal Customers
12357,2011-11-06 16:07:00,1,6207.67,2708,131,33,0.0,6207.67,6207.67,Switzerland,0,4,1,5,415,New Inflow
12358,2011-12-08 10:26:00,2,928.0600000000001,242,12,2,0.0,928.0600000000001,464.03000000000003,Austria,0,5,2,4,524,New Inflow
12359,2011-10-13 12:47:00,4,6310.03,1609,214,58,-127.05,6182.98,1577.5075,Cyprus,0,3,4,5,345,Loyal Customers
12360,2011-10-18 15:22:00,3,2302.06,1156,104,52,0.0,2302.06,767.3533333333334,Austria,0,3,3,5,335,Loyal Customers
12361,2011-02-25 13:51:00,1,174.9,90,9,287,0.0,174.9,174.9,Belgium,0,1,1,1,111,Lost / Low-Value
12362,2011-12-06 15:40:00,10,4737.2300000000005,2197,200,3,-71.65,4665.580000000001,473.72300000000007,Belgium,0,5,5,5,555,Champions
12363,2011-08-22 10:18:00,2,552.0,408,23,110,0.0,552.0,276.0,Unspecified,0,2,2,3,223,Lost / Low-Value
12364,2011-12-02 10:22:00,4,1208.1,1499,69,8,0.0,1208.1,302.025,Belgium,0,5,4,4,544,Champions
12365,2011-02-21 13:51:00,1,320.69,173,21,291,0.0,320.69,320.69,Cyprus,0,1,1,2,112,Lost / Low-Value
12367,2011-12-05 16:48:00,1,150.9,172,10,4,0.0,150.9,150.9,Denmark,0,5,1,1,511,New Inflow
12370,2011-10-19 14:51:00,4,3421.94,2349,142,51,0.0,3421.94,855.485,Cyprus,0,3,4,5,345,Loyal Customers
12371,2011-10-11 10:43:00,1,1527.96,582,62,60,0.0,1527.96,1527.96,Switzerland,0,3,1,4,314,Needs Attention
12372,2011-09-29 12:12:00,3,1196.04,788,33,72,0.0,1196.04,398.68,Denmark,0,2,3,4,234,At-Risk High-Value
12373,2011-02-01 13:10:00,1,324.6,196,13,311,0.0,324.6,324.6,Austria,0,1,1,2,112,Lost / Low-Value
12374,2011-11-14 15:37:00,1,622.9300000000001,339,32,25,0.0,622.9300000000001,622.9300000000001,Austria,0,4,1,3,413,New Inflow
12375,2011-11-29 10:36:00,2,377.5,176,13,11,-2.08,375.42,188.75,Finland,0,5,2,2,522,New Inflow
12377,2011-01-28 15:45:00,2,1548.1200000000001,942,71,315,0.0,1548.1200000000001,774.0600000000001,Switzerland,0,1,2,4,124,Lost / Low-Value
12378,2011-08-02 10:34:00,1,4008.62,2529,219,130,0.0,4008.62,4008.62,Switzerland,0,2,1,5,215,Lost / Low-Value
12379,2011-09-19 10:09:00,2,777.24,402,38,82,-1.95,775.29,388.62,Belgium,0,2,2,3,223,Lost / Low-Value
12380,2011-11-18 11:27:00,4,2427.81,1110,76,22,-4.25,2423.56,606.9525,Belgium,0,4,4,5,445,Champions
12381,2011-12-05 12:44:00,3,1474.81,797,69,5,-41.35,1433.46,491.6033333333333,Norway,0,5,3,4,534,Loyal Customers
12383,2011-06-08 08:02:00,5,1628.56,1518,83,185,-11.25,1617.31,325.712,Belgium,0,1,4,4,144,At-Risk High-Value
12384,2011-11-11 08:39:00,2,425.27000000000004,122,25,29,-19.11,406.16,212.63500000000002,Switzerland,0,4,2,2,422,New Inflow
12386,2011-01-06 12:37:00,2,401.9,354,10,338,0.0,401.9,200.95,Australia,0,1,2,2,122,Lost / Low-Value
12388,2011-11-24 12:30:00,6,2780.6600000000003,1462,57,16,0.0,2780.6600000000003,463.4433333333334,Australia,0,4,4,5,445,Champions
12390,2011-09-21 09:33:00,1,504.84000000000003,350,31,80,0.0,504.84000000000003,504.84000000000003,Belgium,0,2,1,3,213,Lost / Low-Value
12391,2011-11-18 12:07:00,1,439.66,293,92,22,0.0,439.66,439.66,Cyprus,0,4,1,2,412,New Inflow
12393,2011-09-28 15:41:00,4,1582.6000000000001,816,47,72,0.0,1582.6000000000001,395.65000000000003,Australia,0,2,4,4,244,At-Risk High-Value
12394,2011-10-07 08:08:00,2,1080.48,808,25,64,0.0,1080.48,540.24,Belgium,0,3,2,4,324,Needs Attention
12395,2011-11-20 15:21:00,12,2682.63,2097,90,19,-20.349999999999998,2662.28,223.5525,Belgium,0,4,5,5,455,Champions
12397,2011-11-04 09:52:00,2,2214.9,1250,109,36,0.0,2214.9,1107.45,Belgium,0,3,2,5,325,Needs Attention
12398,2011-10-25 10:27:00,1,1435.66,1389,84,46,0.0,1435.66,1435.66,Switzerland,0,3,1,4,314,Needs Attention
12399,2011-08-12 13:15:00,4,1033.65,1173,46,119,0.0,1033.65,258.4125,Belgium,0,2,4,4,244,At-Risk High-Value
12401,2011-02-09 13:50:00,1,69.3,10,4,303,0.0,69.3,69.3,Belgium,0,1,1,1,111,Lost / Low-Value
12402,2011-01-20 13:49:00,1,195.6,92,10,323,0.0,195.6,195.6,Belgium,0,1,1,1,111,Lost / Low-Value
12403,2011-10-21 10:51:00,1,391.7,94,4,50,0.0,391.7,391.7,Denmark,0,3,1,2,312,Needs Attention
12405,2011-07-14 08:52:00,1,1390.39,849,53,149,0.0,1390.39,1390.39,Finland,0,2,1,4,214,Lost / Low-Value
12406,2011-11-17 19:22:00,2,3415.3,1818,92,22,-134.55,3280.75,1707.65,Denmark,0,4,2,5,425,New Inflow
12407,2011-10-21 10:11:00,5,1507.12,1403,56,50,0.0,1507.12,301.424,Belgium,0,3,4,4,344,Loyal Customers
12408,2011-11-07 12:27:00,5,2618.55,1391,80,33,-30.98,2587.57,523.71,Belgium,0,4,4,5,445,Champions
12409,2011-09-22 10:38:00,3,11072.67,5551,91,79,-15.74,11056.93,3690.89,Switzerland,0,2,3,5,235,At-Risk High-Value
12410,2011-02-04 10:39:00,2,533.33,207,25,309,-12.25,521.08,266.665,Switzerland,0,1,2,3,123,Lost / Low-Value
12412,2011-09-26 10:16:00,3,1142.88,824,42,75,0.0,1142.88,380.96000000000004,Denmark,0,2,3,4,234,At-Risk High-Value
12413,2011-10-04 09:00:00,3,686.1,282,28,67,-9.95,676.15,228.70000000000002,France,0,3,3,3,333,Loyal Customers
12414,2011-05-06 14:51:00,3,442.41,297,15,217,0.0,442.41,147.47,Austria,0,1,3,2,132,Needs Attention
12415,2011-11-15 14:22:00,20,124564.53,77373,443,24,-926.35,123638.18,6228.2265,Australia,0,4,5,5,455,Champions
12417,2011-12-06 14:52:00,9,3226.1,1527,157,3,-70.3,3155.7999999999997,358.4555555555555,Belgium,0,5,5,5,555,Champions
12418,2011-08-19 11:08:00,1,668.58,407,34,113,0.0,668.58,668.58,Switzerland,0,2,1,3,213,Lost / Low-Value
12420,2011-10-07 08:55:00,1,600.39,345,29,64,0.0,600.39,600.39,Cyprus,0,3,1,3,313,Needs Attention
12421,2011-11-24 09:07:00,4,639.04,478,31,16,0.0,639.04,159.76,Spain,0,4,4,3,443,Loyal Customers
12422,2011-09-05 09:48:00,3,683.5600000000001,367,38,96,0.0,683.5600000000001,227.85333333333335,Australia,0,2,3,3,233,At-Risk High-Value
12423,2011-12-09 10:10:00,8,1634.31,1324,96,1,-10.2,1624.11,204.28875,Belgium,0,5,5,4,554,Champions
12424,2011-06-30 12:06:00,2,1760.96,740,30,163,0.0,1760.96,880.48,Australia,0,2,2,4,224,Lost / Low-Value
12425,2011-09-22 17:31:00,1,777.2,496,36,78,0.0,777.2,777.2,Portugal,0,2,1,3,213,Lost / Low-Value
12426,2011-05-29 12:26:00,1,510.73,254,29,195,0.0,510.73,510.73,Germany,0,1,1,3,113,Lost / Low-Value
12427,2011-11-18 08:56:00,3,699.8000000000001,526,25,22,-117.42999999999999,582.3700000000001,233.26666666666668,Germany,0,4,3,3,433,Loyal Customers
12428,2011-11-14 08:22:00,8,6405.26,3509,256,26,-39.26,6366.0,800.6575,Finland,0,4,5,5,455,Champions
12429,2011-11-30 17:22:00,4,3388.4,1538,81,9,0.0,3388.4,847.1,Denmark,0,5,4,5,545,Champions
12430,2011-10-27 15:09:00,1,216.4,116,10,43,0.0,216.4,216.4,Norway,0,3,1,1,311,Needs Attention
12431,2011-11-04 11:55:00,15,6314.95,2889,162,36,-71.06,6243.889999999999,420.99666666666667,Australia,0,3,5,5,355,Loyal Customers
12432,2011-10-28 11:43:00,4,4359.32,1800,106,43,0.0,4359.32,1089.83,Norway,0,3,4,5,345,Loyal Customers
12433,2011-12-09 10:02:00,7,13375.87,11071,219,1,0.0,13375.87,1910.8385714285716,Norway,0,5,5,5,555,Champions
12434,2011-09-16 12:38:00,2,806.14,394,46,85,-40.95,765.1899999999999,403.07,Australia,0,2,2,3,223,Lost / Low-Value
12435,2011-09-21 09:06:00,2,7829.89,2055,31,80,0.0,7829.89,3914.945,Denmark,0,2,2,5,225,Lost / Low-Value
12436,2011-09-01 12:09:00,1,429.01,209,15,100,0.0,429.01,429.01,Norway,0,2,1,2,212,Lost / Low-Value
12437,2011-12-08 11:35:00,18,4447.41,2894,117,2,-54.75,4392.66,247.07833333333332,France,0,5,5,5,555,Champions
12438,2011-11-25 13:28:00,2,2466.85,1169,83,14,0.0,2466.85,1233.425,Norway,0,4,2,5,425,New Inflow
12441,2010-12-08 10:45:00,1,155.55,120,10,367,0.0,155.55,155.55,France,0,1,1,1,111,Lost / Low-Value
12442,2011-12-06 14:22:00,1,144.06,181,11,3,0.0,144.06,144.06,Spain,0,5,1,1,511,New Inflow
12444,2011-11-18 13:23:00,5,4085.46,1130,137,21,0.0,4085.46,817.092,Norway,0,4,4,5,445,Champions
12445,2011-11-17 18:43:00,1,77.4,60,3,22,0.0,77.4,77.4,Spain,0,4,1,1,411,New Inflow
12446,2011-10-13 12:50:00,1,1002.3100000000001,351,57,58,0.0,1002.3100000000001,1002.3100000000001,RSA,0,3,1,4,314,Needs Attention
12447,2011-04-10 13:25:00,1,431.49,187,25,243,0.0,431.49,431.49,Belgium,0,1,1,2,112,Lost / Low-Value
12448,2011-10-26 13:46:00,1,365.45,240,21,44,0.0,365.45,365.45,Spain,0,3,1,2,312,Needs Attention
12449,2011-11-17 13:46:00,4,3596.29,1523,117,22,0.0,3596.29,899.0725,Belgium,0,4,4,5,445,Champions
12450,2011-07-06 14:41:00,2,197.88,128,7,156,0.0,197.88,98.94,Spain,0,2,2,1,221,Lost / Low-Value
12451,2011-11-29 08:40:00,5,8995.52,6574,264,11,-102.0,8893.52,1799.104,Switzerland,0,5,4,5,545,Champions
12452,2011-11-23 08:05:00,1,348.57,181,20,17,0.0,348.57,348.57,Switzerland,0,4,1,2,412,New Inflow
12453,2011-07-28 14:08:00,1,707.09,473,43,134,0.0,707.09,707.09,Austria,0,2,1,3,213,Lost / Low-Value
12455,2011-09-27 15:31:00,5,2339.86,2084,84,73,0.0,2339.86,467.97200000000004,Spain,0,2,4,5,245,At-Risk High-Value
12456,2011-10-26 14:41:00,3,2581.04,1618,104,44,-27.15,2553.89,860.3466666666667,Switzerland,0,3,3,5,335,Loyal Customers
12457,2011-10-04 13:13:00,6,2043.23,835,52,66,-445.45,1597.78,340.53833333333336,Switzerland,0,3,5,4,354,Loyal Customers
12458,2011-09-29 15:25:00,2,787.4,502,34,71,0.0,787.4,393.7,Switzerland,0,3,2,3,323,Needs Attention
12461,2011-07-08 10:23:00,1,626.88,282,34,155,0.0,626.88,626.88,Switzerland,0,2,1,3,213,Lost / Low-Value
12462,2011-11-21 09:11:00,2,937.59,527,50,19,-65.58,872.01,468.795,Spain,0,4,2,3,423,New Inflow
12463,2011-10-17 13:44:00,4,1200.78,768,64,53,-35.15,1165.6299999999999,300.195,Belgium,0,3,4,4,344,Loyal Customers
12464,2011-11-29 13:33:00,8,957.05,95,5,10,0.0,957.05,119.63125,Belgium,0,5,5,4,554,Champions
12465,2011-11-22 16:34:00,2,682.19,475,45,17,-8.3,673.8900000000001,341.095,Belgium,0,4,2,3,423,New Inflow
12468,2011-06-05 11:36:00,2,657.5400000000001,362,35,188,-5.5,652.0400000000001,328.77000000000004,Germany,0,1,2,3,123,Lost / Low-Value
12471,2011-12-07 15:43:00,27,17388.65,8092,148,2,-1065.1299999999999,16323.520000000002,644.0240740740742,Germany,0,5,5,5,555,Champions
12472,2011-11-07 14:01:00,7,6068.11,4120,218,32,-342.63,5725.48,866.8728571428571,Germany,0,4,5,5,455,Champions
12473,2011-10-17 11:27:00,3,2585.73,2394,138,54,-40.46,2545.27,861.91,Germany,0,3,3,5,335,Loyal Customers
12474,2011-11-22 14:39:00,18,6694.09,4798,252,17,-259.32,6434.77,371.8938888888889,Germany,0,4,5,5,455,Champions
12475,2011-10-17 10:10:00,1,669.38,532,35,54,0.0,669.38,669.38,Germany,0,3,1,3,313,Needs Attention
12476,2011-11-24 12:40:00,11,5898.42,2357,176,16,-269.84000000000003,5628.58,536.22,Germany,0,4,5,5,455,Champions
12477,2011-11-17 09:51:00,6,13219.74,3653,191,23,-102.72999999999999,13117.01,2203.29,Germany,0,4,5,5,455,Champions
12478,2011-12-06 09:56:00,1,545.99,233,35,4,0.0,545.99,545.99,Greece,0,5,1,3,513,New Inflow
12479,2011-11-28 13:26:00,1,473.2,382,30,11,-49.9,423.3,473.2,Germany,0,5,1,2,512,New Inflow
12480,2011-11-11 14:52:00,4,2885.63,1685,128,28,0.0,2885.63,721.4075,Germany,0,4,4,5,445,Champions
12481,2011-11-17 08:29:00,10,5003.82,3262,149,23,-5.46,4998.36,500.38199999999995,Germany,0,4,5,5,455,Champions
12483,2011-11-22 17:02:00,8,1910.98,1094,45,17,-37.85,1873.13,238.8725,Sweden,0,4,5,4,454,Champions
12484,2011-11-04 15:18:00,4,3939.32,2166,255,35,-46.45,3892.8700000000003,984.83,Spain,0,3,4,5,345,Loyal Customers
12488,2011-11-30 08:50:00,3,1244.66,526,45,10,0.0,1244.66,414.8866666666667,France,0,5,3,4,534,Loyal Customers
12489,2011-01-07 13:13:00,1,298.93,103,14,336,0.0,298.93,298.93,France,0,1,1,2,112,Lost / Low-Value
12490,2011-12-04 16:07:00,10,4859.93,3033,130,5,0.0,4859.93,485.99300000000005,France,0,5,5,5,555,Champions
12491,2011-11-01 12:18:00,1,424.40000000000003,258,24,39,0.0,424.40000000000003,424.40000000000003,France,0,3,1,2,312,Needs Attention
12492,2011-10-07 15:15:00,2,227.21,190,18,63,0.0,227.21,113.605,Germany,0,3,2,1,321,Needs Attention
12493,2011-06-27 10:17:00,2,415.74,206,19,166,-16.95,398.79,207.87,France,0,2,2,2,222,Lost / Low-Value
12494,2011-11-24 09:34:00,7,1084.1,698,62,16,-88.75,995.3499999999999,154.87142857142857,France,0,4,5,4,454,Champions
12497,2011-09-19 12:29:00,1,953.1,1231,13,82,0.0,953.1,953.1,Germany,0,2,1,4,214,Lost / Low-Value
12498,2011-11-18 12:53:00,3,349.70000000000005,156,20,21,0.0,349.70000000000005,116.56666666666668,Germany,0,4,3,2,432,Loyal Customers
12500,2011-11-16 16:20:00,11,4059.8199999999997,2667,33,23,-33.55,4026.2699999999995,369.07454545454544,Germany,0,4,5,5,455,Champions
12501,2011-01-07 12:28:00,1,2025.39,1775,148,337,-79.71000000000001,1945.68,2025.39,Germany,0,1,1,4,114,Lost / Low-Value
12502,2011-09-05 11:52:00,5,2995.87,794,101,96,0.0,2995.87,599.174,Spain,0,2,4,5,245,At-Risk High-Value
12504,2011-11-21 16:02:00,2,428.04999999999995,87,5,18,-368.04999999999995,60.0,214.02499999999998,Germany,0,4,2,1,421,New Inflow
12506,2011-04-21 08:54:00,1,73.5,23,23,233,0.0,73.5,73.5,France,0,1,1,1,111,Lost / Low-Value
12507,2011-07-28 17:09:00,3,1052.81,885,18,134,-46.75,1006.06,350.93666666666667,Spain,0,2,3,4,234,At-Risk High-Value
12508,2011-11-13 15:37:00,2,397.88,271,57,26,0.0,397.88,198.94,France,0,4,2,2,422,New Inflow
12509,2011-02-28 14:45:00,1,158.5,54,6,284,0.0,158.5,158.5,France,0,1,1,1,111,Lost / Low-Value
12510,2011-07-20 10:15:00,2,814.5699999999999,347,28,143,0.0,814.5699999999999,407.28499999999997,Spain,0,2,2,3,223,Lost / Low-Value
12512,2011-10-04 14:55:00,2,132.18,96,31,66,0.0,132.18,66.09,Israel,0,3,2,1,321,Needs Attention
12513,2011-08-19 10:51:00,1,558.29,459,34,113,-25.5,532.79,558.29,France,0,2,1,3,213,Lost / Low-Value
12514,2011-03-17 16:38:00,1,1017.6800000000001,440,51,267,0.0,1017.6800000000001,1017.6800000000001,Italy,0,1,1,4,114,Lost / Low-Value
12515,2010-12-21 15:43:00,1,278.7,128,15,353,0.0,278.7,278.7,Italy,0,1,1,2,112,Lost / Low-Value
12516,2011-09-23 09:13:00,2,1186.06,868,19,78,0.0,1186.06,593.03,Germany,0,2,2,4,224,Lost / Low-Value
12517,2011-11-11 13:57:00,4,2301.6,1351,231,28,-37.95,2263.65,575.4,Germany,0,4,4,5,445,Champions
12518,2011-12-09 10:13:00,5,1840.89,1306,83,1,0.0,1840.89,368.178,Germany,0,5,4,4,544,Champions
12519,2011-10-07 09:26:00,1,276.84000000000003,172,16,64,0.0,276.84000000000003,276.84000000000003,Germany,0,3,1,2,312,Needs Attention
12520,2011-09-21 15:23:00,5,2346.26,1423,120,79,-51.75,2294.51,469.25200000000007,Germany,0,2,4,5,245,At-Risk High-Value
12521,2011-07-20 10:51:00,1,545.68,306,37,143,0.0,545.68,545.68,Germany,0,2,1,3,213,Lost / Low-Value
12522,2011-10-31 15:30:00,2,156.72,192,10,39,0.0,156.72,78.36,Germany,0,3,2,1,321,Needs Attention
12523,2011-11-20 12:55:00,11,1699.77,860,83,19,-44.2,1655.57,154.52454545454546,France,0,4,5,4,454,Champions
12524,2011-11-30 15:31:00,8,3945.7200000000003,3669,112,9,0.0,3945.7200000000003,493.21500000000003,Germany,0,5,5,5,555,Champions
12526,2011-12-09 12:09:00,3,1172.66,624,63,1,0.0,1172.66,390.8866666666667,Germany,0,5,3,4,534,Loyal Customers
12527,2011-09-19 11:55:00,3,330.71000000000004,233,17,82,0.0,330.71000000000004,110.23666666666668,Germany,0,2,3,2,232,Needs Attention
12528,2011-11-30 14:40:00,6,1645.48,740,49,9,-11.2,1634.28,274.24666666666667,Germany,0,5,5,4,554,Champions
12530,2011-10-11 12:34:00,4,1500.28,904,50,60,-38.650000000000006,1461.6299999999999,375.07,Germany,0,3,4,4,344,Loyal Customers
12531,2011-11-25 11:12:00,1,125.22,45,17,15,0.0,125.22,125.22,Germany,0,4,1,1,411,New Inflow
12532,2011-11-09 13:47:00,1,313.83000000000004,151,15,30,0.0,313.83000000000004,313.83000000000004,France,0,4,1,2,412,New Inflow
12534,2011-08-01 10:26:00,1,981.18,645,62,131,0.0,981.18,981.18,Germany,0,2,1,4,214,Lost / Low-Value
12535,2011-09-09 08:48:00,2,716.35,219,28,92,0.0,716.35,358.175,France,0,2,2,3,223,Lost / Low-Value
12536,2011-10-11 14:52:00,1,4279.71,2801,259,59,-128.45,4151.26,4279.71,France,0,3,1,5,315,Needs Attention
12538,2011-11-10 17:16:00,1,363.95,191,21,29,0.0,363.95,363.95,Spain,0,4,1,2,412,New Inflow
12539,2011-11-17 13:30:00,4,5568.35,2067,157,22,0.0,5568.35,1392.0875,Spain,0,4,4,5,445,Champions
12540,2011-11-20 11:31:00,17,11580.24,6620,276,20,-91.19999999999999,11489.039999999999,681.1905882352941,Spain,0,4,5,5,455,Champions
12541,2011-11-10 10:40:00,3,841.18,675,45,30,0.0,841.18,280.3933333333333,Spain,0,4,3,3,433,Loyal Customers
12544,2011-11-03 16:15:00,1,316.7,134,18,36,-17.0,299.7,316.7,Spain,0,3,1,2,312,Needs Attention
12545,2011-09-25 13:39:00,2,832.39,517,41,75,0.0,832.39,416.195,Spain,0,2,2,3,223,Lost / Low-Value
12546,2011-10-24 12:09:00,2,1021.5,628,58,47,-20.0,1001.5,510.75,Spain,0,3,2,4,324,Needs Attention
12547,2011-05-26 12:38:00,2,151.8,132,6,198,0.0,151.8,75.9,Spain,0,1,2,1,121,Lost / Low-Value
12548,2011-06-26 15:35:00,1,67.19999999999999,48,4,166,0.0,67.19999999999999,67.19999999999999,Spain,0,2,1,1,211,Lost / Low-Value
12550,2011-09-21 14:35:00,1,824.83,564,56,79,0.0,824.83,824.83,Spain,0,2,1,3,213,Lost / Low-Value
12551,2010-12-17 11:23:00,1,168.0,100,10,358,0.0,168.0,168.0,Spain,0,1,1,1,111,Lost / Low-Value
12552,2011-10-31 12:11:00,1,317.82,85,19,40,0.0,317.82,317.82,Italy,0,3,1,2,312,Needs Attention
12553,2011-12-01 16:38:00,10,3278.28,1942,94,8,-40.03,3238.25,327.82800000000003,France,0,5,5,5,555,Champions
12556,2011-10-20 13:06:00,2,599.56,355,100,50,0.0,599.56,299.78,Spain,0,3,2,3,323,Needs Attention
12557,2011-11-23 16:59:00,5,11990.960000000001,4384,15,16,0.0,11990.960000000001,2398.192,Spain,0,4,4,5,445,Champions
12559,2011-02-02 09:49:00,2,525.71,281,20,311,-25.5,500.21000000000004,262.855,Germany,0,1,2,3,123,Lost / Low-Value
12560,2011-12-04 13:54:00,2,1918.01,1098,90,5,-32.620000000000005,1885.3899999999999,959.005,Germany,0,5,2,4,524,New Inflow
12561,2011-02-10 11:39:00,1,238.85,177,16,303,0.0,238.85,238.85,Germany,0,1,1,1,111,Lost / Low-Value
12562,2011-12-01 17:20:00,7,3385.7400000000002,1757,98,8,0.0,3385.7400000000002,483.6771428571429,France,0,5,5,5,555,Champions
12564,2011-03-23 14:55:00,1,402.90000000000003,130,20,261,0.0,402.90000000000003,402.90000000000003,France,0,1,1,2,112,Lost / Low-Value
12565,2011-02-24 10:34:00,1,145.92000000000002,80,9,289,-14.75,131.17000000000002,145.92000000000002,Saudi Arabia,0,1,1,1,111,Lost / Low-Value
12566,2011-09-14 14:30:00,1,297.65,262,18,86,-4.95,292.7,297.65,Germany,0,2,1,2,212,Lost / Low-Value
12567,2011-11-17 11:02:00,10,8609.28,4261,322,23,-286.34000000000003,8322.94,860.9280000000001,France,0,4,5,5,455,Champions
12569,2011-12-07 16:24:00,32,3152.69,1747,91,2,-23.700000000000003,3128.9900000000002,98.5215625,Germany,0,5,5,5,555,Champions
12571,2011-10-31 10:19:00,2,519.61,523,31,40,0.0,519.61,259.805,France,0,3,2,3,323,Needs Attention
12572,2011-12-01 09:20:00,2,912.4200000000001,446,52,9,-15.7,896.72,456.21000000000004,Germany,0,5,2,3,523,New Inflow
12573,2011-04-26 15:52:00,1,160.54000000000002,84,26,227,0.0,160.54000000000002,160.54000000000002,France,0,1,1,1,111,Lost / Low-Value
12574,2011-01-28 09:20:00,1,182.45000000000002,59,10,316,0.0,182.45000000000002,182.45000000000002,France,0,1,1,1,111,Lost / Low-Value
12576,2011-11-04 10:11:00,5,1315.83,967,72,36,-8.850000000000001,1306.98,263.166,Poland,0,3,4,4,344,Loyal Customers
12577,2011-11-04 13:24:00,3,622.65,468,136,35,-62.400000000000006,560.25,207.54999999999998,France,0,3,3,3,333,Loyal Customers
12578,2011-11-18 13:30:00,2,2402.51,1182,110,21,-41.15,2361.36,1201.255,Italy,0,4,2,5,425,New Inflow
12579,2011-09-22 17:15:00,1,386.42,282,28,78,-11.7,374.72,386.42,France,0,2,1,2,212,Lost / Low-Value
12580,2011-04-07 10:24:00,1,379.7,236,23,247,0.0,379.7,379.7,Germany,0,1,1,2,112,Lost / Low-Value
12581,2011-10-31 08:56:00,1,179.71,160,14,40,0.0,179.71,179.71,Germany,0,3,1,1,311,Needs Attention
12582,2011-04-15 08:45:00,2,351.36,296,20,239,0.0,351.36,175.68,Finland,0,1,2,2,122,Lost / Low-Value
12583,2011-12-07 08:07:00,15,6705.38,5028,114,3,-76.04,6629.34,447.0253333333333,France,0,5,5,5,555,Champions
12584,2011-12-06 09:35:00,9,2254.15,413,43,4,-444.2,1809.95,250.4611111111111,Italy,0,5,5,4,554,Champions
12585,2011-04-19 13:39:00,2,1824.1,1267,76,234,-57.29,1766.81,912.05,Germany,0,1,2,4,124,Lost / Low-Value
12586,2011-11-22 16:24:00,1,196.94000000000003,79,11,17,-17.0,179.94000000000003,196.94000000000003,Italy,0,4,1,1,411,New Inflow
12587,2011-12-02 12:47:00,1,104.0,50,3,8,0.0,104.0,104.0,Finland,0,5,1,1,511,New Inflow
12588,2011-10-31 15:01:00,1,174.89999999999998,52,9,39,0.0,174.89999999999998,174.89999999999998,Finland,0,3,1,1,311,Needs Attention
12589,2011-11-11 10:19:00,2,574.68,302,28,29,0.0,574.68,287.34,France,0,4,2,3,423,New Inflow
12590,2011-05-12 14:46:00,1,9341.26,4282,67,211,-2.88,9338.380000000001,9341.26,Germany,0,1,1,5,115,Lost / Low-Value
12591,2011-01-26 14:35:00,1,368.85,225,25,317,0.0,368.85,368.85,Italy,0,1,1,2,112,Lost / Low-Value
12592,2011-09-08 15:04:00,2,401.6,288,10,92,0.0,401.6,200.8,Germany,0,2,2,2,222,Lost / Low-Value
12593,2011-08-23 12:43:00,3,382.1,204,13,109,0.0,382.1,127.36666666666667,France,0,2,3,2,232,Needs Attention
12594,2011-11-02 12:20:00,9,3208.2200000000003,1772,49,38,0.0,3208.2200000000003,356.4688888888889,Italy,0,3,5,5,355,Loyal Customers
12596,2011-10-19 13:02:00,2,450.27,468,24,51,0.0,450.27,225.135,Spain,0,3,2,2,322,Needs Attention
12597,2011-11-20 13:33:00,4,3195.22,2214,183,19,-128.09,3067.1299999999997,798.805,Spain,0,4,4,5,445,Champions
12598,2011-11-30 12:18:00,7,2807.08,1952,83,10,-20.4,2786.68,401.01142857142855,France,0,5,5,5,555,Champions
12599,2011-11-10 13:34:00,7,888.58,948,31,29,0.0,888.58,126.94000000000001,France,0,4,5,3,453,Loyal Customers
12600,2011-11-11 10:29:00,10,2311.04,758,31,29,0.0,2311.04,231.10399999999998,Germany,0,4,5,5,455,Champions
12601,2011-06-03 10:17:00,5,487.06,240,20,190,-7.5,479.56,97.412,Germany,0,1,4,3,143,At-Risk High-Value
12602,2011-10-12 11:22:00,1,153.12,162,12,59,0.0,153.12,153.12,France,0,3,1,1,311,Needs Attention
12603,2011-11-18 10:42:00,1,613.1999999999999,56,1,22,0.0,613.1999999999999,613.1999999999999,Germany,0,4,1,3,413,New Inflow
12604,2011-09-21 14:08:00,2,236.18,200,14,79,0.0,236.18,118.09,France,0,2,2,1,221,Lost / Low-Value
12609,2011-09-22 16:34:00,3,964.85,639,56,78,0.0,964.85,321.6166666666667,Germany,0,2,3,4,234,At-Risk High-Value
12610,2011-11-17 09:34:00,4,1747.54,1039,84,23,-41.55,1705.99,436.885,Italy,0,4,4,4,444,Champions
12611,2011-10-18 13:12:00,1,1193.32,846,65,52,0.0,1193.32,1193.32,Italy,0,3,1,4,314,Needs Attention
12612,2011-09-26 15:35:00,1,668.04,260,18,74,-60.45,607.5899999999999,668.04,Germany,0,2,1,3,213,Lost / Low-Value
12613,2011-10-13 14:59:00,4,3092.38,1630,123,57,-125.4,2966.98,773.095,Germany,0,3,4,5,345,Loyal Customers
12614,2011-03-07 10:22:00,1,315.6,76,20,278,0.0,315.6,315.6,Germany,0,1,1,2,112,Lost / Low-Value
12615,2011-12-07 15:02:00,4,2093.19,1365,81,2,0.0,2093.19,523.2975,France,0,5,4,5,545,Champions
12616,2011-09-05 15:17:00,2,641.3,280,24,95,-56.05,585.25,320.65,France,0,2,2,3,223,Lost / Low-Value
12617,2011-11-10 14:39:00,1,352.98,210,39,29,0.0,352.98,352.98,France,0,4,1,2,412,New Inflow
12618,2011-11-18 11:10:00,1,137.31,95,10,22,0.0,137.31,137.31,Italy,0,4,1,1,411,New Inflow
12619,2011-11-23 14:52:00,8,2945.56,3360,48,16,-36.75,2908.81,368.195,Germany,0,4,5,5,455,Champions
12620,2011-11-25 10:20:00,3,1303.41,1179,88,15,0.0,1303.41,434.47,France,0,4,3,4,434,Loyal Customers
12621,2011-12-08 11:25:00,20,12411.67,7369,260,2,-77.60000000000001,12334.07,620.5835,Germany,0,5,5,5,555,Champions
12622,2011-04-21 16:39:00,1,162.1,68,10,232,0.0,162.1,162.1,Germany,0,1,1,1,111,Lost / Low-Value
12623,2011-03-08 13:50:00,1,269.1,189,17,276,0.0,269.1,269.1,Germany,0,1,1,2,112,Lost / Low-Value
12624,2011-08-25 15:04:00,2,569.13,351,35,106,0.0,569.13,284.565,France,0,2,2,3,223,Lost / Low-Value
12625,2011-05-12 09:54:00,2,2413.82,1597,72,212,-51.5,2362.32,1206.91,Germany,0,1,2,5,125,Lost / Low-Value
12626,2011-11-16 16:06:00,9,5954.4800000000005,3416,231,23,-232.13,5722.35,661.6088888888889,Germany,0,4,5,5,455,Champions
12627,2011-11-29 12:07:00,6,4082.53,2730,161,11,0.0,4082.53,680.4216666666667,Germany,0,5,5,5,555,Champions
12628,2011-12-05 13:15:00,3,732.46,445,33,4,-16.85,715.61,244.15333333333334,Germany,0,5,3,3,533,Loyal Customers
12630,2011-11-30 10:48:00,2,1030.88,542,59,10,0.0,1030.88,515.44,Finland,0,5,2,4,524,New Inflow
12631,2011-10-13 13:53:00,1,480.5,232,30,57,0.0,480.5,480.5,Finland,0,3,1,3,313,Needs Attention
12633,2011-10-12 11:40:00,4,1929.98,1149,72,59,-23.35,1906.63,482.495,Germany,0,3,4,4,344,Loyal Customers
12635,2011-09-11 11:04:00,2,1509.18,1162,95,90,0.0,1509.18,754.59,Germany,0,2,2,4,224,Lost / Low-Value
12637,2011-10-03 13:46:00,8,5804.9,2983,204,67,-14.65,5790.25,725.6125,France,0,3,5,5,355,Loyal Customers
12638,2011-11-06 13:11:00,1,511.69,573,38,33,0.0,511.69,511.69,Sweden,0,3,1,3,313,Needs Attention
12639,2011-04-15 12:48:00,1,366.1,198,21,239,0.0,366.1,366.1,Sweden,0,1,1,2,112,Lost / Low-Value
12640,2011-11-16 11:52:00,3,994.58,301,46,24,0.0,994.58,331.5266666666667,France,0,4,3,4,434,Loyal Customers
12641,2011-08-16 13:26:00,1,145.9,71,9,115,0.0,145.9,145.9,Sweden,0,2,1,1,211,Lost / Low-Value
12642,2011-11-14 15:03:00,3,905.26,546,38,25,0.0,905.26,301.75333333333333,Germany,0,4,3,3,433,Loyal Customers
12643,2011-08-03 12:56:00,6,3041.64,1788,10,128,0.0,3041.64,506.94,France,0,2,5,5,255,At-Risk High-Value
12644,2011-08-02 10:33:00,1,477.90999999999997,325,31,130,0.0,477.90999999999997,477.90999999999997,Germany,0,2,1,3,213,Lost / Low-Value
12645,2011-11-06 12:38:00,4,1631.18,1076,57,34,-19.8,1611.38,407.795,Germany,0,3,4,4,344,Loyal Customers
12646,2011-12-05 10:14:00,2,1346.97,897,43,5,0.0,1346.97,673.485,USA,0,5,2,4,524,New Inflow
12647,2011-11-17 12:56:00,12,3146.82,1399,77,22,-52.9,3093.92,262.235,Germany,0,4,5,5,455,Champions
12648,2011-07-08 11:55:00,1,300.05,159,20,155,0.0,300.05,300.05,Germany,0,2,1,2,212,Lost / Low-Value
12649,2011-08-24 14:41:00,3,569.51,583,27,107,-19.8,549.71,189.83666666666667,Germany,0,2,3,3,233,At-Risk High-Value
12650,2011-12-06 16:34:00,1,242.44,250,19,3,0.0,242.44,242.44,France,0,5,1,1,511,New Inflow
12651,2011-01-09 12:46:00,1,114.0,78,9,335,0.0,114.0,114.0,France,0,1,1,1,111,Lost / Low-Value
12652,2011-01-12 15:00:00,1,793.98,498,47,331,-5.45,788.53,793.98,France,0,1,1,3,113,Lost / Low-Value
12653,2011-07-14 10:41:00,2,2209.85,919,37,149,0.0,2209.85,1104.925,Israel,0,2,2,5,225,Lost / Low-Value
12654,2011-11-29 10:10:00,5,529.98,260,30,11,0.0,529.98,105.99600000000001,Germany,0,5,4,3,543,Loyal Customers
12656,2011-11-22 13:42:00,5,3619.17,1699,88,17,-68.45,3550.7200000000003,723.8340000000001,France,0,4,4,5,445,Champions
12657,2011-11-28 15:47:00,4,1427.18,1032,34,11,-419.12,1008.0600000000001,356.795,France,0,5,4,4,544,Champions
12658,2011-11-21 10:22:00,1,632.05,317,35,19,0.0,632.05,632.05,Germany,0,4,1,3,413,New Inflow
12659,2011-11-10 11:53:00,1,73.67999999999999,104,4,30,0.0,73.67999999999999,73.67999999999999,France,0,4,1,1,411,New Inflow
12660,2011-11-28 13:26:00,1,227.10000000000002,126,12,11,0.0,227.10000000000002,227.10000000000002,France,0,5,1,1,511,New Inflow
12662,2011-12-09 11:59:00,11,3543.78,2041,128,1,-32.7,3511.0800000000004,322.1618181818182,Germany,0,5,5,5,555,Champions
12664,2011-12-01 17:07:00,9,4391.88,1188,9,8,0.0,4391.88,487.9866666666667,Finland,0,5,5,5,555,Champions
12665,2011-01-19 08:34:00,1,45.0,36,2,325,-1.25,43.75,45.0,Germany,0,1,1,1,111,Lost / Low-Value
12667,2011-10-12 17:00:00,1,460.13,391,32,58,0.0,460.13,460.13,Finland,0,3,1,2,312,Needs Attention
12668,2011-11-28 10:56:00,4,3177.15,1599,114,12,-63.97,3113.1800000000003,794.2875,Germany,0,5,4,5,545,Champions
12669,2011-07-12 09:54:00,2,1427.73,1104,96,151,0.0,1427.73,713.865,France,0,2,2,4,224,Lost / Low-Value
12670,2011-11-29 15:23:00,5,2744.05,1383,57,10,-9.9,2734.15,548.8100000000001,France,0,5,4,5,545,Champions
12672,2011-01-14 09:20:00,1,225.9,78,10,330,0.0,225.9,225.9,France,0,1,1,1,111,Lost / Low-Value
12673,2011-12-04 13:55:00,2,574.52,349,41,5,0.0,574.52,287.26,Germany,0,5,2,3,523,New Inflow
12674,2011-11-01 12:12:00,4,1844.6,1126,51,39,-48.34,1796.26,461.15,France,0,3,4,4,344,Loyal Customers
12676,2011-11-15 12:25:00,6,1091.39,664,32,25,0.0,1091.39,181.89833333333334,Sweden,0,4,5,4,454,Champions
12678,2011-10-28 13:04:00,10,16481.46,10901,104,42,-40.2,16441.26,1648.146,France,0,3,5,5,355,Loyal Customers
12679,2011-10-12 12:30:00,4,951.02,545,42,59,-54.35,896.67,237.755,France,0,3,4,3,343,Loyal Customers
12680,2011-12-09 12:50:00,4,790.81,439,32,1,0.0,790.81,197.7025,France,0,5,4,3,543,Loyal Customers
12681,2011-11-25 11:33:00,22,12365.54,7457,266,15,-55.949999999999996,12309.59,562.07,France,0,4,5,5,455,Champions
12682,2011-12-06 10:00:00,31,11019.82,5485,208,4,0.0,11019.82,355.478064516129,France,0,5,5,5,555,Champions
12683,2011-12-05 16:28:00,14,7612.57,4934,176,4,-255.48000000000002,7357.09,543.755,France,0,5,5,5,555,Champions
12684,2011-12-02 09:53:00,6,2073.63,1973,59,8,0.0,2073.63,345.605,France,0,5,5,5,555,Champions
12685,2011-11-11 13:46:00,6,2575.08,1507,116,28,0.0,2575.08,429.18,France,0,4,5,5,455,Champions
12686,2010-12-03 09:51:00,1,71.14,106,6,372,0.0,71.14,71.14,France,0,1,1,1,111,Lost / Low-Value
12688,2011-08-18 08:49:00,1,4873.81,3028,171,114,0.0,4873.81,4873.81,Israel,0,2,1,5,215,Lost / Low-Value
12689,2011-11-14 08:31:00,2,1139.6100000000001,622,56,26,0.0,1139.6100000000001,569.8050000000001,France,0,4,2,4,424,New Inflow
12690,2011-05-18 09:09:00,1,335.01,103,15,206,0.0,335.01,335.01,France,0,1,1,2,112,Lost / Low-Value
12691,2011-11-11 16:49:00,5,927.8,388,20,28,0.0,927.8,185.56,France,0,4,4,4,444,Champions
12693,2011-08-04 17:51:00,4,711.91,247,34,127,-24.95,686.9599999999999,177.9775,Germany,0,2,4,3,243,At-Risk High-Value
12694,2011-09-30 13:06:00,2,761.67,503,31,70,0.0,761.67,380.835,France,0,3,2,3,323,Needs Attention
12695,2011-12-02 13:22:00,4,582.1,220,23,7,0.0,582.1,145.525,France,0,5,4,3,543,Loyal Customers
12697,2011-11-11 08:47:00,3,757.59,503,36,29,-18.57,739.02,252.53,Sweden,0,4,3,3,433,Loyal Customers
12700,2011-12-02 10:47:00,4,4525.99,2944,192,8,0.0,4525.99,1131.4975,France,0,5,4,5,545,Champions
12701,2011-09-21 10:47:00,2,725.71,674,49,80,0.0,725.71,362.855,Germany,0,2,2,3,223,Lost / Low-Value
12702,2011-11-20 10:36:00,1,201.0,52,11,20,0.0,201.0,201.0,Germany,0,4,1,1,411,New Inflow
12703,2011-09-29 17:52:00,1,265.55,163,20,71,-8.850000000000001,256.7,265.55,Germany,0,3,1,2,312,Needs Attention
12704,2011-12-02 13:15:00,8,1740.84,991,63,7,0.0,1740.84,217.605,Finland,0,5,5,4,554,Champions
12705,2011-11-24 13:17:00,8,6382.29,3970,227,15,-54.050000000000004,6328.24,797.78625,Germany,0,4,5,5,455,Champions
12707,2011-02-21 08:38:00,1,603.42,256,33,292,0.0,603.42,603.42,France,0,1,1,3,113,Lost / Low-Value
12708,2011-11-10 09:52:00,10,2442.91,1292,85,30,-96.59,2346.3199999999997,244.291,Germany,0,4,5,5,455,Champions
12709,2011-11-24 15:38:00,15,9400.52,3895,92,15,-440.77,8959.75,626.7013333333333,Germany,0,4,5,5,455,Champions
12710,2011-09-04 12:00:00,3,1023.02,844,74,97,-18.45,1004.5699999999999,341.00666666666666,Germany,0,2,3,4,234,At-Risk High-Value
12712,2011-11-11 08:19:00,13,3928.13,1036,57,29,-136.5,3791.63,302.1638461538462,Germany,0,4,5,5,455,Champions
12713,2011-12-09 12:16:00,1,794.55,505,37,1,0.0,794.55,794.55,Germany,0,5,1,3,513,New Inflow
12714,2011-11-30 15:43:00,5,4294.86,3046,215,9,0.0,4294.86,858.972,France,0,5,4,5,545,Champions
12715,2011-08-25 15:22:00,1,263.36,190,19,106,0.0,263.36,263.36,Sweden,0,2,1,2,212,Lost / Low-Value
12716,2011-12-06 08:55:00,2,963.49,703,59,4,0.0,963.49,481.745,France,0,5,2,4,524,New Inflow
12717,2011-07-11 14:47:00,2,830.98,502,48,151,0.0,830.98,415.49,Greece,0,2,2,3,223,Lost / Low-Value
12718,2011-09-29 16:38:00,1,202.25,201,18,71,0.0,202.25,202.25,France,0,3,1,1,311,Needs Attention
12719,2011-12-04 13:45:00,2,572.95,370,33,5,-36.85000000000001,536.1,286.475,France,0,5,2,3,523,New Inflow
12720,2011-12-07 08:03:00,25,5115.73,4635,210,3,-50.45,5065.28,204.62919999999997,Germany,0,5,5,5,555,Champions
12721,2011-11-08 12:13:00,6,2386.13,1944,132,32,-27.15,2358.98,397.68833333333333,France,0,4,5,5,455,Champions
12722,2011-09-15 14:50:00,4,979.63,565,49,85,-93.3,886.33,244.9075,France,0,2,4,3,243,At-Risk High-Value
12723,2011-12-06 10:19:00,5,707.07,433,52,4,0.0,707.07,141.41400000000002,France,0,5,4,3,543,Loyal Customers
12724,2011-12-04 16:02:00,4,923.41,439,46,5,0.0,923.41,230.8525,France,0,5,4,4,544,Champions
12725,2010-12-03 15:45:00,1,371.8,162,23,371,0.0,371.8,371.8,Italy,0,1,1,2,112,Lost / Low-Value
12726,2011-11-11 13:35:00,7,2411.1,3132,56,28,0.0,2411.1,344.4428571428571,France,0,4,5,5,455,Champions
12727,2011-11-29 11:46:00,7,3440.7000000000003,2068,108,11,-15.0,3425.7000000000003,491.52857142857147,France,0,5,5,5,555,Champions
12728,2011-09-29 15:31:00,4,728.33,413,37,71,0.0,728.33,182.0825,France,0,3,4,3,343,Loyal Customers
12729,2011-08-18 11:40:00,1,417.01,231,25,114,0.0,417.01,417.01,France,0,2,1,2,212,Lost / Low-Value
12731,2011-11-16 11:59:00,12,18751.91,8429,108,24,-91.5,18660.41,1562.6591666666666,France,0,4,5,5,455,Champions
12732,2011-06-13 11:33:00,1,218.26000000000002,110,11,180,0.0,218.26000000000002,218.26000000000002,France,0,1,1,1,111,Lost / Low-Value
12733,2011-04-19 16:19:00,1,383.95,137,22,234,0.0,383.95,383.95,USA,0,1,1,2,112,Lost / Low-Value
12734,2010-12-22 12:47:00,1,110.39999999999999,88,4,353,0.0,110.39999999999999,110.39999999999999,France,0,1,1,1,111,Lost / Low-Value
12735,2011-01-28 13:37:00,2,689.5699999999999,363,37,315,0.0,689.5699999999999,344.78499999999997,France,0,1,2,3,123,Lost / Low-Value
12736,2011-01-11 07:57:00,1,144.0,168,3,333,0.0,144.0,144.0,France,0,1,1,1,111,Lost / Low-Value
12738,2010-12-02 18:27:00,1,137.35,147,10,372,0.0,137.35,137.35,Germany,0,1,1,1,111,Lost / Low-Value
12739,2011-09-01 17:45:00,1,975.54,485,37,99,0.0,975.54,975.54,United Arab Emirates,0,2,1,4,214,Lost / Low-Value
12740,2011-10-07 10:44:00,1,427.6,342,27,64,0.0,427.6,427.6,France,0,3,1,2,312,Needs Attention
12743,2011-07-28 16:21:00,2,540.13,315,114,134,0.0,540.13,270.065,Unspecified,0,2,2,3,223,Lost / Low-Value
12744,2011-10-14 14:54:00,4,9120.39,5234,177,56,0.0,9120.39,2280.0975,Singapore,0,3,4,5,345,Loyal Customers
12747,2011-12-07 14:34:00,11,4196.01,1275,42,2,0.0,4196.01,381.4554545454546,United Kingdom,1,5,5,5,555,Champions
12748,2011-12-09 12:20:00,206,31650.78,25051,1766,1,-1830.79,29819.989999999998,153.6445631067961,United Kingdom,1,5,5,5,555,Champions
12749,2011-12-06 09:56:00,5,4090.88,1471,160,4,-222.68,3868.2000000000003,818.176,United Kingdom,1,5,4,5,545,Champions
12750,2011-08-03 09:13:00,1,275.88,137,15,129,0.0,275.88,275.88,Poland,0,2,1,2,212,Lost / Low-Value
12752,2011-09-19 13:32:00,1,4366.78,2262,53,81,0.0,4366.78,4366.78,Norway,0,2,1,5,215,Lost / Low-Value
12753,2011-11-17 10:52:00,6,21429.39,11421,132,23,-405.38,21024.01,3571.565,Japan,0,4,5,5,455,Champions
12754,2011-04-18 09:00:00,3,3010.74,6481,49,236,0.0,3010.74,1003.5799999999999,Japan,0,1,3,5,135,At-Risk High-Value
12755,2011-03-04 12:42:00,2,3811.9500000000003,1491,4,281,-1591.1999999999998,2220.7500000000005,1905.9750000000001,Japan,0,1,2,5,125,Lost / Low-Value
12756,2011-09-14 09:31:00,1,112.08,144,4,87,0.0,112.08,112.08,Japan,0,2,1,1,211,Lost / Low-Value
12757,2011-11-24 12:30:00,9,4176.75,2387,235,16,-15.0,4161.75,464.0833333333333,Portugal,0,4,5,5,455,Champions
12758,2011-08-15 10:22:00,2,2791.59,2135,84,117,0.0,2791.59,1395.795,Portugal,0,2,2,5,225,Lost / Low-Value
12759,2011-10-18 14:49:00,3,1411.44,894,80,52,0.0,1411.44,470.48,Netherlands,0,3,3,4,334,Loyal Customers
12762,2011-12-02 10:23:00,2,1702.52,1220,61,8,0.0,1702.52,851.26,Portugal,0,5,2,4,524,New Inflow
12763,2011-07-24 14:12:00,2,494.08,316,16,138,0.0,494.08,247.04,Japan,0,2,2,3,223,Lost / Low-Value
12764,2011-01-27 10:19:00,1,1693.88,386,45,317,0.0,1693.88,1693.88,Lebanon,0,1,1,4,114,Lost / Low-Value
12766,2011-12-06 08:46:00,7,6457.63,3627,204,4,0.0,6457.63,922.5185714285715,Portugal,0,5,5,5,555,Champions
12769,2011-04-15 10:25:00,1,1143.6,356,32,239,0.0,1143.6,1143.6,Brazil,0,1,1,4,114,Lost / Low-Value
12770,2011-05-13 09:33:00,1,1351.45,743,12,211,0.0,1351.45,1351.45,Japan,0,1,1,4,114,Lost / Low-Value
12772,2011-10-11 09:19:00,1,752.47,551,54,60,0.0,752.47,752.47,Portugal,0,3,1,3,313,Needs Attention
12775,2011-11-22 16:33:00,5,1281.04,870,46,17,-34.8,1246.24,256.20799999999997,Netherlands,0,4,4,4,444,Champions
12778,2011-11-20 11:30:00,6,693.23,817,39,20,0.0,693.23,115.53833333333334,Netherlands,0,4,5,3,453,Loyal Customers
12779,2011-11-02 11:43:00,8,3981.36,2024,88,38,-112.66,3868.7000000000003,497.67,Poland,0,3,5,5,355,Loyal Customers
12781,2011-10-07 10:37:00,2,786.74,670,24,64,-115.02,671.72,393.37,Czech Republic,0,3,2,3,323,Needs Attention
12782,2011-12-05 09:16:00,5,1938.92,1072,80,5,-57.6,1881.3200000000002,387.784,Portugal,0,5,4,4,544,Champions
12783,2011-12-07 15:56:00,4,1295.8700000000001,611,74,2,0.0,1295.8700000000001,323.96750000000003,Portugal,0,5,4,4,544,Champions
12784,2011-11-24 12:53:00,1,476.82,278,53,15,0.0,476.82,476.82,Portugal,0,4,1,3,413,New Inflow
12785,2010-12-10 13:48:00,1,255.95,129,13,364,-6.24,249.70999999999998,255.95,Portugal,0,1,1,2,112,Lost / Low-Value
12787,2011-11-30 08:44:00,3,418.66,258,16,10,0.0,418.66,139.55333333333334,Netherlands,0,5,3,2,532,Loyal Customers
12789,2011-10-05 13:34:00,1,76.85,3,3,65,0.0,76.85,76.85,Netherlands,0,3,1,1,311,Needs Attention
12790,2011-05-31 14:14:00,1,294.92,164,20,192,0.0,294.92,294.92,Netherlands,0,1,1,2,112,Lost / Low-Value
12791,2010-12-01 11:27:00,1,177.60000000000002,96,1,374,0.0,177.60000000000002,177.60000000000002,Netherlands,0,1,1,1,111,Lost / Low-Value
12792,2011-03-28 11:36:00,1,344.54,215,24,257,0.0,344.54,344.54,Portugal,0,1,1,2,112,Lost / Low-Value
12793,2011-01-09 12:12:00,2,461.48,292,20,335,0.0,461.48,230.74,Portugal,0,1,2,2,122,Lost / Low-Value
12794,2011-10-17 14:54:00,2,860.41,592,43,53,0.0,860.41,430.205,Portugal,0,3,2,3,323,Needs Attention
12795,2011-11-21 10:27:00,1,318.48,64,13,19,0.0,318.48,318.48,Portugal,0,4,1,2,412,New Inflow
12797,2010-12-09 10:55:00,1,226.03,117,12,366,-59.85,166.18,226.03,Portugal,0,1,1,1,111,Lost / Low-Value
12798,2011-11-29 15:52:00,3,6977.04,5256,6,10,0.0,6977.04,2325.68,Japan,0,5,3,5,535,Loyal Customers
12802,2011-06-06 09:36:00,1,397.58,312,24,187,-15.0,382.58,397.58,Netherlands,0,1,1,2,112,Lost / Low-Value
12808,2011-11-03 10:05:00,3,455.65000000000003,187,26,37,0.0,455.65000000000003,151.88333333333335,Portugal,0,3,3,2,332,Loyal Customers
12809,2011-06-15 10:51:00,1,405.31,217,24,178,-4.95,400.36,405.31,Portugal,0,2,1,2,212,Lost / Low-Value
12811,2011-03-23 10:55:00,2,458.85,227,26,262,0.0,458.85,229.425,Portugal,0,1,2,2,122,Lost / Low-Value
12812,2011-10-26 09:54:00,1,229.64000000000001,164,15,45,0.0,229.64000000000001,229.64000000000001,Japan,0,3,1,1,311,Needs Attention
12814,2011-08-30 12:11:00,1,85.92,48,1,102,0.0,85.92,85.92,Poland,0,2,1,1,211,Lost / Low-Value
12815,2011-07-15 10:21:00,2,863.46,374,37,148,0.0,863.46,431.73,Poland,0,2,2,3,223,Lost / Low-Value
12816,2011-09-05 12:41:00,2,452.2,125,26,96,0.0,452.2,226.1,Poland,0,2,2,2,222,Lost / Low-Value
12817,2011-03-03 16:28:00,1,126.04,52,3,281,0.0,126.04,126.04,Austria,0,1,1,1,111,Lost / Low-Value
12818,2011-03-23 12:06:00,1,1182.0800000000002,920,13,262,-24.2,1157.88,1182.0800000000002,Austria,0,1,1,4,114,Lost / Low-Value
12820,2011-12-06 15:12:00,4,942.34,722,55,3,0.0,942.34,235.585,United Kingdom,1,5,4,4,544,Champions
12821,2011-05-09 15:51:00,1,92.72,70,6,214,0.0,92.72,92.72,United Kingdom,1,1,1,1,111,Lost / Low-Value
12822,2011-09-30 10:04:00,2,948.88,550,41,71,-29.9,918.98,474.44,United Kingdom,1,3,2,4,324,Needs Attention
12823,2011-09-26 07:35:00,5,1759.5,230,1,75,0.0,1759.5,351.9,United Kingdom,1,2,4,4,244,At-Risk High-Value
12824,2011-10-11 12:49:00,1,397.12,232,25,60,0.0,397.12,397.12,United Kingdom,1,3,1,2,312,Needs Attention
12826,2011-12-07 10:25:00,7,1474.72,1058,58,3,-6.6,1468.1200000000001,210.67428571428573,United Kingdom,1,5,5,4,554,Champions
12827,2011-12-04 12:17:00,3,430.15,197,19,6,0.0,430.15,143.38333333333333,United Kingdom,1,5,3,2,532,Loyal Customers
12828,2011-12-07 08:45:00,6,1018.71,494,46,3,0.0,1018.71,169.785,United Kingdom,1,5,5,4,554,Champions
12829,2011-01-07 11:13:00,2,293.0,376,9,337,-39.95,253.05,146.5,United Kingdom,1,1,2,2,122,Lost / Low-Value
12830,2011-11-02 11:54:00,6,6814.64,9848,13,38,0.0,6814.64,1135.7733333333333,United Kingdom,1,3,5,5,355,Loyal Customers
12831,2011-03-22 13:02:00,1,215.05,135,9,262,0.0,215.05,215.05,United Kingdom,1,1,1,1,111,Lost / Low-Value
12832,2011-11-07 13:30:00,2,383.03000000000003,195,27,32,0.0,383.03000000000003,191.51500000000001,United Kingdom,1,4,2,2,422,New Inflow
12833,2011-07-17 13:46:00,1,417.38,156,24,145,0.0,417.38,417.38,United Kingdom,1,2,1,2,212,Lost / Low-Value
12834,2011-03-02 09:49:00,1,312.38,110,18,283,0.0,312.38,312.38,United Kingdom,1,1,1,2,112,Lost / Low-Value
12836,2011-10-11 15:10:00,4,2610.36,1062,148,59,0.0,2610.36,652.59,United Kingdom,1,3,4,5,345,Loyal Customers
12837,2011-06-19 16:07:00,1,134.1,24,12,173,0.0,134.1,134.1,United Kingdom,1,2,1,1,211,Lost / Low-Value
12838,2011-11-06 12:20:00,2,671.95,355,115,34,0.0,671.95,335.975,United Kingdom,1,3,2,3,323,Needs Attention
12839,2011-12-07 12:33:00,14,5591.42,3807,95,3,-3.3,5588.12,399.38714285714286,United Kingdom,1,5,5,5,555,Champions
12840,2011-07-19 09:29:00,4,2726.77,1511,67,144,-12.5,2714.27,681.6925,United Kingdom,1,2,4,5,245,At-Risk High-Value
12841,2011-12-05 11:13:00,25,3991.58,2720,229,5,-145.95,3845.63,159.6632,United Kingdom,1,5,5,5,555,Champions
12842,2011-09-30 15:33:00,2,1118.99,547,34,70,0.0,1118.99,559.495,United Kingdom,1,3,2,4,324,Needs Attention
12843,2011-10-05 12:09:00,8,1702.26,781,69,66,-21.5,1680.76,212.7825,United Kingdom,1,3,5,4,354,Loyal Customers
12844,2011-11-10 13:31:00,2,325.96000000000004,125,47,29,0.0,325.96000000000004,162.98000000000002,United Kingdom,1,4,2,2,422,New Inflow
12845,2011-03-17 13:34:00,4,354.09000000000003,204,26,267,0.0,354.09000000000003,88.52250000000001,United Kingdom,1,1,4,2,142,Needs Attention
12847,2011-11-17 13:16:00,1,843.64,873,72,22,0.0,843.64,843.64,United Kingdom,1,4,1,3,413,New Inflow
12849,2011-11-08 13:41:00,2,992.65,579,46,31,0.0,992.65,496.325,United Kingdom,1,4,2,4,424,New Inflow
12851,2011-09-04 12:41:00,1,131.81,106,43,97,0.0,131.81,131.81,United Kingdom,1,2,1,1,211,Lost / Low-Value
12852,2011-02-18 08:47:00,1,311.55,149,17,295,-11.8,299.75,311.55,United Kingdom,1,1,1,2,112,Lost / Low-Value
12853,2011-07-28 11:29:00,6,1957.1000000000001,800,66,135,-75.4,1881.7,326.18333333333334,United Kingdom,1,2,5,4,254,At-Risk High-Value
12854,2011-09-22 12:15:00,3,1316.25,626,95,79,-35.35,1280.9,438.75,United Kingdom,1,2,3,4,234,At-Risk High-Value
12855,2010-12-02 09:37:00,1,38.1,30,3,373,0.0,38.1,38.1,United Kingdom,1,1,1,1,111,Lost / Low-Value
12856,2011-12-02 10:52:00,6,2170.78,1076,155,8,-17.25,2153.53,361.7966666666667,United Kingdom,1,5,5,5,555,Champions
12857,2011-05-13 10:20:00,2,1106.4,343,37,211,0.0,1106.4,553.2,United Kingdom,1,1,2,4,124,Lost / Low-Value
12863,2011-10-18 14:15:00,1,521.2,188,5,52,-17.0,504.20000000000005,521.2,United Kingdom,1,3,1,3,313,Needs Attention
12864,2011-07-24 13:03:00,1,147.12,216,3,138,0.0,147.12,147.12,United Kingdom,1,2,1,1,211,Lost / Low-Value
12865,2011-11-13 14:31:00,2,1568.23,925,86,26,-20.16,1548.07,784.115,Austria,0,4,2,4,424,New Inflow
12866,2011-03-01 14:11:00,1,499.12,167,25,283,0.0,499.12,499.12,Belgium,0,1,1,3,113,Lost / Low-Value
12867,2011-11-13 15:30:00,7,4009.34,4284,240,26,-46.349999999999994,3962.9900000000002,572.7628571428571,United Kingdom,1,4,5,5,455,Champions
12868,2011-06-07 10:42:00,6,1607.0600000000002,928,72,186,0.0,1607.0600000000002,267.84333333333336,United Kingdom,1,1,5,4,154,At-Risk High-Value
12871,2011-09-16 15:07:00,2,380.64,200,8,84,0.0,380.64,190.32,United Kingdom,1,2,2,2,222,Lost / Low-Value
12872,2011-01-17 10:52:00,2,599.97,319,58,327,0.0,599.97,299.985,United Kingdom,1,1,2,3,123,Lost / Low-Value
12873,2011-03-02 14:58:00,1,374.0,128,4,282,0.0,374.0,374.0,United Kingdom,1,1,1,2,112,Lost / Low-Value
12875,2011-07-19 15:30:00,2,343.2300000000001,2019,1,143,0.0,343.2300000000001,171.61500000000004,United Kingdom,1,2,2,2,222,Lost / Low-Value
12876,2011-10-13 12:26:00,2,2053.02,1930,66,58,0.0,2053.02,1026.51,Belgium,0,3,2,5,325,Needs Attention
12877,2011-12-06 10:30:00,12,1535.77,1178,100,4,0.0,1535.77,127.98083333333334,United Kingdom,1,5,5,4,554,Champions
12878,2011-04-17 13:07:00,2,854.99,547,38,236,-13.35,841.64,427.495,United Kingdom,1,1,2,3,123,Lost / Low-Value
12879,2011-10-26 12:24:00,3,573.22,370,7,45,-20.650000000000002,552.57,191.07333333333335,United Kingdom,1,3,3,3,333,Loyal Customers
12881,2011-03-09 11:44:00,1,298.0,21,7,276,0.0,298.0,298.0,United Kingdom,1,1,1,2,112,Lost / Low-Value
12882,2011-11-30 16:18:00,2,1463.04,246,12,9,0.0,1463.04,731.52,United Kingdom,1,5,2,4,524,New Inflow
12883,2011-11-15 09:32:00,4,703.47,196,39,25,0.0,703.47,175.8675,United Kingdom,1,4,4,3,443,Loyal Customers
12884,2011-09-12 13:10:00,1,309.05,43,7,88,0.0,309.05,309.05,United Kingdom,1,2,1,2,212,Lost / Low-Value
12885,2011-10-07 13:40:00,3,1175.22,655,66,63,-16.95,1158.27,391.74,United Kingdom,1,3,3,4,334,Loyal Customers
12886,2011-10-03 10:09:00,2,1378.4,770,75,68,-27.31,1351.0900000000001,689.2,United Kingdom,1,3,2,4,324,Needs Attention
12888,2011-05-09 16:02:00,2,354.12,76,4,214,-40.35,313.77,177.06,United Kingdom,1,1,2,2,122,Lost / Low-Value
12890,2011-11-15 17:26:00,1,376.71999999999997,256,78,24,0.0,376.71999999999997,376.71999999999997,United Kingdom,1,4,1,2,412,New Inflow
12891,2011-06-07 12:31:00,3,331.0,950,2,186,0.0,331.0,110.33333333333333,United Kingdom,1,1,3,2,132,Needs Attention
12893,2011-11-09 12:34:00,1,176.55,90,27,31,0.0,176.55,176.55,United Kingdom,1,4,1,1,411,New Inflow
12895,2011-10-28 13:51:00,2,372.8,210,22,42,-25.5,347.3,186.4,United Kingdom,1,3,2,2,322,Needs Attention
12897,2011-05-19 12:13:00,2,216.5,110,3,205,0.0,216.5,108.25,United Kingdom,1,1,2,1,121,Lost / Low-Value
12901,2011-12-01 10:07:00,28,17654.54,23075,30,9,-1338.4,16316.140000000001,630.5192857142857,United Kingdom,1,5,5,5,555,Champions
12902,2011-03-20 12:06:00,1,138.68,66,10,265,0.0,138.68,138.68,United Kingdom,1,1,1,1,111,Lost / Low-Value
12904,2011-11-21 14:34:00,2,496.06,294,59,18,0.0,496.06,248.03,United Kingdom,1,4,2,3,423,New Inflow
12906,2011-11-28 09:55:00,5,2919.81,1749,55,12,0.0,2919.81,583.962,United Kingdom,1,5,4,5,545,Champions
12908,2011-06-16 15:39:00,2,750.0,1200,1,176,-390.0,360.0,375.0,United Kingdom,1,2,2,2,222,Lost / Low-Value
12909,2011-10-31 12:43:00,5,2178.67,1280,78,40,-49.84,2128.83,435.73400000000004,United Kingdom,1,3,4,5,345,Loyal Customers
12910,2011-11-16 14:28:00,8,3075.04,1692,48,23,0.0,3075.04,384.38,United Kingdom,1,4,5,5,455,Champions
12912,2011-12-07 08:55:00,5,1662.3,670,17,3,0.0,1662.3,332.46,United Kingdom,1,5,4,4,544,Champions
12913,2011-12-05 12:11:00,5,2483.63,1419,37,5,0.0,2483.63,496.726,United Kingdom,1,5,4,5,545,Champions
12915,2011-07-14 11:34:00,2,363.65,93,19,149,0.0,363.65,181.825,United Kingdom,1,2,2,2,222,Lost / Low-Value
12916,2011-07-24 10:35:00,4,2944.95,1083,53,139,-23.8,2921.1499999999996,736.2375,United Kingdom,1,2,4,5,245,At-Risk High-Value
12917,2011-08-03 16:42:00,1,594.0,120,2,128,0.0,594.0,594.0,United Kingdom,1,2,1,3,213,Lost / Low-Value
12919,2011-12-01 13:47:00,6,1335.19,673,34,8,-33.75,1301.44,222.53166666666667,United Kingdom,1,5,5,4,554,Champions
12920,2011-11-22 15:05:00,1,162.78,128,27,17,0.0,162.78,162.78,United Kingdom,1,4,1,1,411,New Inflow
12921,2011-11-30 16:22:00,37,16587.09,9526,233,9,-197.35,16389.74,448.29972972972973,United Kingdom,1,5,5,5,555,Champions
12922,2011-07-01 15:35:00,1,405.38,370,28,161,0.0,405.38,405.38,United Kingdom,1,2,1,2,212,Lost / Low-Value
12923,2011-10-06 16:20:00,1,171.57,67,27,64,0.0,171.57,171.57,United Kingdom,1,3,1,1,311,Needs Attention
12924,2011-09-12 13:55:00,4,925.75,480,21,88,-3.75,922.0,231.4375,United Kingdom,1,2,4,4,244,At-Risk High-Value
12925,2011-12-05 11:11:00,2,694.05,541,42,5,0.0,694.05,347.025,United Kingdom,1,5,2,3,523,New Inflow
12928,2011-11-04 14:24:00,5,2062.7,1472,59,35,0.0,2062.7,412.53999999999996,United Kingdom,1,3,4,5,345,Loyal Customers
12929,2011-02-01 12:08:00,1,117.85,37,8,312,-12.75,105.1,117.85,United Kingdom,1,1,1,1,111,Lost / Low-Value
12930,2011-09-22 15:18:00,2,415.8,252,20,78,-5.9,409.90000000000003,207.9,United Kingdom,1,2,2,2,222,Lost / Low-Value
12931,2011-11-18 12:39:00,15,42055.96,28004,28,22,-8511.15,33544.81,2803.730666666667,United Kingdom,1,4,5,5,455,Champions
12933,2011-11-15 16:38:00,3,607.53,499,102,24,-1.25,606.28,202.51,United Kingdom,1,4,3,3,433,Loyal Customers
12935,2011-12-07 17:25:00,7,2160.7,1853,80,2,-4.25,2156.45,308.6714285714285,United Kingdom,1,5,5,5,555,Champions
12936,2011-11-22 17:32:00,4,1063.9,559,56,17,-51.0,1012.9000000000001,265.975,United Kingdom,1,4,4,4,444,Champions
12937,2011-11-24 15:05:00,4,1504.27,1007,81,15,0.0,1504.27,376.0675,United Kingdom,1,4,4,4,444,Champions
12938,2011-11-14 11:21:00,1,114.14,140,9,26,0.0,114.14,114.14,United Kingdom,1,4,1,1,411,New Inflow
12939,2011-10-06 14:33:00,8,11581.8,4876,21,64,0.0,11581.8,1447.725,United Kingdom,1,3,5,5,355,Loyal Customers
12940,2011-10-16 12:09:00,2,899.69,404,87,55,-37.25,862.44,449.845,United Kingdom,1,3,2,3,323,Needs Attention
12942,2011-07-31 14:39:00,3,675.6,198,68,131,0.0,675.6,225.20000000000002,United Kingdom,1,2,3,3,233,At-Risk High-Value
12944,2011-11-04 11:04:00,2,604.51,289,29,36,0.0,604.51,302.255,United Kingdom,1,3,2,3,323,Needs Attention
12945,2011-02-24 14:15:00,1,462.95,165,23,288,0.0,462.95,462.95,United Kingdom,1,1,1,2,112,Lost / Low-Value
12947,2011-07-19 10:06:00,6,1603.99,1165,83,144,-196.7,1407.29,267.33166666666665,United Kingdom,1,2,5,4,254,At-Risk High-Value
12948,2011-11-23 17:10:00,7,2064.95,1080,82,16,-11.25,2053.7,294.99285714285713,United Kingdom,1,4,5,5,455,Champions
12949,2011-11-09 11:25:00,8,4167.22,2381,166,31,-24.2,4143.02,520.9025,United Kingdom,1,4,5,5,455,Champions
12950,2011-12-07 13:17:00,3,1843.0,1380,13,2,0.0,1843.0,614.3333333333334,United Kingdom,1,5,3,4,534,Loyal Customers
12951,2011-12-01 12:14:00,6,1064.07,503,53,9,-22.0,1042.07,177.345,United Kingdom,1,5,5,4,554,Champions
12952,2011-12-04 10:35:00,4,1387.79,653,64,6,-4.95,1382.84,346.9475,United Kingdom,1,5,4,4,544,Champions
12953,2011-11-30 09:24:00,1,329.85,84,17,10,0.0,329.85,329.85,United Kingdom,1,5,1,2,512,New Inflow
12955,2011-12-08 16:29:00,11,4757.16,3664,81,1,-22.9,4734.26,432.4690909090909,United Kingdom,1,5,5,5,555,Champions
12956,2011-02-06 16:08:00,1,108.07,34,19,306,0.0,108.07,108.07,United Kingdom,1,1,1,1,111,Lost / Low-Value
12957,2011-11-30 09:53:00,8,4017.54,2549,208,10,-38.5,3979.04,502.1925,United Kingdom,1,5,5,5,555,Champions
12962,2011-12-02 15:55:00,2,266.39,129,15,7,0.0,266.39,133.195,United Kingdom,1,5,2,2,522,New Inflow
12963,2011-12-01 12:55:00,8,1856.63,881,75,8,0.0,1856.63,232.07875,United Kingdom,1,5,5,4,554,Champions
12965,2011-09-11 15:31:00,1,769.8100000000001,282,108,89,0.0,769.8100000000001,769.8100000000001,United Kingdom,1,2,1,3,213,Lost / Low-Value
12966,2011-11-30 12:38:00,1,160.18,75,10,10,0.0,160.18,160.18,United Kingdom,1,5,1,1,511,New Inflow
12967,2010-12-16 19:10:00,2,1660.9,438,19,358,-466.15,1194.75,830.45,United Kingdom,1,1,2,4,124,Lost / Low-Value
12968,2011-08-19 15:44:00,1,135.95,73,5,112,0.0,135.95,135.95,United Kingdom,1,2,1,1,211,Lost / Low-Value
12970,2011-12-02 14:30:00,4,405.47,268,116,7,0.0,405.47,101.3675,United Kingdom,1,5,4,2,542,Loyal Customers
12971,2011-12-06 12:20:00,86,11189.91,9289,94,4,-256.15,10933.76,130.11523255813952,United Kingdom,1,5,5,5,555,Champions
12974,2011-05-26 09:33:00,1,144.8,24,8,198,0.0,144.8,144.8,United Kingdom,1,1,1,1,111,Lost / Low-Value
12976,2011-05-12 09:55:00,1,738.6,561,22,212,0.0,738.6,738.6,United Kingdom,1,1,1,3,113,Lost / Low-Value
12977,2011-07-06 16:40:00,1,39.239999999999995,12,9,156,0.0,39.239999999999995,39.239999999999995,United Kingdom,1,2,1,1,211,Lost / Low-Value
12980,2011-07-05 09:34:00,9,7374.900000000001,886,6,158,-282.84000000000003,7092.06,819.4333333333334,United Kingdom,1,2,5,5,255,At-Risk High-Value
12981,2011-11-10 12:00:00,2,372.21999999999997,242,12,30,0.0,372.21999999999997,186.10999999999999,United Kingdom,1,4,2,2,422,New Inflow
12982,2011-04-11 11:51:00,1,390.54,288,28,243,-13.34,377.20000000000005,390.54,United Kingdom,1,1,1,2,112,Lost / Low-Value
12984,2011-11-21 12:37:00,1,97.5,26,4,19,0.0,97.5,97.5,United Kingdom,1,4,1,1,411,New Inflow
12985,2011-12-09 10:46:00,2,1239.38,1533,73,1,-23.759999999999998,1215.6200000000001,619.69,United Kingdom,1,5,2,4,524,New Inflow
12987,2011-09-27 12:03:00,2,558.7,219,27,74,-13.7,545.0,279.35,United Kingdom,1,2,2,3,223,Lost / Low-Value
12988,2011-02-20 14:31:00,1,505.82,126,75,292,0.0,505.82,505.82,United Kingdom,1,1,1,3,113,Lost / Low-Value
12989,2011-12-06 15:28:00,15,6924.11,2943,41,3,-69.60000000000001,6854.509999999999,461.6073333333333,United Kingdom,1,5,5,5,555,Champions
12990,2011-11-08 13:01:00,3,409.5,200,8,31,0.0,409.5,136.5,United Kingdom,1,4,3,2,432,Loyal Customers
12991,2011-11-16 15:34:00,2,503.76,405,31,23,0.0,503.76,251.88,United Kingdom,1,4,2,3,423,New Inflow
12993,2011-11-16 15:49:00,4,414.76,240,26,23,0.0,414.76,103.69,United Kingdom,1,4,4,2,442,Loyal Customers
12994,2011-12-05 15:43:00,3,974.42,459,52,4,-72.2,902.2199999999999,324.8066666666667,United Kingdom,1,5,3,3,533,Loyal Customers
12995,2011-09-15 15:44:00,1,211.32,108,3,85,-10.6,200.72,211.32,United Kingdom,1,2,1,1,211,Lost / Low-Value
12997,2011-11-17 15:47:00,4,1226.89,664,45,22,-28.95,1197.94,306.7225,United Kingdom,1,4,4,4,444,Champions
12999,2011-05-27 13:24:00,3,455.88,342,25,196,0.0,455.88,151.96,United Kingdom,1,1,3,2,132,Needs Attention
13000,2011-08-25 10:43:00,3,534.85,379,30,107,0.0,534.85,178.28333333333333,United Kingdom,1,2,3,3,233,At-Risk High-Value
13001,2011-12-05 14:51:00,13,9785.970000000001,5490,166,4,-20.9,9765.070000000002,752.7669230769231,United Kingdom,1,5,5,5,555,Champions
13002,2011-01-25 15:18:00,1,120.95,73,7,318,0.0,120.95,120.95,United Kingdom,1,1,1,1,111,Lost / Low-Value
13003,2011-08-26 10:50:00,3,149.05,103,4,106,0.0,149.05,49.68333333333334,United Kingdom,1,2,3,1,231,Needs Attention
13004,2011-11-28 11:27:00,18,5655.91,4822,277,12,-42.480000000000004,5613.43,314.21722222222223,United Kingdom,1,5,5,5,555,Champions
13005,2011-06-19 10:53:00,2,513.7,172,21,174,-44.75,468.95000000000005,256.85,United Kingdom,1,2,2,2,222,Lost / Low-Value
13006,2011-10-14 13:49:00,1,81.57,55,4,56,0.0,81.57,81.57,United Kingdom,1,3,1,1,311,Needs Attention
13008,2011-01-20 14:24:00,1,229.47,175,14,323,-51.0,178.47,229.47,United Kingdom,1,1,1,1,111,Lost / Low-Value
13011,2010-12-02 17:22:00,1,50.550000000000004,13,3,372,0.0,50.550000000000004,50.550000000000004,United Kingdom,1,1,1,1,111,Lost / Low-Value
13012,2011-11-30 13:05:00,8,1646.8400000000001,820,67,9,-345.12,1301.7200000000003,205.85500000000002,United Kingdom,1,5,5,4,554,Champions
13013,2011-12-08 15:01:00,13,4810.9400000000005,2224,155,1,-23.95,4786.990000000001,370.07230769230773,United Kingdom,1,5,5,5,555,Champions
13014,2011-11-29 12:27:00,10,3466.28,905,67,11,-100.85,3365.4300000000003,346.62800000000004,United Kingdom,1,5,5,5,555,Champions
13015,2011-10-17 13:19:00,5,3339.64,1609,156,53,0.0,3339.64,667.928,United Kingdom,1,3,4,5,345,Loyal Customers
13016,2011-09-27 14:08:00,3,789.89,527,39,73,0.0,789.89,263.2966666666667,United Kingdom,1,2,3,3,233,At-Risk High-Value
13017,2011-12-02 15:53:00,1,204.0,48,1,7,0.0,204.0,204.0,United Kingdom,1,5,1,1,511,New Inflow
13018,2011-11-23 13:28:00,28,7277.7,5435,313,16,-4.95,7272.75,259.91785714285714,United Kingdom,1,4,5,5,455,Champions
13021,2011-12-05 16:37:00,9,2616.38,1352,101,4,-31.98,2584.4,290.7088888888889,United Kingdom,1,5,5,5,555,Champions
13023,2011-10-06 16:27:00,2,599.9,280,35,64,0.0,599.9,299.95,United Kingdom,1,3,2,3,323,Needs Attention
13026,2011-12-08 16:58:00,5,975.36,1620,32,1,-31.59,943.77,195.072,United Kingdom,1,5,4,4,544,Champions
13027,2011-08-18 09:39:00,6,6912.0,17280,6,114,0.0,6912.0,1152.0,United Kingdom,1,2,5,5,255,At-Risk High-Value
13028,2011-11-17 11:10:00,2,661.3199999999999,798,40,23,-1.6400000000000001,659.68,330.65999999999997,United Kingdom,1,4,2,3,423,New Inflow
13029,2011-11-09 09:13:00,3,1247.5,134,8,31,0.0,1247.5,415.8333333333333,United Kingdom,1,4,3,4,434,Loyal Customers
13030,2011-11-28 14:30:00,2,752.44,348,76,11,0.0,752.44,376.22,United Kingdom,1,5,2,3,523,New Inflow
13032,2011-10-18 15:54:00,2,1010.1800000000001,375,55,52,-13.66,996.5200000000001,505.09000000000003,United Kingdom,1,3,2,4,324,Needs Attention
13033,2010-12-17 14:23:00,1,190.55,83,11,357,0.0,190.55,190.55,United Kingdom,1,1,1,1,111,Lost / Low-Value
13034,2011-10-16 12:21:00,2,642.77,369,37,55,0.0,642.77,321.385,United Kingdom,1,3,2,3,323,Needs Attention
13035,2011-09-27 08:57:00,2,921.88,644,23,74,-35.25,886.63,460.94,United Kingdom,1,2,2,3,223,Lost / Low-Value
13037,2011-07-24 15:46:00,3,881.07,431,44,138,0.0,881.07,293.69,United Kingdom,1,2,3,3,233,At-Risk High-Value
13038,2011-09-20 14:37:00,3,908.46,360,24,80,0.0,908.46,302.82,United Kingdom,1,2,3,3,233,At-Risk High-Value
13040,2011-12-01 10:38:00,2,676.99,355,38,9,0.0,676.99,338.495,United Kingdom,1,5,2,3,523,New Inflow
13043,2011-03-11 14:52:00,1,516.42,254,13,273,-44.85,471.56999999999994,516.42,United Kingdom,1,1,1,3,113,Lost / Low-Value
13044,2011-02-21 15:20:00,1,560.47,429,33,291,0.0,560.47,560.47,United Kingdom,1,1,1,3,113,Lost / Low-Value
13045,2011-09-01 15:04:00,1,305.28000000000003,221,18,99,0.0,305.28000000000003,305.28000000000003,United Kingdom,1,2,1,2,212,Lost / Low-Value
13046,2011-11-09 08:36:00,2,629.31,264,33,31,0.0,629.31,314.655,United Kingdom,1,4,2,3,423,New Inflow
13047,2011-10-14 11:15:00,9,3232.59,1390,105,57,-143.49,3089.1000000000004,359.1766666666667,United Kingdom,1,3,5,5,355,Loyal Customers
13048,2011-11-25 13:23:00,4,1819.41,1228,77,14,-30.0,1789.41,454.8525,United Kingdom,1,4,4,4,444,Champions
13049,2011-10-06 15:31:00,2,656.6800000000001,268,14,64,0.0,656.6800000000001,328.34000000000003,United Kingdom,1,3,2,3,323,Needs Attention
13050,2011-11-25 09:18:00,17,5833.11,3747,245,15,-152.25,5680.86,343.1241176470588,United Kingdom,1,4,5,5,455,Champions
13052,2011-05-11 14:12:00,1,348.15000000000003,222,18,212,0.0,348.15000000000003,348.15000000000003,United Kingdom,1,1,1,2,112,Lost / Low-Value
13055,2011-09-22 14:26:00,3,1214.41,894,74,78,-12.450000000000001,1201.96,404.80333333333334,United Kingdom,1,2,3,4,234,At-Risk High-Value
13058,2011-11-15 12:43:00,3,271.40000000000003,52,5,25,0.0,271.40000000000003,90.46666666666668,United Kingdom,1,4,3,2,432,Loyal Customers
13059,2011-04-04 10:40:00,1,183.4,35,8,250,0.0,183.4,183.4,United Kingdom,1,1,1,1,111,Lost / Low-Value
13060,2011-03-31 11:37:00,1,307.53000000000003,123,15,254,0.0,307.53000000000003,307.53000000000003,United Kingdom,1,1,1,2,112,Lost / Low-Value
13061,2011-09-28 16:04:00,1,248.61,107,10,72,0.0,248.61,248.61,United Kingdom,1,2,1,2,212,Lost / Low-Value
13062,2011-06-01 15:12:00,1,346.98,343,11,191,0.0,346.98,346.98,United Kingdom,1,1,1,2,112,Lost / Low-Value
13064,2011-11-27 12:31:00,4,1105.59,514,51,13,0.0,1105.59,276.3975,United Kingdom,1,5,4,4,544,Champions
13065,2010-12-01 16:52:00,1,205.86,74,14,373,0.0,205.86,205.86,United Kingdom,1,1,1,1,111,Lost / Low-Value
13066,2011-11-15 12:57:00,2,470.8,322,48,24,-39.9,430.90000000000003,235.4,United Kingdom,1,4,2,2,422,New Inflow
13067,2011-09-18 13:38:00,1,115.46000000000001,32,14,82,0.0,115.46000000000001,115.46000000000001,United Kingdom,1,2,1,1,211,Lost / Low-Value
13068,2011-11-29 15:00:00,2,344.0,200,1,10,0.0,344.0,172.0,United Kingdom,1,5,2,2,522,New Inflow
13069,2011-12-09 08:39:00,24,4431.44,5873,281,1,-718.3,3713.1399999999994,184.64333333333332,United Kingdom,1,5,5,5,555,Champions
13070,2011-05-31 13:45:00,1,228.8,110,9,192,0.0,228.8,228.8,United Kingdom,1,1,1,1,111,Lost / Low-Value
13072,2011-03-18 08:12:00,1,177.15,69,7,267,0.0,177.15,177.15,United Kingdom,1,1,1,1,111,Lost / Low-Value
13075,2011-08-02 10:19:00,1,919.61,485,22,130,0.0,919.61,919.61,United Kingdom,1,2,1,4,214,Lost / Low-Value
13077,2011-12-08 19:24:00,4,728.02,862,99,1,0.0,728.02,182.005,United Kingdom,1,5,4,3,543,Loyal Customers
13078,2011-12-06 15:36:00,26,12627.94,5630,95,3,-195.66,12432.28,485.69,United Kingdom,1,5,5,5,555,Champions
13079,2011-12-05 16:53:00,5,220.10000000000002,62,2,4,0.0,220.10000000000002,44.02,United Kingdom,1,5,4,1,541,Loyal Customers
13080,2011-06-13 14:59:00,1,58.08,120,6,179,0.0,58.08,58.08,United Kingdom,1,2,1,1,211,Lost / Low-Value
13081,2011-11-28 10:54:00,11,28337.38,19068,503,12,-365.3,27972.08,2576.1254545454544,United Kingdom,1,5,5,5,555,Champions
13082,2011-08-05 16:16:00,9,3613.63,4324,63,126,-18.15,3595.48,401.51444444444445,United Kingdom,1,2,5,5,255,At-Risk High-Value
13083,2011-12-05 15:01:00,2,303.75,187,15,4,0.0,303.75,151.875,United Kingdom,1,5,2,2,522,New Inflow
13085,2011-07-05 12:11:00,2,416.08,216,17,158,-143.7,272.38,208.04,United Kingdom,1,2,2,2,222,Lost / Low-Value
13089,2011-12-07 09:02:00,97,58762.08,31025,636,3,-1439.95,57322.130000000005,605.7946391752578,United Kingdom,1,5,5,5,555,Champions
13090,2011-12-01 12:39:00,13,8895.82,2262,97,9,-221.43,8674.39,684.2938461538462,United Kingdom,1,5,5,5,555,Champions
13091,2011-11-11 15:54:00,1,345.82,466,21,28,-26.0,319.82,345.82,United Kingdom,1,4,1,2,412,New Inflow
13092,2011-09-30 11:18:00,5,477.83,279,19,71,-18.0,459.83,95.566,United Kingdom,1,3,4,2,342,Loyal Customers
13093,2011-03-09 12:14:00,8,7832.47,3961,97,276,-91.0,7741.47,979.05875,United Kingdom,1,1,5,5,155,At-Risk High-Value
13094,2011-11-18 14:07:00,12,1927.3200000000002,1716,4,21,-218.46,1708.8600000000001,160.61,United Kingdom,1,4,5,4,454,Champions
13095,2011-09-30 12:03:00,1,74.39999999999999,144,6,71,0.0,74.39999999999999,74.39999999999999,United Kingdom,1,3,1,1,311,Needs Attention
13097,2011-11-07 10:43:00,10,6003.22,2360,214,33,-102.15,5901.070000000001,600.322,United Kingdom,1,3,5,5,355,Loyal Customers
13098,2011-12-08 14:14:00,28,28882.44,15968,156,1,-223.56,28658.879999999997,1031.5157142857142,United Kingdom,1,5,5,5,555,Champions
13099,2011-09-01 17:40:00,1,207.36,288,1,99,0.0,207.36,207.36,United Kingdom,1,2,1,1,211,Lost / Low-Value
13101,2011-04-19 14:37:00,1,101.19,113,8,234,0.0,101.19,101.19,United Kingdom,1,1,1,1,111,Lost / Low-Value
13102,2011-12-08 12:52:00,24,6424.09,4204,140,1,-87.8,6336.29,267.67041666666665,United Kingdom,1,5,5,5,555,Champions
13103,2011-10-31 09:38:00,1,243.94,82,8,40,0.0,243.94,243.94,United Kingdom,1,3,1,2,312,Needs Attention
13104,2011-12-06 13:10:00,6,1098.48,504,14,3,0.0,1098.48,183.08,United Kingdom,1,5,5,4,554,Champions
13106,2011-07-29 15:12:00,1,76.5,18,1,133,-17.0,59.5,76.5,United Kingdom,1,2,1,1,211,Lost / Low-Value
13107,2011-10-26 14:52:00,4,1531.6200000000001,1293,54,44,-7.550000000000001,1524.0700000000002,382.90500000000003,United Kingdom,1,3,4,4,344,Loyal Customers
13108,2010-12-02 10:35:00,1,350.06,298,10,373,0.0,350.06,350.06,United Kingdom,1,1,1,2,112,Lost / Low-Value
13109,2011-10-11 10:16:00,2,786.54,520,41,60,-19.700000000000003,766.8399999999999,393.27,United Kingdom,1,3,2,3,323,Needs Attention
13110,2011-11-08 14:30:00,7,1488.67,388,109,31,-35.8,1452.8700000000001,212.66714285714286,United Kingdom,1,4,5,4,454,Champions
13113,2011-12-09 12:49:00,24,12245.960000000001,3045,95,1,-1722.31,10523.650000000001,510.2483333333334,United Kingdom,1,5,5,5,555,Champions
13115,2011-11-28 12:38:00,4,2294.78,1567,88,12,-89.15,2205.63,573.695,United Kingdom,1,5,4,5,545,Champions
13116,2011-07-24 14:33:00,1,501.14,291,30,138,-15.95,485.19,501.14,United Kingdom,1,2,1,3,213,Lost / Low-Value
13117,2011-11-18 12:02:00,8,984.91,945,66,22,0.0,984.91,123.11375,United Kingdom,1,4,5,4,454,Champions
13118,2011-11-20 12:46:00,5,1197.81,410,68,20,-72.81,1125.0,239.56199999999998,United Kingdom,1,4,4,4,444,Champions
13120,2011-04-15 10:19:00,1,30.6,12,1,239,0.0,30.6,30.6,United Kingdom,1,1,1,1,111,Lost / Low-Value
13121,2011-03-15 16:47:00,1,283.73,252,50,269,-29.0,254.73000000000002,283.73,United Kingdom,1,1,1,2,112,Lost / Low-Value
13122,2011-09-06 15:53:00,2,922.39,585,54,94,0.0,922.39,461.195,United Kingdom,1,2,2,4,224,Lost / Low-Value
13124,2011-09-11 12:45:00,3,3756.33,2119,185,90,0.0,3756.33,1252.11,United Kingdom,1,2,3,5,235,At-Risk High-Value
13126,2011-12-05 10:00:00,8,2099.64,2143,124,5,-43.349999999999994,2056.29,262.455,United Kingdom,1,5,5,5,555,Champions
13127,2011-09-23 10:26:00,1,259.17,127,15,78,0.0,259.17,259.17,United Kingdom,1,2,1,2,212,Lost / Low-Value
13130,2011-09-06 15:30:00,1,64.0,32,2,94,0.0,64.0,64.0,United Kingdom,1,2,1,1,211,Lost / Low-Value
13131,2011-11-16 13:21:00,3,1073.3,447,30,23,-34.0,1039.3,357.76666666666665,United Kingdom,1,4,3,4,434,Loyal Customers
13132,2011-03-23 12:44:00,1,77.3,20,3,262,0.0,77.3,77.3,United Kingdom,1,1,1,1,111,Lost / Low-Value
13133,2011-03-11 10:31:00,2,109.8,32,7,274,0.0,109.8,54.9,United Kingdom,1,1,2,1,121,Lost / Low-Value
13134,2011-09-15 10:35:00,4,1793.58,1059,94,86,-52.95,1740.6299999999999,448.395,United Kingdom,1,2,4,4,244,At-Risk High-Value
13135,2011-05-27 10:52:00,1,3096.0,4300,1,197,0.0,3096.0,3096.0,United Kingdom,1,1,1,5,115,Lost / Low-Value
13136,2011-10-14 13:41:00,5,2607.61,1328,94,56,-62.23,2545.38,521.522,United Kingdom,1,3,4,5,345,Loyal Customers
13137,2011-11-29 12:09:00,8,3603.29,2204,345,11,0.0,3603.29,450.41125,United Kingdom,1,5,5,5,555,Champions
13138,2011-11-17 16:51:00,6,962.39,473,31,22,0.0,962.39,160.39833333333334,United Kingdom,1,4,5,4,454,Champions
13139,2011-11-23 13:54:00,7,5064.9400000000005,2425,132,16,-9.15,5055.790000000001,723.5628571428572,United Kingdom,1,4,5,5,455,Champions
13140,2011-08-23 15:33:00,3,422.47,185,40,108,0.0,422.47,140.82333333333335,United Kingdom,1,2,3,2,232,Needs Attention
13141,2011-09-16 09:54:00,5,2388.75,1548,113,85,-2.95,2385.8,477.75,United Kingdom,1,2,4,5,245,At-Risk High-Value
13142,2011-11-20 16:07:00,1,307.09000000000003,258,23,19,0.0,307.09000000000003,307.09000000000003,United Kingdom,1,4,1,2,412,New Inflow
13144,2011-01-11 11:15:00,1,110.95,21,3,333,0.0,110.95,110.95,United Kingdom,1,1,1,1,111,Lost / Low-Value
13145,2011-10-31 12:45:00,4,618.52,145,5,40,-3.75,614.77,154.63,United Kingdom,1,3,4,3,343,Loyal Customers
13146,2011-11-13 15:29:00,1,228.91,154,16,26,0.0,228.91,228.91,United Kingdom,1,4,1,1,411,New Inflow
13147,2011-11-29 13:59:00,4,712.8,144,1,10,0.0,712.8,178.2,United Kingdom,1,5,4,3,543,Loyal Customers
13148,2011-11-10 15:23:00,12,3683.26,1965,231,29,-358.64,3324.6200000000003,306.93833333333333,United Kingdom,1,4,5,5,455,Champions
13149,2011-11-25 13:09:00,4,1676.06,1280,76,14,0.0,1676.06,419.015,United Kingdom,1,4,4,4,444,Champions
13151,2011-02-17 12:29:00,1,1257.8700000000001,363,73,296,-7.5,1250.3700000000001,1257.8700000000001,United Kingdom,1,1,1,4,114,Lost / Low-Value
13153,2011-12-04 12:14:00,1,486.22,418,15,6,0.0,486.22,486.22,United Kingdom,1,5,1,3,513,New Inflow
13155,2011-11-06 15:41:00,4,971.76,497,67,33,0.0,971.76,242.94,United Kingdom,1,3,4,4,344,Loyal Customers
13157,2011-10-21 13:50:00,4,1741.22,1439,69,49,-19.65,1721.57,435.305,United Kingdom,1,3,4,4,344,Loyal Customers
13158,2011-09-06 11:58:00,4,1201.06,784,59,95,0.0,1201.06,300.265,United Kingdom,1,2,4,4,244,At-Risk High-Value
13159,2011-12-01 11:20:00,4,1429.35,1058,114,9,-58.10000000000001,1371.25,357.3375,United Kingdom,1,5,4,4,544,Champions
13160,2011-11-17 13:07:00,1,91.8,56,4,22,0.0,91.8,91.8,United Kingdom,1,4,1,1,411,New Inflow
13161,2011-01-30 14:03:00,1,112.75,29,8,313,0.0,112.75,112.75,United Kingdom,1,1,1,1,111,Lost / Low-Value
13162,2011-08-09 15:59:00,4,1688.29,1713,74,122,-43.3,1644.99,422.0725,United Kingdom,1,2,4,4,244,At-Risk High-Value
13165,2011-10-24 15:05:00,2,1021.48,1376,40,46,0.0,1021.48,510.74,United Kingdom,1,3,2,4,324,Needs Attention
13166,2011-03-01 15:16:00,1,417.2,216,39,283,-2.5,414.7,417.2,United Kingdom,1,1,1,2,112,Lost / Low-Value
13167,2011-11-21 12:24:00,4,779.33,773,50,19,0.0,779.33,194.8325,United Kingdom,1,4,4,3,443,Loyal Customers
13168,2011-11-03 12:56:00,4,1299.59,670,102,36,-9.05,1290.54,324.8975,United Kingdom,1,3,4,4,344,Loyal Customers
13169,2011-10-07 12:11:00,2,712.88,272,11,64,0.0,712.88,356.44,United Kingdom,1,3,2,3,323,Needs Attention
13170,2011-11-13 12:19:00,1,108.81,141,29,27,0.0,108.81,108.81,United Kingdom,1,4,1,1,411,New Inflow
13171,2011-11-18 10:27:00,3,468.41,229,37,22,-41.6,426.81,156.13666666666668,United Kingdom,1,4,3,2,432,Loyal Customers
13173,2011-12-05 15:51:00,2,353.65000000000003,277,41,4,0.0,353.65000000000003,176.82500000000002,United Kingdom,1,5,2,2,522,New Inflow
13174,2011-11-23 14:35:00,3,2738.82,1351,227,16,0.0,2738.82,912.94,United Kingdom,1,4,3,5,435,Loyal Customers
13176,2011-10-24 15:43:00,1,481.49,448,66,46,0.0,481.49,481.49,United Kingdom,1,3,1,3,313,Needs Attention
13177,2011-10-06 09:56:00,1,282.45,91,17,65,0.0,282.45,282.45,United Kingdom,1,3,1,2,312,Needs Attention
13178,2011-11-13 16:14:00,11,5725.47,3570,95,26,0.0,5725.47,520.4972727272727,United Kingdom,1,4,5,5,455,Champions
13182,2011-10-25 13:46:00,1,121.18,201,11,45,0.0,121.18,121.18,United Kingdom,1,3,1,1,311,Needs Attention
13183,2011-12-02 10:30:00,9,3957.78,2208,51,8,0.0,3957.78,439.75333333333333,United Kingdom,1,5,5,5,555,Champions
13184,2011-11-25 12:02:00,10,1667.95,1661,137,15,-52.5,1615.45,166.79500000000002,United Kingdom,1,4,5,4,454,Champions
13185,2011-03-17 11:56:00,1,71.4,12,1,268,0.0,71.4,71.4,United Kingdom,1,1,1,1,111,Lost / Low-Value
13186,2011-10-31 11:40:00,3,1575.89,820,69,40,-36.199999999999996,1539.69,525.2966666666667,United Kingdom,1,3,3,4,334,Loyal Customers
13187,2011-01-06 18:57:00,1,236.02,95,37,337,0.0,236.02,236.02,United Kingdom,1,1,1,1,111,Lost / Low-Value
13188,2011-11-28 15:28:00,1,114.6,25,2,11,0.0,114.6,114.6,United Kingdom,1,5,1,1,511,New Inflow
13189,2011-11-21 10:39:00,2,260.68,842,29,19,0.0,260.68,130.34,United Kingdom,1,4,2,2,422,New Inflow
13192,2011-09-05 14:13:00,2,911.94,595,57,95,0.0,911.94,455.97,United Kingdom,1,2,2,3,223,Lost / Low-Value
13193,2011-10-09 14:30:00,1,112.08,46,22,61,0.0,112.08,112.08,United Kingdom,1,3,1,1,311,Needs Attention
13194,2011-07-27 09:01:00,1,60.7,26,3,136,0.0,60.7,60.7,United Kingdom,1,2,1,1,211,Lost / Low-Value
13196,2011-11-28 13:54:00,4,1797.78,1224,97,11,0.0,1797.78,449.445,United Kingdom,1,5,4,4,544,Champions
13198,2011-11-29 15:17:00,6,3401.2400000000002,2648,199,10,-17.15,3384.09,566.8733333333333,United Kingdom,1,5,5,5,555,Champions
13199,2011-12-06 12:30:00,37,9802.12,6175,47,4,-13.16,9788.960000000001,264.9221621621622,United Kingdom,1,5,5,5,555,Champions
13200,2011-11-20 15:35:00,4,870.09,516,42,19,0.0,870.09,217.5225,United Kingdom,1,4,4,3,443,Loyal Customers
13203,2011-11-30 10:45:00,4,869.46,800,56,10,0.0,869.46,217.365,United Kingdom,1,5,4,3,543,Loyal Customers
13207,2011-11-24 14:52:00,2,250.26000000000002,130,7,15,0.0,250.26000000000002,125.13000000000001,United Kingdom,1,4,2,2,422,New Inflow
13208,2011-10-11 16:25:00,5,1193.17,767,123,59,0.0,1193.17,238.63400000000001,United Kingdom,1,3,4,4,344,Loyal Customers
13209,2011-11-09 13:54:00,8,5891.61,4253,255,30,-71.45,5820.16,736.45125,United Kingdom,1,4,5,5,455,Champions
13210,2011-09-07 08:18:00,1,353.48,316,22,94,0.0,353.48,353.48,United Kingdom,1,2,1,2,212,Lost / Low-Value
13211,2011-11-29 14:43:00,3,1095.42,834,45,10,0.0,1095.42,365.14000000000004,United Kingdom,1,5,3,4,534,Loyal Customers
13212,2011-11-20 12:40:00,3,786.83,309,128,20,-7.5,779.33,262.2766666666667,United Kingdom,1,4,3,3,433,Loyal Customers
13213,2011-10-14 11:42:00,5,1520.58,1360,82,57,-2.15,1518.4299999999998,304.116,United Kingdom,1,3,4,4,344,Loyal Customers
13216,2011-03-17 12:18:00,1,333.74,297,5,268,0.0,333.74,333.74,United Kingdom,1,1,1,2,112,Lost / Low-Value
13217,2011-08-09 15:32:00,3,533.98,262,3,122,-400.36,133.62,177.99333333333334,United Kingdom,1,2,3,1,231,Needs Attention
13218,2011-08-04 16:59:00,1,62.64,88,5,127,0.0,62.64,62.64,United Kingdom,1,2,1,1,211,Lost / Low-Value
13220,2011-09-22 13:38:00,4,819.2900000000001,196,18,78,0.0,819.2900000000001,204.82250000000002,United Kingdom,1,2,4,3,243,At-Risk High-Value
13221,2011-04-13 16:58:00,2,844.86,243,61,240,0.0,844.86,422.43,United Kingdom,1,1,2,3,123,Lost / Low-Value
13223,2011-05-23 13:03:00,2,163.2,88,5,200,0.0,163.2,81.6,United Kingdom,1,1,2,1,121,Lost / Low-Value
13224,2011-10-10 14:55:00,2,2152.95,1515,100,60,-5.1,2147.85,1076.475,United Kingdom,1,3,2,5,325,Needs Attention
13225,2011-12-06 13:29:00,7,6463.84,3416,23,3,-380.79999999999995,6083.04,923.4057142857143,United Kingdom,1,5,5,5,555,Champions
13226,2011-03-11 14:35:00,1,108.21000000000001,80,16,273,0.0,108.21000000000001,108.21000000000001,United Kingdom,1,1,1,1,111,Lost / Low-Value
13227,2011-05-22 11:47:00,1,257.7,99,9,202,0.0,257.7,257.7,United Kingdom,1,1,1,2,112,Lost / Low-Value
13228,2011-09-19 14:28:00,1,358.0,200,2,81,0.0,358.0,358.0,United Kingdom,1,2,1,2,212,Lost / Low-Value
13229,2011-04-28 12:07:00,1,160.95,63,10,226,0.0,160.95,160.95,United Kingdom,1,1,1,1,111,Lost / Low-Value
13230,2011-12-05 16:03:00,14,2755.63,1638,393,4,-43.56,2712.07,196.8307142857143,United Kingdom,1,5,5,5,555,Champions
13232,2011-11-27 10:39:00,7,1327.75,771,146,13,0.0,1327.75,189.67857142857142,United Kingdom,1,5,5,4,554,Champions
13233,2011-09-26 13:25:00,2,605.12,1004,43,74,0.0,605.12,302.56,United Kingdom,1,2,2,3,223,Lost / Low-Value
13235,2011-05-11 17:13:00,1,1031.07,441,53,212,0.0,1031.07,1031.07,United Kingdom,1,1,1,4,114,Lost / Low-Value
13236,2011-11-15 12:50:00,2,744.85,416,34,25,-17.58,727.27,372.425,United Kingdom,1,4,2,3,423,New Inflow
13238,2011-11-22 15:37:00,4,700.73,298,20,17,-19.9,680.83,175.1825,United Kingdom,1,4,4,3,443,Loyal Customers
13239,2011-03-23 10:25:00,1,329.56,327,21,262,0.0,329.56,329.56,United Kingdom,1,1,1,2,112,Lost / Low-Value
13240,2011-09-04 14:08:00,4,648.7,297,58,96,0.0,648.7,162.175,United Kingdom,1,2,4,3,243,At-Risk High-Value
13242,2011-08-19 12:53:00,3,270.40000000000003,130,12,112,0.0,270.40000000000003,90.13333333333334,United Kingdom,1,2,3,2,232,Needs Attention
13243,2011-05-20 13:14:00,1,585.12,232,56,203,0.0,585.12,585.12,United Kingdom,1,1,1,3,113,Lost / Low-Value
13244,2011-09-08 11:46:00,1,121.74000000000001,38,27,93,0.0,121.74000000000001,121.74000000000001,United Kingdom,1,2,1,1,211,Lost / Low-Value
13245,2011-10-20 11:40:00,1,430.5,125,16,51,0.0,430.5,430.5,United Kingdom,1,3,1,2,312,Needs Attention
13246,2011-11-21 16:50:00,6,1961.52,1587,110,18,-65.2,1896.32,326.92,United Kingdom,1,4,5,4,454,Champions
13247,2011-11-22 10:59:00,4,501.12,328,18,18,0.0,501.12,125.28,United Kingdom,1,4,4,3,443,Loyal Customers
13248,2011-08-07 12:40:00,2,465.68,305,25,125,0.0,465.68,232.84,United Kingdom,1,2,2,2,222,Lost / Low-Value
13249,2011-09-08 13:26:00,3,711.41,546,21,92,0.0,711.41,237.13666666666666,United Kingdom,1,2,3,3,233,At-Risk High-Value
13253,2011-07-06 10:09:00,2,1030.4,1572,35,157,0.0,1030.4,515.2,United Kingdom,1,2,2,4,224,Lost / Low-Value
13255,2011-11-30 13:14:00,2,399.51,177,13,9,-8.850000000000001,390.65999999999997,199.755,United Kingdom,1,5,2,2,522,New Inflow
13258,2011-11-28 09:31:00,3,672.83,282,28,12,0.0,672.83,224.27666666666667,United Kingdom,1,5,3,3,533,Loyal Customers
13259,2011-10-09 10:48:00,1,283.18,126,77,62,0.0,283.18,283.18,United Kingdom,1,3,1,2,312,Needs Attention
13260,2011-10-09 13:21:00,1,557.62,142,8,61,0.0,557.62,557.62,United Kingdom,1,3,1,3,313,Needs Attention
13261,2011-03-16 12:22:00,2,944.1,210,8,269,0.0,944.1,472.05,United Kingdom,1,1,2,4,124,Lost / Low-Value
13262,2011-03-21 15:06:00,1,200.29,125,11,263,0.0,200.29,200.29,United Kingdom,1,1,1,1,111,Lost / Low-Value
13263,2011-12-08 13:59:00,34,7411.71,4761,448,1,0.0,7411.71,217.9914705882353,United Kingdom,1,5,5,5,555,Champions
13265,2011-10-17 15:02:00,5,2092.66,1740,66,53,0.0,2092.66,418.532,United Kingdom,1,3,4,5,345,Loyal Customers
13266,2011-11-28 14:39:00,12,3834.2599999999998,4428,82,11,-116.59,3717.6699999999996,319.52166666666665,United Kingdom,1,5,5,5,555,Champions
13267,2011-12-07 11:12:00,19,4521.49,1969,88,3,-117.05000000000001,4404.44,237.97315789473683,United Kingdom,1,5,5,5,555,Champions
13268,2011-11-22 11:34:00,10,3152.71,3548,256,18,-47.050000000000004,3105.66,315.271,United Kingdom,1,4,5,5,455,Champions
13269,2011-12-08 14:53:00,15,5343.28,3513,177,1,-30.31,5312.969999999999,356.21866666666665,United Kingdom,1,5,5,5,555,Champions
13270,2010-12-08 14:53:00,1,590.0,200,1,366,0.0,590.0,590.0,United Kingdom,1,1,1,3,113,Lost / Low-Value
13271,2011-11-02 14:31:00,1,211.49,240,79,37,-39.12,172.37,211.49,United Kingdom,1,3,1,1,311,Needs Attention
13272,2011-11-08 14:00:00,2,276.56,96,15,31,0.0,276.56,138.28,United Kingdom,1,4,2,2,422,New Inflow
13273,2011-08-18 14:02:00,1,138.98,153,16,113,0.0,138.98,138.98,United Kingdom,1,2,1,1,211,Lost / Low-Value
13276,2011-10-07 12:44:00,2,590.9300000000001,161,30,64,0.0,590.9300000000001,295.46500000000003,United Kingdom,1,3,2,3,323,Needs Attention
13277,2011-11-24 09:21:00,4,258.4,176,5,16,0.0,258.4,64.6,United Kingdom,1,4,4,2,442,Loyal Customers
13278,2011-10-30 11:49:00,1,542.73,537,46,41,0.0,542.73,542.73,United Kingdom,1,3,1,3,313,Needs Attention
13279,2011-09-22 17:24:00,1,137.75,73,9,78,-11.45,126.3,137.75,United Kingdom,1,2,1,1,211,Lost / Low-Value
13280,2011-08-09 13:14:00,3,798.46,518,67,122,0.0,798.46,266.15333333333336,United Kingdom,1,2,3,3,233,At-Risk High-Value
13282,2011-11-21 15:33:00,3,1132.14,307,29,18,-84.3,1047.8400000000001,377.38000000000005,United Kingdom,1,4,3,4,434,Loyal Customers
13283,2011-10-11 09:50:00,2,93.66,90,7,60,0.0,93.66,46.83,United Kingdom,1,3,2,1,321,Needs Attention
13284,2011-01-13 09:23:00,1,201.19,91,13,331,-5.04,196.15,201.19,United Kingdom,1,1,1,1,111,Lost / Low-Value
13285,2011-11-16 13:19:00,4,2709.12,2051,157,23,0.0,2709.12,677.28,United Kingdom,1,4,4,5,445,Champions
13291,2011-07-07 10:36:00,1,361.11,233,41,156,0.0,361.11,361.11,United Kingdom,1,2,1,2,212,Lost / Low-Value
13292,2011-11-01 10:04:00,2,578.94,347,29,39,0.0,578.94,289.47,United Kingdom,1,3,2,3,323,Needs Attention
13294,2011-06-03 08:54:00,2,873.74,453,48,190,0.0,873.74,436.87,United Kingdom,1,1,2,3,123,Lost / Low-Value
13295,2010-12-15 11:21:00,1,201.20000000000002,82,10,360,-3.25,197.95000000000002,201.20000000000002,United Kingdom,1,1,1,1,111,Lost / Low-Value
13296,2011-07-25 13:46:00,1,87.4,78,5,137,0.0,87.4,87.4,United Kingdom,1,2,1,1,211,Lost / Low-Value
13297,2011-12-02 09:32:00,4,2089.85,963,52,8,0.0,2089.85,522.4625,United Kingdom,1,5,4,5,545,Champions
13298,2011-12-08 13:11:00,1,360.0,96,2,1,0.0,360.0,360.0,United Kingdom,1,5,1,2,512,New Inflow
13299,2011-03-16 12:55:00,1,142.5,30,5,268,0.0,142.5,142.5,United Kingdom,1,1,1,1,111,Lost / Low-Value
13300,2011-06-23 13:09:00,1,371.89,203,20,169,-6.6,365.28999999999996,371.89,United Kingdom,1,2,1,2,212,Lost / Low-Value
13301,2011-08-28 11:25:00,4,600.1899999999999,343,74,104,0.0,600.1899999999999,150.04749999999999,United Kingdom,1,2,4,3,243,At-Risk High-Value
13302,2011-07-07 17:56:00,1,63.75,5,1,155,0.0,63.75,63.75,United Kingdom,1,2,1,1,211,Lost / Low-Value
13304,2010-12-23 14:35:00,1,300.42,238,21,351,0.0,300.42,300.42,United Kingdom,1,1,1,2,112,Lost / Low-Value
13305,2011-12-05 15:15:00,10,2000.86,1232,50,4,0.0,2000.86,200.08599999999998,United Kingdom,1,5,5,5,555,Champions
13307,2011-08-11 17:14:00,1,15.0,4,1,120,0.0,15.0,15.0,United Kingdom,1,2,1,1,211,Lost / Low-Value
13308,2011-11-17 09:31:00,3,1385.51,843,49,23,-17.9,1367.61,461.83666666666664,United Kingdom,1,4,3,4,434,Loyal Customers
13309,2011-12-02 16:34:00,5,1456.79,1544,82,7,0.0,1456.79,291.358,United Kingdom,1,5,4,4,544,Champions
13310,2011-11-11 17:23:00,3,1132.03,587,65,28,-48.400000000000006,1083.6299999999999,377.3433333333333,United Kingdom,1,4,3,4,434,Loyal Customers
13311,2011-12-05 12:55:00,2,598.57,305,25,4,0.0,598.57,299.285,United Kingdom,1,5,2,3,523,New Inflow
13313,2011-11-17 16:48:00,5,1555.3200000000002,851,47,22,0.0,1555.3200000000002,311.064,United Kingdom,1,4,4,4,444,Champions
13314,2011-12-08 12:29:00,3,775.94,560,55,2,-182.43,593.51,258.6466666666667,United Kingdom,1,5,3,3,533,Loyal Customers
13316,2011-11-02 13:40:00,4,5732.93,5508,66,37,0.0,5732.93,1433.2325,United Kingdom,1,3,4,5,345,Loyal Customers
13317,2011-10-04 13:35:00,6,2273.68,1035,100,66,-133.61,2140.0699999999997,378.94666666666666,United Kingdom,1,3,5,5,355,Loyal Customers
13318,2011-12-08 18:51:00,3,640.76,304,14,1,0.0,640.76,213.58666666666667,United Kingdom,1,5,3,3,533,Loyal Customers
13319,2011-12-04 13:34:00,26,10845.550000000001,4724,209,5,-181.21,10664.340000000002,417.1365384615385,United Kingdom,1,5,5,5,555,Champions
13320,2011-09-22 18:07:00,4,1532.2,1086,77,78,-57.0,1475.2,383.05,United Kingdom,1,2,4,4,244,At-Risk High-Value
13321,2011-09-28 15:24:00,2,567.36,372,10,72,0.0,567.36,283.68,United Kingdom,1,2,2,3,223,Lost / Low-Value
13322,2011-11-22 14:21:00,1,199.48000000000002,117,25,17,0.0,199.48000000000002,199.48000000000002,United Kingdom,1,4,1,1,411,New Inflow
13323,2011-12-06 17:12:00,5,787.85,175,6,3,0.0,787.85,157.57,United Kingdom,1,5,4,3,543,Loyal Customers
13324,2011-11-03 16:28:00,10,7121.95,5205,25,36,-49.14999999999999,7072.8,712.1949999999999,United Kingdom,1,3,5,5,355,Loyal Customers
13325,2011-09-19 10:36:00,1,675.3,240,12,82,0.0,675.3,675.3,United Kingdom,1,2,1,3,213,Lost / Low-Value
13327,2011-11-01 10:21:00,8,3627.77,1600,74,39,-10.2,3617.57,453.47125,United Kingdom,1,3,5,5,355,Loyal Customers
13328,2011-01-27 15:22:00,1,1308.48,680,17,316,0.0,1308.48,1308.48,United Kingdom,1,1,1,4,114,Lost / Low-Value
13329,2011-11-08 10:29:00,2,789.0,463,16,32,-48.60000000000001,740.4,394.5,United Kingdom,1,4,2,3,423,New Inflow
13330,2011-09-08 12:27:00,3,1140.93,751,37,93,0.0,1140.93,380.31,United Kingdom,1,2,3,4,234,At-Risk High-Value
13332,2011-11-25 13:30:00,1,350.90000000000003,179,21,14,0.0,350.90000000000003,350.90000000000003,United Kingdom,1,4,1,2,412,New Inflow
13334,2011-09-18 15:21:00,3,3502.32,1764,207,82,0.0,3502.32,1167.44,United Kingdom,1,2,3,5,235,At-Risk High-Value
13336,2011-09-23 14:05:00,1,795.12,559,51,77,0.0,795.12,795.12,United Kingdom,1,2,1,3,213,Lost / Low-Value
13338,2011-07-05 09:06:00,1,487.02,256,19,158,-55.2,431.82,487.02,United Kingdom,1,2,1,2,212,Lost / Low-Value
13339,2011-05-23 08:31:00,1,860.12,326,54,201,0.0,860.12,860.12,United Kingdom,1,1,1,3,113,Lost / Low-Value
13340,2011-10-25 13:15:00,7,10736.48,5770,128,45,0.0,10736.48,1533.782857142857,United Kingdom,1,3,5,5,355,Loyal Customers
13341,2011-03-24 09:50:00,1,775.85,301,42,261,0.0,775.85,775.85,United Kingdom,1,1,1,3,113,Lost / Low-Value
13343,2011-06-15 12:24:00,1,353.43,135,19,178,-49.5,303.93,353.43,United Kingdom,1,2,1,2,212,Lost / Low-Value
13344,2011-10-03 09:45:00,3,2511.69,952,115,68,0.0,2511.69,837.23,United Kingdom,1,3,3,5,335,Loyal Customers
13345,2011-02-25 09:01:00,1,389.5,141,20,288,-11.899999999999999,377.6,389.5,United Kingdom,1,1,1,2,112,Lost / Low-Value
13347,2011-09-30 13:28:00,1,341.36,205,8,70,0.0,341.36,341.36,United Kingdom,1,3,1,2,312,Needs Attention
13348,2011-10-06 17:28:00,1,233.76000000000002,136,14,64,0.0,233.76000000000002,233.76000000000002,United Kingdom,1,3,1,1,311,Needs Attention
13349,2011-11-29 08:07:00,1,247.32,225,16,11,0.0,247.32,247.32,United Kingdom,1,5,1,2,512,New Inflow
13350,2011-11-23 16:33:00,2,979.12,287,36,16,-68.4,910.72,489.56,United Kingdom,1,4,2,3,423,New Inflow
13351,2011-10-04 12:55:00,1,373.94,117,16,66,0.0,373.94,373.94,United Kingdom,1,3,1,2,312,Needs Attention
13352,2011-10-10 13:55:00,1,397.98,321,24,60,-8.7,389.28000000000003,397.98,United Kingdom,1,3,1,2,312,Needs Attention
13354,2011-09-29 13:17:00,1,743.53,604,51,71,0.0,743.53,743.53,United Kingdom,1,3,1,3,313,Needs Attention
13355,2011-08-09 14:48:00,1,674.7,314,32,122,0.0,674.7,674.7,United Kingdom,1,2,1,3,213,Lost / Low-Value
13356,2011-09-20 14:33:00,1,768.24,325,42,80,0.0,768.24,768.24,United Kingdom,1,2,1,3,213,Lost / Low-Value
13357,2011-03-27 13:56:00,1,609.4,321,85,257,0.0,609.4,609.4,United Kingdom,1,1,1,3,113,Lost / Low-Value
13358,2011-03-16 11:52:00,1,439.03000000000003,285,29,269,0.0,439.03000000000003,439.03000000000003,United Kingdom,1,1,1,2,112,Lost / Low-Value
13359,2011-10-07 09:30:00,1,439.56,161,23,64,-8.3,431.26,439.56,United Kingdom,1,3,1,2,312,Needs Attention
13362,2011-11-30 14:41:00,4,3090.7400000000002,1382,128,9,-5.25,3085.4900000000002,772.6850000000001,United Kingdom,1,5,4,5,545,Champions
13363,2011-11-22 12:40:00,2,992.5,710,47,18,0.0,992.5,496.25,United Kingdom,1,4,2,4,424,New Inflow
13365,2011-11-06 12:36:00,2,2225.37,1247,122,34,-34.150000000000006,2191.22,1112.685,United Kingdom,1,3,2,5,325,Needs Attention
13366,2011-10-20 13:37:00,1,56.16,144,1,50,0.0,56.16,56.16,United Kingdom,1,3,1,1,311,Needs Attention
13368,2011-03-28 09:59:00,2,623.4,327,29,257,0.0,623.4,311.7,United Kingdom,1,1,2,3,123,Lost / Low-Value
13369,2010-12-09 11:30:00,1,308.28000000000003,149,14,366,-44.53,263.75,308.28000000000003,United Kingdom,1,1,1,2,112,Lost / Low-Value
13370,2010-12-03 10:26:00,1,754.87,343,39,372,-33.55,721.32,754.87,United Kingdom,1,1,1,3,113,Lost / Low-Value
13372,2011-09-11 12:46:00,1,378.64,159,23,90,0.0,378.64,378.64,United Kingdom,1,2,1,2,212,Lost / Low-Value
13373,2011-10-10 10:51:00,3,3312.25,1651,135,61,0.0,3312.25,1104.0833333333333,United Kingdom,1,3,3,5,335,Loyal Customers
13375,2011-09-12 10:19:00,1,778.65,442,37,89,-5.75,772.9,778.65,United Kingdom,1,2,1,3,213,Lost / Low-Value
13376,2011-09-01 16:16:00,3,1019.76,493,45,99,0.0,1019.76,339.92,United Kingdom,1,2,3,4,234,At-Risk High-Value
13379,2011-11-13 13:45:00,3,572.56,601,85,26,0.0,572.56,190.85333333333332,United Kingdom,1,4,3,3,433,Loyal Customers
13381,2011-11-08 11:58:00,6,3639.31,2029,77,32,-12.5,3626.81,606.5516666666666,United Kingdom,1,4,5,5,455,Champions
13382,2011-03-04 10:03:00,1,222.99,131,15,281,0.0,222.99,222.99,United Kingdom,1,1,1,1,111,Lost / Low-Value
13384,2011-11-09 11:04:00,7,4151.93,2422,123,31,-29.65,4122.280000000001,593.1328571428572,United Kingdom,1,4,5,5,455,Champions
13385,2011-01-14 09:52:00,1,534.57,281,35,330,0.0,534.57,534.57,United Kingdom,1,1,1,3,113,Lost / Low-Value
13388,2011-07-31 12:52:00,2,677.1,282,35,131,-49.95,627.15,338.55,United Kingdom,1,2,2,3,223,Lost / Low-Value
13389,2011-11-28 14:01:00,3,797.96,429,50,11,0.0,797.96,265.9866666666667,United Kingdom,1,5,3,3,533,Loyal Customers
13390,2011-09-26 08:38:00,1,544.08,224,13,75,0.0,544.08,544.08,United Kingdom,1,2,1,3,213,Lost / Low-Value
13391,2011-05-20 10:50:00,1,59.8,4,1,204,0.0,59.8,59.8,United Kingdom,1,1,1,1,111,Lost / Low-Value
13394,2011-12-08 11:36:00,8,2520.02,2392,124,2,-201.72000000000003,2318.3,315.0025,United Kingdom,1,5,5,5,555,Champions
13395,2011-06-07 15:04:00,1,307.72,336,21,185,0.0,307.72,307.72,United Kingdom,1,1,1,2,112,Lost / Low-Value
13396,2011-11-10 16:59:00,2,1360.99,600,42,29,-35.7,1325.29,680.495,United Kingdom,1,4,2,4,424,New Inflow
13397,2011-09-28 10:56:00,5,1544.13,430,28,73,-4.95,1539.18,308.826,United Kingdom,1,2,4,4,244,At-Risk High-Value
13398,2011-05-31 13:17:00,1,457.34000000000003,281,26,192,0.0,457.34000000000003,457.34000000000003,United Kingdom,1,1,1,2,112,Lost / Low-Value
13402,2011-08-04 15:51:00,2,621.23,479,32,127,0.0,621.23,310.615,United Kingdom,1,2,2,3,223,Lost / Low-Value
13403,2011-11-22 08:28:00,1,75.0,44,3,18,0.0,75.0,75.0,United Kingdom,1,4,1,1,411,New Inflow
13404,2011-12-08 15:37:00,2,252.49,111,11,1,0.0,252.49,126.245,United Kingdom,1,5,2,2,522,New Inflow
13405,2011-05-19 16:31:00,2,557.45,163,24,204,0.0,557.45,278.725,United Kingdom,1,1,2,3,123,Lost / Low-Value
13408,2011-12-08 09:05:00,62,28117.04,16232,234,2,-228.66,27888.38,453.5006451612903,United Kingdom,1,5,5,5,555,Champions
13410,2011-11-15 15:33:00,5,1003.06,518,15,24,-14.15,988.91,200.612,United Kingdom,1,4,4,4,444,Champions
13411,2011-08-24 13:57:00,1,213.55,72,17,107,0.0,213.55,213.55,United Kingdom,1,2,1,1,211,Lost / Low-Value
13414,2011-07-29 11:45:00,3,1390.5,1574,23,134,0.0,1390.5,463.5,United Kingdom,1,2,3,4,234,At-Risk High-Value
13416,2011-10-27 08:56:00,2,712.5,142,11,44,0.0,712.5,356.25,United Kingdom,1,3,2,3,323,Needs Attention
13417,2011-12-05 08:49:00,2,640.83,162,26,5,0.0,640.83,320.415,United Kingdom,1,5,2,3,523,New Inflow
13418,2011-11-28 10:23:00,18,6127.43,3918,223,12,-281.98999999999995,5845.4400000000005,340.4127777777778,United Kingdom,1,5,5,5,555,Champions
13419,2011-10-07 12:49:00,1,221.06,275,16,64,0.0,221.06,221.06,United Kingdom,1,3,1,1,311,Needs Attention
13420,2011-07-13 08:48:00,2,159.85,101,8,150,-19.5,140.35,79.925,United Kingdom,1,2,2,1,221,Lost / Low-Value
13421,2011-10-30 14:21:00,2,1823.21,1103,87,40,-2.1,1821.1100000000001,911.605,United Kingdom,1,3,2,4,324,Needs Attention
13422,2011-10-06 13:42:00,1,2626.3,1326,127,64,-24.75,2601.55,2626.3,United Kingdom,1,3,1,5,315,Needs Attention
13425,2011-08-23 17:13:00,3,1624.21,1123,66,108,0.0,1624.21,541.4033333333333,United Kingdom,1,2,3,4,234,At-Risk High-Value
13426,2011-12-09 08:59:00,10,3641.32,2245,103,1,-83.0,3558.32,364.132,United Kingdom,1,5,5,5,555,Champions
13427,2011-11-20 13:02:00,3,582.6,545,25,19,0.0,582.6,194.20000000000002,United Kingdom,1,4,3,3,433,Loyal Customers
13428,2011-11-29 14:20:00,1,201.78,151,70,10,0.0,201.78,201.78,United Kingdom,1,5,1,1,511,New Inflow
13429,2011-11-29 09:10:00,4,1006.8,1390,55,11,0.0,1006.8,251.7,United Kingdom,1,5,4,4,544,Champions
13430,2011-11-21 08:19:00,2,679.45,751,48,19,-27.380000000000003,652.07,339.725,United Kingdom,1,4,2,3,423,New Inflow
13431,2011-10-03 13:49:00,2,1269.1,672,44,67,0.0,1269.1,634.55,United Kingdom,1,3,2,4,324,Needs Attention
13434,2011-09-26 14:30:00,2,534.24,300,9,74,0.0,534.24,267.12,United Kingdom,1,2,2,3,223,Lost / Low-Value
13435,2011-12-04 14:45:00,7,3809.89,2129,68,5,-15.4,3794.49,544.27,United Kingdom,1,5,5,5,555,Champions
13436,2011-12-08 10:33:00,1,196.89,76,12,2,0.0,196.89,196.89,United Kingdom,1,5,1,1,511,New Inflow
13437,2011-11-25 14:00:00,7,3408.06,1283,143,14,0.0,3408.06,486.86571428571426,United Kingdom,1,4,5,5,455,Champions
13439,2011-03-29 14:20:00,1,283.71,242,54,255,0.0,283.71,283.71,United Kingdom,1,1,1,2,112,Lost / Low-Value
13441,2011-09-09 09:38:00,1,296.64,204,13,92,0.0,296.64,296.64,United Kingdom,1,2,1,2,212,Lost / Low-Value
13447,2011-11-16 13:38:00,3,1129.14,584,55,23,-24.91,1104.23,376.38000000000005,United Kingdom,1,4,3,4,434,Loyal Customers
13448,2011-11-23 12:33:00,6,3534.69,1648,137,17,-73.7,3460.9900000000002,589.115,United Kingdom,1,4,5,5,455,Champions
13449,2011-11-16 08:28:00,1,291.88,222,19,24,0.0,291.88,291.88,United Kingdom,1,4,1,2,412,New Inflow
13450,2011-11-13 11:54:00,6,2043.72,1982,32,27,0.0,2043.72,340.62,United Kingdom,1,4,5,5,455,Champions
13451,2011-11-13 15:58:00,5,2898.2599999999998,2128,315,26,-59.7,2838.56,579.6519999999999,United Kingdom,1,4,4,5,445,Champions
13452,2011-03-25 14:19:00,2,590.0,2,1,259,0.0,590.0,295.0,United Kingdom,1,1,2,3,123,Lost / Low-Value
13453,2011-06-27 09:34:00,2,356.98,134,16,166,0.0,356.98,178.49,United Kingdom,1,2,2,2,222,Lost / Low-Value
13455,2011-11-15 11:21:00,2,1058.34,354,42,25,-50.989999999999995,1007.3499999999999,529.17,United Kingdom,1,4,2,4,424,New Inflow
13456,2011-11-22 09:18:00,6,1766.72,765,43,18,-28.9,1737.82,294.4533333333333,United Kingdom,1,4,5,4,454,Champions
13458,2011-12-02 15:29:00,14,9646.57,5508,242,7,-108.65,9537.92,689.0407142857142,United Kingdom,1,5,5,5,555,Champions
13460,2011-11-10 17:17:00,2,183.44,286,16,29,0.0,183.44,91.72,United Kingdom,1,4,2,1,421,New Inflow
13461,2011-11-01 09:01:00,3,1445.0,1170,14,39,0.0,1445.0,481.6666666666667,United Kingdom,1,3,3,4,334,Loyal Customers
13462,2011-04-01 11:20:00,1,151.5,62,9,253,-8.25,143.25,151.5,United Kingdom,1,1,1,1,111,Lost / Low-Value
13464,2011-10-12 15:01:00,1,674.68,403,41,58,0.0,674.68,674.68,United Kingdom,1,3,1,3,313,Needs Attention
13466,2011-06-08 16:39:00,1,307.90000000000003,259,17,184,-9.95,297.95000000000005,307.90000000000003,United Kingdom,1,1,1,2,112,Lost / Low-Value
13467,2011-11-29 10:01:00,2,1071.91,580,89,11,0.0,1071.91,535.955,United Kingdom,1,5,2,4,524,New Inflow
13468,2011-12-08 10:39:00,37,5704.97,2589,184,2,-48.22,5656.75,154.1883783783784,United Kingdom,1,5,5,5,555,Champions
13470,2011-09-01 14:57:00,2,165.0,100,7,99,0.0,165.0,82.5,United Kingdom,1,2,2,1,221,Lost / Low-Value
13471,2011-12-08 15:44:00,4,2501.84,1583,214,1,0.0,2501.84,625.46,United Kingdom,1,5,4,5,545,Champions
13473,2011-10-10 11:20:00,2,422.64,266,21,61,-5.1,417.53999999999996,211.32,United Kingdom,1,3,2,2,322,Needs Attention
13474,2011-04-17 13:53:00,1,226.84,129,59,236,0.0,226.84,226.84,United Kingdom,1,1,1,1,111,Lost / Low-Value
13475,2011-06-01 13:52:00,4,1431.78,1012,64,191,0.0,1431.78,357.945,United Kingdom,1,1,4,4,144,At-Risk High-Value
13476,2011-06-14 12:00:00,2,1238.47,417,56,179,-145.7,1092.77,619.235,United Kingdom,1,2,2,4,224,Lost / Low-Value
13477,2011-11-02 12:04:00,6,1454.58,1021,57,38,-13.05,1441.53,242.42999999999998,United Kingdom,1,3,5,4,354,Loyal Customers
13479,2011-05-23 10:45:00,2,300.95,134,14,201,-9.95,291.0,150.475,United Kingdom,1,1,2,2,122,Lost / Low-Value
13481,2011-10-25 09:07:00,5,1804.56,1142,98,46,-27.75,1776.81,360.912,United Kingdom,1,3,4,4,344,Loyal Customers
13482,2011-04-21 17:03:00,1,184.64000000000001,116,11,232,0.0,184.64000000000001,184.64000000000001,United Kingdom,1,1,1,1,111,Lost / Low-Value
13483,2011-10-05 11:53:00,1,140.34,160,10,66,0.0,140.34,140.34,United Kingdom,1,3,1,1,311,Needs Attention
13484,2011-04-12 16:30:00,1,313.8,44,8,241,0.0,313.8,313.8,United Kingdom,1,1,1,2,112,Lost / Low-Value
13485,2011-04-20 13:58:00,1,454.24,277,23,233,0.0,454.24,454.24,United Kingdom,1,1,1,2,112,Lost / Low-Value
13486,2011-09-22 13:13:00,3,1122.41,669,69,78,0.0,1122.41,374.1366666666667,United Kingdom,1,2,3,4,234,At-Risk High-Value
13487,2011-10-13 12:07:00,3,575.4,265,26,58,0.0,575.4,191.79999999999998,United Kingdom,1,3,3,3,333,Loyal Customers
13488,2011-11-22 14:41:00,13,8968.31,4518,271,17,-57.7,8910.609999999999,689.87,United Kingdom,1,4,5,5,455,Champions
13489,2011-08-26 13:16:00,4,449.52,560,11,105,0.0,449.52,112.38,United Kingdom,1,2,4,2,242,Needs Attention
13491,2011-10-19 08:32:00,10,1215.82,903,73,52,0.0,1215.82,121.582,United Kingdom,1,3,5,4,354,Loyal Customers
13492,2011-07-26 14:25:00,3,1269.84,408,38,136,0.0,1269.84,423.28,Switzerland,0,2,3,4,234,At-Risk High-Value
13493,2011-03-09 15:35:00,2,498.63,377,5,275,0.0,498.63,249.315,Switzerland,0,1,2,3,123,Lost / Low-Value
13494,2011-02-01 11:58:00,1,316.26000000000005,162,18,312,0.0,316.26000000000005,316.26000000000005,United Kingdom,1,1,1,2,112,Lost / Low-Value
13495,2011-12-02 11:21:00,5,2044.8700000000001,829,34,8,-54.75,1990.1200000000001,408.97400000000005,United Kingdom,1,5,4,4,544,Champions
13496,2011-11-29 10:58:00,2,653.33,341,28,11,-35.400000000000006,617.9300000000001,326.665,United Kingdom,1,5,2,3,523,New Inflow
13497,2011-03-02 09:04:00,2,348.05,163,19,283,-27.0,321.05,174.025,United Kingdom,1,1,2,2,122,Lost / Low-Value
13499,2011-11-22 11:21:00,5,1159.1100000000001,1365,31,18,-12.15,1146.96,231.82200000000003,United Kingdom,1,4,4,4,444,Champions
13500,2011-11-16 15:35:00,3,1166.77,609,60,23,-30.0,1136.77,388.92333333333335,United Kingdom,1,4,3,4,434,Loyal Customers
13501,2011-02-24 18:59:00,1,1340.32,560,52,288,-29.85,1310.47,1340.32,Switzerland,0,1,1,4,114,Lost / Low-Value
13502,2011-11-23 10:39:00,3,292.0,264,17,17,0.0,292.0,97.33333333333333,United Kingdom,1,4,3,2,432,Loyal Customers
13503,2011-09-29 13:23:00,1,216.85,248,17,71,0.0,216.85,216.85,United Kingdom,1,3,1,1,311,Needs Attention
13504,2011-10-06 13:20:00,1,295.93,178,22,64,0.0,295.93,295.93,United Kingdom,1,3,1,2,312,Needs Attention
13505,2011-09-28 11:56:00,4,3633.63,2467,181,73,-110.75,3522.88,908.4075,Switzerland,0,2,4,5,245,At-Risk High-Value
13506,2011-01-27 13:53:00,2,458.52,324,26,316,-5.7,452.82,229.26,United Kingdom,1,1,2,2,122,Lost / Low-Value
13507,2011-12-06 13:13:00,4,2479.16,1597,146,3,0.0,2479.16,619.79,United Kingdom,1,5,4,5,545,Champions
13508,2011-04-10 11:58:00,1,110.97,24,12,244,0.0,110.97,110.97,United Kingdom,1,1,1,1,111,Lost / Low-Value
13509,2011-12-01 10:10:00,6,964.72,1105,26,9,0.0,964.72,160.78666666666666,United Kingdom,1,5,5,4,554,Champions
13510,2011-12-08 13:46:00,4,1791.56,1386,86,1,-6.4,1785.1599999999999,447.89,United Kingdom,1,5,4,4,544,Champions
13512,2011-03-24 10:03:00,1,251.21,143,15,261,0.0,251.21,251.21,United Kingdom,1,1,1,2,112,Lost / Low-Value
13513,2011-08-05 11:50:00,1,205.1,109,10,127,0.0,205.1,205.1,United Kingdom,1,2,1,1,211,Lost / Low-Value
13514,2011-09-27 09:39:00,1,152.20000000000002,40,4,74,0.0,152.20000000000002,152.20000000000002,United Kingdom,1,2,1,1,211,Lost / Low-Value
13515,2011-09-28 11:26:00,4,891.12,681,50,73,0.0,891.12,222.78,United Kingdom,1,2,4,3,243,At-Risk High-Value
13516,2011-11-18 13:15:00,3,1389.41,985,43,21,0.0,1389.41,463.1366666666667,United Kingdom,1,4,3,4,434,Loyal Customers
13517,2011-10-11 11:43:00,3,2128.42,1369,125,60,-19.35,2109.07,709.4733333333334,United Kingdom,1,3,3,5,335,Loyal Customers
13518,2011-09-15 10:29:00,1,627.16,382,36,86,0.0,627.16,627.16,United Kingdom,1,2,1,3,213,Lost / Low-Value
13519,2011-09-22 18:24:00,1,122.75,23,8,78,-11.95,110.8,122.75,United Kingdom,1,2,1,1,211,Lost / Low-Value
13520,2011-10-12 10:20:00,6,2984.35,1633,48,59,-16.6,2967.75,497.39166666666665,Switzerland,0,3,5,5,355,Loyal Customers
13521,2011-12-08 13:50:00,3,1070.47,715,312,1,0.0,1070.47,356.8233333333333,United Kingdom,1,5,3,4,534,Loyal Customers
13522,2011-11-09 15:11:00,1,125.80000000000001,44,5,30,0.0,125.80000000000001,125.80000000000001,United Kingdom,1,4,1,1,411,New Inflow
13523,2011-11-06 15:11:00,5,3964.88,1752,157,33,-209.5,3755.38,792.976,United Kingdom,1,3,4,5,345,Loyal Customers
13524,2011-10-30 12:34:00,5,680.1800000000001,324,17,41,0.0,680.1800000000001,136.036,United Kingdom,1,3,4,3,343,Loyal Customers
13525,2011-11-25 12:01:00,2,628.78,394,5,15,0.0,628.78,314.39,United Kingdom,1,4,2,3,423,New Inflow
13527,2011-11-06 12:04:00,7,2242.36,1683,153,34,-23.75,2218.61,320.33714285714285,United Kingdom,1,3,5,5,355,Loyal Customers
13529,2011-09-22 09:15:00,2,307.76,74,15,79,0.0,307.76,153.88,United Kingdom,1,2,2,2,222,Lost / Low-Value
13531,2011-05-18 16:56:00,2,483.8,174,17,205,0.0,483.8,241.9,United Kingdom,1,1,2,3,123,Lost / Low-Value
13532,2011-11-06 12:25:00,1,210.31,129,66,34,0.0,210.31,210.31,United Kingdom,1,3,1,1,311,Needs Attention
13533,2011-06-10 11:54:00,3,269.09,202,61,183,0.0,269.09,89.69666666666666,United Kingdom,1,1,3,2,132,Needs Attention
13534,2011-12-07 14:52:00,25,5870.08,2961,119,2,-257.0,5613.08,234.8032,United Kingdom,1,5,5,5,555,Champions
13536,2011-12-08 16:38:00,7,3444.39,2126,91,1,0.0,3444.39,492.05571428571426,United Kingdom,1,5,5,5,555,Champions
13538,2011-10-27 16:34:00,7,1280.85,175,10,43,0.0,1280.85,182.97857142857143,United Kingdom,1,3,5,4,354,Loyal Customers
13539,2011-09-15 10:18:00,3,631.34,320,35,86,-25.5,605.84,210.4466666666667,United Kingdom,1,2,3,3,233,At-Risk High-Value
13544,2011-10-31 11:57:00,2,276.06,112,76,40,0.0,276.06,138.03,United Kingdom,1,3,2,2,322,Needs Attention
13546,2011-11-27 14:50:00,3,621.09,357,72,12,0.0,621.09,207.03,United Kingdom,1,5,3,3,533,Loyal Customers
13548,2011-09-04 14:50:00,2,678.16,436,114,96,0.0,678.16,339.08,United Kingdom,1,2,2,3,223,Lost / Low-Value
13549,2011-11-14 09:20:00,7,918.2,458,37,26,-2.08,916.12,131.17142857142858,United Kingdom,1,4,5,4,454,Champions
13551,2011-01-24 14:46:00,1,91.80000000000001,12,4,319,0.0,91.80000000000001,91.80000000000001,United Kingdom,1,1,1,1,111,Lost / Low-Value
13552,2011-10-04 15:19:00,12,3740.07,1417,82,66,-200.54,3539.53,311.6725,United Kingdom,1,3,5,5,355,Loyal Customers
13555,2011-09-27 12:36:00,4,4098.88,2636,128,74,0.0,4098.88,1024.72,United Kingdom,1,2,4,5,245,At-Risk High-Value
13557,2011-11-11 15:24:00,2,584.0600000000001,546,31,28,0.0,584.0600000000001,292.03000000000003,United Kingdom,1,4,2,3,423,New Inflow
13558,2011-12-04 11:24:00,4,594.52,338,123,6,0.0,594.52,148.63,United Kingdom,1,5,4,3,543,Loyal Customers
13560,2011-12-02 13:11:00,1,171.42000000000002,63,32,7,0.0,171.42000000000002,171.42000000000002,United Kingdom,1,5,1,1,511,New Inflow
13561,2011-05-08 12:39:00,1,141.85999999999999,83,14,216,0.0,141.85999999999999,141.85999999999999,United Kingdom,1,1,1,1,111,Lost / Low-Value
13562,2011-09-19 10:51:00,3,1799.3300000000002,757,50,82,0.0,1799.3300000000002,599.7766666666668,United Kingdom,1,2,3,4,234,At-Risk High-Value
13563,2011-09-16 14:45:00,2,777.53,209,49,84,0.0,777.53,388.765,United Kingdom,1,2,2,3,223,Lost / Low-Value
13564,2010-12-20 16:50:00,2,1174.03,635,67,354,0.0,1174.03,587.015,United Kingdom,1,1,2,4,124,Lost / Low-Value
13565,2011-11-20 14:33:00,2,240.22,172,35,19,0.0,240.22,120.11,United Kingdom,1,4,2,1,421,New Inflow
13566,2011-10-30 11:59:00,2,856.84,567,134,41,0.0,856.84,428.42,United Kingdom,1,3,2,3,323,Needs Attention
13568,2011-06-19 14:42:00,1,187.05,66,41,173,0.0,187.05,187.05,United Kingdom,1,2,1,1,211,Lost / Low-Value
13569,2011-11-22 13:07:00,2,337.12,155,72,17,0.0,337.12,168.56,United Kingdom,1,4,2,2,422,New Inflow
13570,2011-04-10 13:36:00,1,239.49,161,27,243,0.0,239.49,239.49,United Kingdom,1,1,1,1,111,Lost / Low-Value
13571,2011-11-27 10:47:00,12,2088.94,1757,157,13,0.0,2088.94,174.07833333333335,United Kingdom,1,5,5,5,555,Champions
13572,2011-05-18 11:59:00,1,1384.25,534,32,206,0.0,1384.25,1384.25,United Kingdom,1,1,1,4,114,Lost / Low-Value
13573,2011-10-20 14:33:00,2,290.25,302,24,50,0.0,290.25,145.125,United Kingdom,1,3,2,2,322,Needs Attention
13575,2011-11-16 13:14:00,5,732.07,449,41,23,0.0,732.07,146.41400000000002,United Kingdom,1,4,4,3,443,Loyal Customers
13576,2011-11-29 15:34:00,18,6717.34,2646,78,10,-14.040000000000001,6703.3,373.18555555555554,United Kingdom,1,5,5,5,555,Champions
13577,2011-11-14 15:19:00,4,1687.6000000000001,791,61,25,-29.3,1658.3000000000002,421.90000000000003,United Kingdom,1,4,4,4,444,Champions
13579,2011-11-25 08:41:00,2,467.04,176,19,15,0.0,467.04,233.52,United Kingdom,1,4,2,2,422,New Inflow
13581,2011-02-03 14:41:00,1,118.0,30,10,309,0.0,118.0,118.0,United Kingdom,1,1,1,1,111,Lost / Low-Value
13583,2011-07-07 10:40:00,1,781.03,725,53,156,0.0,781.03,781.03,United Kingdom,1,2,1,3,213,Lost / Low-Value
13584,2011-02-06 12:49:00,1,142.4,37,24,307,0.0,142.4,142.4,United Kingdom,1,1,1,1,111,Lost / Low-Value
13587,2011-10-07 12:31:00,1,712.4,180,8,64,-365.4,347.0,712.4,United Kingdom,1,3,1,2,312,Needs Attention
13588,2011-11-24 10:42:00,9,2478.95,2606,131,16,-29.42,2449.5299999999997,275.43888888888887,United Kingdom,1,4,5,5,455,Champions
13589,2011-11-25 12:10:00,2,379.65,114,21,15,0.0,379.65,189.825,United Kingdom,1,4,2,2,422,New Inflow
13590,2011-11-28 12:54:00,6,1981.92,1848,70,11,-5.800000000000001,1976.1200000000001,330.32,United Kingdom,1,5,5,4,554,Champions
13591,2011-10-06 12:26:00,3,1117.13,485,56,65,0.0,1117.13,372.3766666666667,United Kingdom,1,3,3,4,334,Loyal Customers
13592,2011-11-04 09:49:00,4,247.95999999999998,84,15,36,0.0,247.95999999999998,61.989999999999995,United Kingdom,1,3,4,2,342,Loyal Customers
13593,2011-08-23 13:35:00,5,2011.88,719,77,108,-46.8,1965.0800000000002,402.37600000000003,United Kingdom,1,2,4,4,244,At-Risk High-Value
13594,2011-10-18 10:19:00,1,396.97,359,26,53,0.0,396.97,396.97,United Kingdom,1,3,1,2,312,Needs Attention
13596,2011-12-04 12:01:00,2,664.11,384,133,6,0.0,664.11,332.055,United Kingdom,1,5,2,3,523,New Inflow
13598,2011-10-23 14:28:00,1,160.04,52,33,47,-12.75,147.29,160.04,United Kingdom,1,3,1,1,311,Needs Attention
13599,2011-12-08 16:10:00,21,5149.92,3293,171,1,-121.35,5028.57,245.2342857142857,United Kingdom,1,5,5,5,555,Champions
13600,2011-01-31 15:27:00,1,219.52,324,19,312,0.0,219.52,219.52,United Kingdom,1,1,1,1,111,Lost / Low-Value
13601,2011-10-25 17:31:00,2,693.32,548,90,45,0.0,693.32,346.66,United Kingdom,1,3,2,3,323,Needs Attention
13602,2011-10-06 11:47:00,1,428.89,267,23,65,0.0,428.89,428.89,United Kingdom,1,3,1,2,312,Needs Attention
13603,2011-11-13 15:57:00,1,164.34,164,27,26,0.0,164.34,164.34,United Kingdom,1,4,1,1,411,New Inflow
13606,2011-11-10 17:46:00,3,276.75,276,40,29,0.0,276.75,92.25,United Kingdom,1,4,3,2,432,Loyal Customers
13607,2011-10-30 16:17:00,1,675.51,288,93,40,0.0,675.51,675.51,United Kingdom,1,3,1,3,313,Needs Attention
13610,2011-11-27 15:38:00,7,1082.33,488,165,12,-16.45,1065.8799999999999,154.6185714285714,United Kingdom,1,5,5,4,554,Champions
13611,2011-09-11 14:51:00,3,1154.4,754,67,89,-13.6,1140.8000000000002,384.8,United Kingdom,1,2,3,4,234,At-Risk High-Value
13614,2011-11-15 14:47:00,4,1585.46,564,171,24,0.0,1585.46,396.365,United Kingdom,1,4,4,4,444,Champions
13615,2011-01-25 08:21:00,1,417.69,189,23,319,-17.700000000000003,399.99,417.69,United Kingdom,1,1,1,2,112,Lost / Low-Value
13617,2011-10-30 13:50:00,3,544.18,300,31,40,0.0,544.18,181.39333333333332,United Kingdom,1,3,3,3,333,Loyal Customers
13618,2011-06-19 11:09:00,1,177.34,246,13,174,0.0,177.34,177.34,United Kingdom,1,2,1,1,211,Lost / Low-Value
13621,2011-08-15 08:26:00,1,213.85,343,19,117,0.0,213.85,213.85,United Kingdom,1,2,1,1,211,Lost / Low-Value
13623,2011-11-09 12:00:00,5,727.74,286,75,31,-31.54,696.2,145.548,United Kingdom,1,4,4,3,443,Loyal Customers
13626,2011-04-01 10:05:00,1,257.23,209,19,253,0.0,257.23,257.23,United Kingdom,1,1,1,2,112,Lost / Low-Value
13627,2011-10-11 14:20:00,5,1638.47,1269,84,59,-14.45,1624.02,327.694,United Kingdom,1,3,4,4,344,Loyal Customers
13629,2011-11-16 13:21:00,11,7792.36,4372,28,23,0.0,7792.36,708.3963636363636,United Kingdom,1,4,5,5,455,Champions
13630,2011-12-04 15:16:00,7,2031.78,1391,51,5,-36.1,1995.68,290.2542857142857,United Kingdom,1,5,5,4,554,Champions
13631,2011-09-01 09:57:00,11,3070.42,467,6,100,-48.65,3021.77,279.1290909090909,United Kingdom,1,2,5,5,255,At-Risk High-Value
13632,2011-11-15 10:51:00,5,2118.93,1031,121,25,-4.25,2114.68,423.78599999999994,United Kingdom,1,4,4,5,445,Champions
13634,2011-11-06 13:40:00,5,1547.3600000000001,700,156,33,0.0,1547.3600000000001,309.47200000000004,United Kingdom,1,3,4,4,344,Loyal Customers
13635,2011-10-03 10:55:00,1,1071.03,677,62,68,0.0,1071.03,1071.03,United Kingdom,1,3,1,4,314,Needs Attention
13636,2011-11-03 10:30:00,5,949.12,592,57,37,-7.5,941.62,189.824,United Kingdom,1,3,4,4,344,Loyal Customers
13637,2011-10-18 13:32:00,3,803.05,404,78,52,0.0,803.05,267.68333333333334,United Kingdom,1,3,3,3,333,Loyal Customers
13638,2011-11-24 10:38:00,1,122.64,93,8,16,0.0,122.64,122.64,United Kingdom,1,4,1,1,411,New Inflow
13639,2011-09-26 13:36:00,1,1033.34,800,39,74,0.0,1033.34,1033.34,United Kingdom,1,2,1,4,214,Lost / Low-Value
13642,2011-05-08 12:34:00,1,312.28,151,57,216,0.0,312.28,312.28,United Kingdom,1,1,1,2,112,Lost / Low-Value
13643,2011-11-08 15:37:00,3,519.44,273,24,31,0.0,519.44,173.14666666666668,United Kingdom,1,4,3,3,433,Loyal Customers
13644,2011-11-23 14:07:00,4,2624.26,2067,144,16,-26.74,2597.5200000000004,656.065,United Kingdom,1,4,4,5,445,Champions
13645,2011-08-11 16:11:00,1,252.1,158,5,120,0.0,252.1,252.1,United Kingdom,1,2,1,2,212,Lost / Low-Value
13647,2011-11-30 12:00:00,4,1648.1200000000001,887,65,10,-7.9,1640.22,412.03000000000003,United Kingdom,1,5,4,4,544,Champions
13649,2011-03-28 11:51:00,2,346.6,139,23,257,0.0,346.6,173.3,United Kingdom,1,1,2,2,122,Lost / Low-Value
13650,2011-11-23 12:22:00,6,1836.3400000000001,922,79,17,-27.0,1809.3400000000001,306.0566666666667,United Kingdom,1,4,5,4,454,Champions
13651,2011-10-31 12:11:00,1,79.2,32,5,40,0.0,79.2,79.2,United Kingdom,1,3,1,1,311,Needs Attention
13652,2011-10-25 08:51:00,3,1095.08,578,48,46,0.0,1095.08,365.02666666666664,United Kingdom,1,3,3,4,334,Loyal Customers
13654,2011-10-27 16:24:00,6,2707.33,2182,157,43,0.0,2707.33,451.22166666666664,United Kingdom,1,3,5,5,355,Loyal Customers
13655,2011-08-17 14:25:00,2,932.97,605,52,114,0.0,932.97,466.485,United Kingdom,1,2,2,4,224,Lost / Low-Value
13656,2011-06-28 10:31:00,2,379.65,490,49,165,0.0,379.65,189.825,United Kingdom,1,2,2,2,222,Lost / Low-Value
13657,2011-11-29 12:32:00,2,382.14,209,16,11,0.0,382.14,191.07,United Kingdom,1,5,2,2,522,New Inflow
13658,2011-11-30 10:13:00,5,2639.17,1019,91,10,-217.7,2421.4700000000003,527.8340000000001,United Kingdom,1,5,4,5,545,Champions
13659,2011-05-18 12:37:00,2,1563.0,882,92,206,-22.35,1540.65,781.5,United Kingdom,1,1,2,4,124,Lost / Low-Value
13662,2011-09-15 12:04:00,3,881.26,533,50,86,-18.68,862.58,293.75333333333333,United Kingdom,1,2,3,3,233,At-Risk High-Value
13663,2011-06-13 15:44:00,1,189.47,91,13,179,0.0,189.47,189.47,United Kingdom,1,2,1,1,211,Lost / Low-Value
13666,2011-10-10 15:39:00,3,84.65,41,12,60,0.0,84.65,28.21666666666667,United Kingdom,1,3,3,1,331,Loyal Customers
13667,2011-07-13 15:42:00,1,299.05,149,82,149,0.0,299.05,299.05,United Kingdom,1,2,1,2,212,Lost / Low-Value
13668,2011-12-07 12:11:00,21,6309.83,3722,284,3,-147.52,6162.3099999999995,300.46809523809526,United Kingdom,1,5,5,5,555,Champions
13669,2011-10-20 09:32:00,2,218.55,237,9,51,0.0,218.55,109.275,United Kingdom,1,3,2,1,321,Needs Attention
13670,2011-09-25 15:25:00,1,349.7,282,25,75,0.0,349.7,349.7,United Kingdom,1,2,1,2,212,Lost / Low-Value
13673,2011-11-21 12:11:00,2,387.44,114,47,19,0.0,387.44,193.72,United Kingdom,1,4,2,2,422,New Inflow
13675,2011-07-11 12:57:00,2,486.82000000000005,330,25,151,0.0,486.82000000000005,243.41000000000003,United Kingdom,1,2,2,3,223,Lost / Low-Value
13678,2011-07-11 10:14:00,1,232.6,924,16,152,0.0,232.6,232.6,United Kingdom,1,2,1,1,211,Lost / Low-Value
13680,2011-12-08 13:47:00,4,3719.12,1934,164,1,-1520.11,2199.01,929.78,United Kingdom,1,5,4,5,545,Champions
13681,2011-11-22 11:13:00,4,827.83,360,37,18,0.0,827.83,206.9575,United Kingdom,1,4,4,3,443,Loyal Customers
13682,2011-06-05 14:06:00,1,59.5,10,3,187,0.0,59.5,59.5,United Kingdom,1,1,1,1,111,Lost / Low-Value
13684,2011-02-27 10:13:00,1,65.13,38,29,286,-3.0,62.129999999999995,65.13,United Kingdom,1,1,1,1,111,Lost / Low-Value
13685,2011-12-07 11:41:00,7,3119.44,5056,29,3,0.0,3119.44,445.63428571428574,United Kingdom,1,5,5,5,555,Champions
13686,2011-06-10 09:10:00,1,72.0,70,8,183,0.0,72.0,72.0,United Kingdom,1,1,1,1,111,Lost / Low-Value
13689,2011-10-07 13:21:00,1,910.0,512,6,63,0.0,910.0,910.0,United Kingdom,1,3,1,3,313,Needs Attention
13690,2011-10-11 15:03:00,1,172.25,67,9,59,0.0,172.25,172.25,United Kingdom,1,3,1,1,311,Needs Attention
13692,2011-11-15 11:17:00,3,1488.32,1226,48,25,-14.95,1473.37,496.1066666666666,United Kingdom,1,4,3,4,434,Loyal Customers
13694,2011-12-06 09:32:00,50,65039.62,63312,366,4,-2078.08,62961.54,1300.7924,United Kingdom,1,5,5,5,555,Champions
13695,2011-11-08 14:26:00,15,2504.13,1603,46,31,0.0,2504.13,166.942,United Kingdom,1,4,5,5,455,Champions
13697,2011-11-01 09:14:00,1,151.3,177,12,39,0.0,151.3,151.3,United Kingdom,1,3,1,1,311,Needs Attention
13699,2011-07-07 16:51:00,1,308.58000000000004,66,14,155,0.0,308.58000000000004,308.58000000000004,United Kingdom,1,2,1,2,212,Lost / Low-Value
13700,2011-11-13 13:00:00,10,2248.63,2281,139,26,0.0,2248.63,224.863,United Kingdom,1,4,5,5,455,Champions
13703,2011-01-25 13:10:00,1,99.5,10,1,318,0.0,99.5,99.5,United Kingdom,1,1,1,1,111,Lost / Low-Value
13704,2011-12-04 15:13:00,9,2308.06,1531,111,5,-12.75,2295.31,256.4511111111111,United Kingdom,1,5,5,5,555,Champions
13705,2011-12-02 12:32:00,3,711.86,363,25,8,0.0,711.86,237.28666666666666,United Kingdom,1,5,3,3,533,Loyal Customers
13706,2011-02-10 09:21:00,1,330.79,189,20,303,0.0,330.79,330.79,United Kingdom,1,1,1,2,112,Lost / Low-Value
13707,2011-03-17 18:03:00,2,806.41,351,48,267,0.0,806.41,403.205,United Kingdom,1,1,2,3,123,Lost / Low-Value
13708,2011-03-13 13:46:00,1,283.33,300,48,271,0.0,283.33,283.33,United Kingdom,1,1,1,2,112,Lost / Low-Value
13709,2011-12-06 10:28:00,13,6307.650000000001,3508,244,4,-78.94,6228.710000000001,485.2038461538462,United Kingdom,1,5,5,5,555,Champions
13710,2011-11-08 08:16:00,1,180.48,176,8,32,0.0,180.48,180.48,United Kingdom,1,4,1,1,411,New Inflow
13711,2011-05-05 10:31:00,2,252.06,140,11,219,0.0,252.06,126.03,United Kingdom,1,1,2,2,122,Lost / Low-Value
13712,2011-04-07 12:33:00,1,228.84,352,10,247,0.0,228.84,228.84,United Kingdom,1,1,1,1,111,Lost / Low-Value
13715,2011-03-03 19:21:00,5,1077.39,562,89,281,-25.4,1051.99,215.478,United Kingdom,1,1,4,4,144,At-Risk High-Value
13716,2011-03-15 13:49:00,1,138.28,138,21,269,0.0,138.28,138.28,United Kingdom,1,1,1,1,111,Lost / Low-Value
13717,2011-11-07 14:13:00,6,1445.01,1959,92,32,-12.75,1432.26,240.835,United Kingdom,1,4,5,4,454,Champions
13718,2011-04-07 13:24:00,2,306.55,173,9,246,0.0,306.55,153.275,United Kingdom,1,1,2,2,122,Lost / Low-Value
13719,2011-11-24 15:26:00,5,1041.68,609,56,15,0.0,1041.68,208.336,United Kingdom,1,4,4,4,444,Champions
13720,2011-08-15 12:46:00,4,799.9,501,42,117,0.0,799.9,199.975,United Kingdom,1,2,4,3,243,At-Risk High-Value
13721,2011-11-03 14:05:00,1,524.14,316,28,36,0.0,524.14,524.14,United Kingdom,1,3,1,3,313,Needs Attention
13722,2011-07-31 12:44:00,3,2375.41,1401,75,132,-6.25,2369.16,791.8033333333333,United Kingdom,1,2,3,5,235,At-Risk High-Value
13723,2011-05-06 17:04:00,1,199.85000000000002,43,6,217,0.0,199.85000000000002,199.85000000000002,United Kingdom,1,1,1,1,111,Lost / Low-Value
13725,2011-10-21 10:03:00,8,1980.56,806,95,50,-170.75,1809.81,247.57,United Kingdom,1,3,5,4,354,Loyal Customers
13726,2011-11-01 10:49:00,2,1079.66,1054,39,39,0.0,1079.66,539.83,United Kingdom,1,3,2,4,324,Needs Attention
13727,2011-11-11 09:46:00,2,333.48,162,19,29,0.0,333.48,166.74,United Kingdom,1,4,2,2,422,New Inflow
13728,2011-11-03 10:49:00,6,1016.14,458,38,37,0.0,1016.14,169.35666666666665,United Kingdom,1,3,5,4,354,Loyal Customers
13730,2011-07-27 08:35:00,2,752.6,488,38,136,0.0,752.6,376.3,United Kingdom,1,2,2,3,223,Lost / Low-Value
13731,2011-05-04 14:33:00,2,610.59,278,36,219,0.0,610.59,305.295,United Kingdom,1,1,2,3,123,Lost / Low-Value
13732,2011-11-11 15:49:00,1,491.86,498,33,28,0.0,491.86,491.86,United Kingdom,1,4,1,3,413,New Inflow
13735,2011-11-15 11:14:00,4,2883.54,1128,158,25,-119.06,2764.48,720.885,United Kingdom,1,4,4,5,445,Champions
13736,2011-12-04 15:19:00,2,729.8,496,166,5,-7.9,721.9,364.9,United Kingdom,1,5,2,3,523,New Inflow
13737,2011-05-23 16:32:00,1,339.6,125,29,200,0.0,339.6,339.6,United Kingdom,1,1,1,2,112,Lost / Low-Value
13739,2011-11-21 13:35:00,1,216.9,54,3,18,0.0,216.9,216.9,United Kingdom,1,4,1,1,411,New Inflow
13740,2011-04-13 10:32:00,1,350.75,425,23,241,0.0,350.75,350.75,United Kingdom,1,1,1,2,112,Lost / Low-Value
13741,2011-09-29 09:19:00,3,668.4300000000001,218,34,72,-2.1,666.33,222.81000000000003,United Kingdom,1,2,3,3,233,At-Risk High-Value
13742,2011-11-23 11:07:00,12,3107.87,1115,200,17,-28.599999999999998,3079.27,258.9891666666667,United Kingdom,1,4,5,5,455,Champions
13743,2011-12-07 10:09:00,7,1341.6,1776,8,3,-1.45,1340.1499999999999,191.65714285714284,United Kingdom,1,5,5,4,554,Champions
13744,2011-09-05 15:19:00,2,1080.52,1153,54,95,0.0,1080.52,540.26,United Kingdom,1,2,2,4,224,Lost / Low-Value
13745,2011-06-30 16:43:00,1,300.04,496,25,162,-8.5,291.54,300.04,United Kingdom,1,2,1,2,212,Lost / Low-Value
13747,2010-12-01 10:37:00,1,79.6,8,1,374,0.0,79.6,79.6,United Kingdom,1,1,1,1,111,Lost / Low-Value
13748,2011-09-05 09:45:00,5,948.25,439,24,96,0.0,948.25,189.65,United Kingdom,1,2,4,4,244,At-Risk High-Value
13750,2011-10-17 12:16:00,5,1647.26,516,20,54,0.0,1647.26,329.452,United Kingdom,1,3,4,4,344,Loyal Customers
13751,2011-02-24 15:56:00,1,296.25,152,9,288,0.0,296.25,296.25,United Kingdom,1,1,1,2,112,Lost / Low-Value
13752,2011-08-07 14:16:00,6,1175.38,874,64,124,0.0,1175.38,195.89666666666668,United Kingdom,1,2,5,4,254,At-Risk High-Value
13753,2011-02-25 12:48:00,1,741.26,512,35,288,0.0,741.26,741.26,United Kingdom,1,1,1,3,113,Lost / Low-Value
13754,2011-07-11 11:51:00,2,282.6,214,11,152,0.0,282.6,141.3,United Kingdom,1,2,2,2,222,Lost / Low-Value
13755,2011-12-06 12:26:00,9,2108.06,1242,232,4,-6.67,2101.39,234.2288888888889,United Kingdom,1,5,5,5,555,Champions
13756,2011-12-07 16:44:00,14,5189.52,3188,66,2,-44.400000000000006,5145.120000000001,370.68,United Kingdom,1,5,5,5,555,Champions
13758,2011-11-28 11:11:00,7,3190.55,1844,104,12,0.0,3190.55,455.79285714285714,United Kingdom,1,5,5,5,555,Champions
13759,2011-11-06 14:47:00,2,659.4100000000001,287,24,33,0.0,659.4100000000001,329.70500000000004,United Kingdom,1,3,2,3,323,Needs Attention
13760,2011-10-16 16:13:00,2,286.79,197,50,54,0.0,286.79,143.395,United Kingdom,1,3,2,2,322,Needs Attention
13761,2011-10-20 14:01:00,2,1070.65,642,68,50,0.0,1070.65,535.325,United Kingdom,1,3,2,4,324,Needs Attention
13763,2011-10-07 15:13:00,1,1714.96,728,15,63,-25.5,1689.46,1714.96,United Kingdom,1,3,1,4,314,Needs Attention
13764,2011-09-30 12:03:00,3,1516.42,923,182,71,0.0,1516.42,505.47333333333336,United Kingdom,1,3,3,4,334,Loyal Customers
13767,2011-12-07 15:00:00,37,17220.36,7322,55,2,-274.65000000000003,16945.71,465.41513513513513,United Kingdom,1,5,5,5,555,Champions
13769,2011-12-07 15:08:00,10,2796.51,1163,73,2,-24.64,2771.8700000000003,279.651,United Kingdom,1,5,5,5,555,Champions
13771,2011-10-06 14:18:00,4,2634.45,1477,114,64,-2.75,2631.7,658.6125,United Kingdom,1,3,4,5,345,Loyal Customers
13772,2011-11-06 11:43:00,3,1122.63,540,141,34,0.0,1122.63,374.21000000000004,United Kingdom,1,3,3,4,334,Loyal Customers
13774,2011-09-19 12:06:00,1,345.0,192,22,82,0.0,345.0,345.0,United Kingdom,1,2,1,2,212,Lost / Low-Value
13777,2011-12-09 12:25:00,33,25977.16,12897,36,1,-219.06,25758.1,787.1866666666666,United Kingdom,1,5,5,5,555,Champions
13778,2011-08-28 15:25:00,1,178.7,70,9,103,0.0,178.7,178.7,United Kingdom,1,2,1,1,211,Lost / Low-Value
13780,2011-12-02 13:49:00,2,360.01,318,56,7,0.0,360.01,180.005,United Kingdom,1,5,2,2,522,New Inflow
13781,2011-04-03 12:08:00,1,127.84,30,17,251,0.0,127.84,127.84,United Kingdom,1,1,1,1,111,Lost / Low-Value
13782,2011-11-27 11:54:00,6,908.86,369,96,13,0.0,908.86,151.47666666666666,United Kingdom,1,5,5,3,553,Loyal Customers
13784,2011-11-30 09:33:00,11,2462.79,2493,9,10,0.0,2462.79,223.89,United Kingdom,1,5,5,5,555,Champions
13786,2010-12-07 13:53:00,1,230.4,136,7,367,0.0,230.4,230.4,United Kingdom,1,1,1,1,111,Lost / Low-Value
13787,2011-09-25 12:06:00,2,309.04,337,24,76,0.0,309.04,154.52,United Kingdom,1,2,2,2,222,Lost / Low-Value
13790,2011-12-05 15:48:00,1,348.79999999999995,748,45,4,0.0,348.79999999999995,348.79999999999995,United Kingdom,1,5,1,2,512,New Inflow
13791,2011-08-04 11:44:00,2,1516.0,1200,7,128,-468.32,1047.68,758.0,United Kingdom,1,2,2,4,224,Lost / Low-Value
13792,2011-10-04 14:31:00,2,195.55,92,13,66,0.0,195.55,97.775,United Kingdom,1,3,2,1,321,Needs Attention
13798,2011-12-08 15:51:00,57,37153.85,23948,113,1,-800.98,36352.869999999995,651.8219298245614,United Kingdom,1,5,5,5,555,Champions
13799,2011-08-15 12:07:00,2,688.86,402,32,117,0.0,688.86,344.43,United Kingdom,1,2,2,3,223,Lost / Low-Value
13800,2011-02-03 12:27:00,1,558.32,331,33,310,0.0,558.32,558.32,United Kingdom,1,1,1,3,113,Lost / Low-Value
13801,2011-10-04 10:15:00,1,324.8,168,23,67,0.0,324.8,324.8,United Kingdom,1,3,1,2,312,Needs Attention
13802,2011-07-24 10:54:00,3,4599.42,2572,55,139,-693.15,3906.27,1533.14,United Kingdom,1,2,3,5,235,At-Risk High-Value
13803,2011-03-29 12:57:00,1,277.07,121,17,255,0.0,277.07,277.07,United Kingdom,1,1,1,2,112,Lost / Low-Value
13804,2011-11-09 12:32:00,7,2588.39,1462,124,31,0.0,2588.39,369.77,United Kingdom,1,4,5,5,455,Champions
13805,2011-10-18 14:50:00,2,924.5999999999999,1900,10,52,0.0,924.5999999999999,462.29999999999995,United Kingdom,1,3,2,4,324,Needs Attention
13806,2011-10-07 11:43:00,1,256.38,56,10,64,0.0,256.38,256.38,United Kingdom,1,3,1,2,312,Needs Attention
13807,2010-12-07 15:48:00,1,112.6,36,7,367,0.0,112.6,112.6,United Kingdom,1,1,1,1,111,Lost / Low-Value
13808,2011-12-04 12:18:00,5,1747.66,782,70,6,0.0,1747.66,349.53200000000004,United Kingdom,1,5,4,4,544,Champions
13809,2011-02-07 13:15:00,1,155.05,29,11,305,0.0,155.05,155.05,Cyprus,0,1,1,1,111,Lost / Low-Value
13810,2011-11-11 08:33:00,2,827.51,307,30,29,0.0,827.51,413.755,Germany,0,4,2,3,423,New Inflow
13811,2011-06-09 09:54:00,2,519.75,63,5,184,0.0,519.75,259.875,Germany,0,1,2,3,123,Lost / Low-Value
13812,2011-10-28 14:27:00,3,485.0,330,32,42,0.0,485.0,161.66666666666666,Germany,0,3,3,3,333,Loyal Customers
13813,2011-10-31 10:38:00,4,1168.8600000000001,541,53,40,-13.45,1155.41,292.21500000000003,Germany,0,3,4,4,344,Loyal Customers
13814,2011-09-08 13:48:00,2,1579.12,864,37,92,-17.0,1562.12,789.56,Germany,0,2,2,4,224,Lost / Low-Value
13815,2011-11-17 14:19:00,4,3667.36,2540,131,22,-12.45,3654.9100000000003,916.84,Germany,0,4,4,5,445,Champions
13816,2011-11-16 08:38:00,2,499.67,265,24,24,-16.63,483.04,249.835,Germany,0,4,2,3,423,New Inflow
13817,2011-11-10 17:49:00,2,328.98,208,19,29,0.0,328.98,164.49,Germany,0,4,2,2,422,New Inflow
13819,2011-02-11 10:38:00,3,1140.35,1109,26,302,0.0,1140.35,380.1166666666666,United Kingdom,1,1,3,4,134,At-Risk High-Value
13821,2011-07-18 09:49:00,2,385.64,153,51,145,0.0,385.64,192.82,United Kingdom,1,2,2,2,222,Lost / Low-Value
13822,2011-12-04 12:13:00,2,632.0,611,90,6,0.0,632.0,316.0,United Kingdom,1,5,2,3,523,New Inflow
13823,2011-11-21 10:22:00,2,957.66,439,39,19,0.0,957.66,478.83,United Kingdom,1,4,2,4,424,New Inflow
13824,2011-11-07 12:41:00,5,1698.94,768,34,33,0.0,1698.94,339.788,United Kingdom,1,3,4,4,344,Loyal Customers
13826,2011-06-16 13:48:00,1,189.5,82,10,176,-9.95,179.55,189.5,United Kingdom,1,2,1,1,211,Lost / Low-Value
13827,2011-10-13 12:38:00,3,409.8,138,83,58,0.0,409.8,136.6,United Kingdom,1,3,3,2,332,Loyal Customers
13828,2011-11-17 16:02:00,1,209.49,311,15,22,0.0,209.49,209.49,United Kingdom,1,4,1,1,411,New Inflow
13831,2011-11-23 15:41:00,6,2198.45,743,58,16,0.0,2198.45,366.4083333333333,United Kingdom,1,4,5,5,455,Champions
13832,2011-11-20 15:36:00,1,52.2,28,3,19,-11.25,40.95,52.2,United Kingdom,1,4,1,1,411,New Inflow
13833,2011-07-03 13:27:00,1,383.85,117,28,159,0.0,383.85,383.85,United Kingdom,1,2,1,2,212,Lost / Low-Value
13835,2011-11-14 15:37:00,4,834.57,442,48,25,0.0,834.57,208.6425,United Kingdom,1,4,4,3,443,Loyal Customers
13837,2011-05-12 12:10:00,2,266.59000000000003,182,17,212,0.0,266.59000000000003,133.29500000000002,United Kingdom,1,1,2,2,122,Lost / Low-Value
13838,2011-12-04 11:00:00,4,674.82,254,144,6,0.0,674.82,168.705,United Kingdom,1,5,4,3,543,Loyal Customers
13841,2011-04-01 12:10:00,1,85.0,100,1,253,0.0,85.0,85.0,United Kingdom,1,1,1,1,111,Lost / Low-Value
13842,2011-10-12 10:51:00,9,3385.62,1768,155,59,0.0,3385.62,376.18,United Kingdom,1,3,5,5,355,Loyal Customers
13844,2011-11-28 13:21:00,1,361.62,196,20,11,0.0,361.62,361.62,United Kingdom,1,5,1,2,512,New Inflow
13845,2011-10-06 08:25:00,1,312.98,182,9,65,0.0,312.98,312.98,United Kingdom,1,3,1,2,312,Needs Attention
13846,2011-11-15 12:07:00,3,865.0600000000001,388,55,25,-17.45,847.61,288.35333333333335,United Kingdom,1,4,3,3,433,Loyal Customers
13848,2011-09-08 12:58:00,3,1255.0,3700,3,92,0.0,1255.0,418.3333333333333,United Kingdom,1,2,3,4,234,At-Risk High-Value
13849,2011-10-19 10:59:00,2,1537.95,1016,97,52,0.0,1537.95,768.975,United Kingdom,1,3,2,4,324,Needs Attention
13850,2011-08-02 14:04:00,1,1595.48,944,93,129,-8.67,1586.81,1595.48,United Kingdom,1,2,1,4,214,Lost / Low-Value
13851,2011-09-05 12:36:00,3,2651.46,1705,77,96,0.0,2651.46,883.82,United Kingdom,1,2,3,5,235,At-Risk High-Value
13853,2011-10-13 14:18:00,1,1090.1399999999999,312,23,57,-33.2,1056.9399999999998,1090.1399999999999,United Kingdom,1,3,1,4,314,Needs Attention
13854,2011-12-01 09:06:00,25,8109.5199999999995,2296,39,9,-84.5,8025.0199999999995,324.38079999999997,United Kingdom,1,5,5,5,555,Champions
13856,2011-06-24 10:03:00,3,388.5,494,10,169,-25.1,363.4,129.5,United Kingdom,1,2,3,2,232,Needs Attention
13858,2011-10-13 16:17:00,1,216.17000000000002,75,11,57,0.0,216.17000000000002,216.17000000000002,United Kingdom,1,3,1,1,311,Needs Attention
13859,2011-01-17 16:14:00,1,201.16,129,27,326,0.0,201.16,201.16,United Kingdom,1,1,1,1,111,Lost / Low-Value
13860,2011-12-08 12:57:00,5,1245.9,591,58,1,-5.9,1240.0,249.18,United Kingdom,1,5,4,4,544,Champions
13862,2011-11-21 16:24:00,8,2209.36,1688,97,18,-22.049999999999997,2187.31,276.17,United Kingdom,1,4,5,5,455,Champions
13863,2011-04-06 10:20:00,1,305.78,224,20,248,-6.22,299.55999999999995,305.78,United Kingdom,1,1,1,2,112,Lost / Low-Value
13865,2011-10-12 13:31:00,4,501.56,204,26,58,0.0,501.56,125.39,United Kingdom,1,3,4,3,343,Loyal Customers
13866,2011-09-26 14:54:00,1,145.67,57,7,74,0.0,145.67,145.67,United Kingdom,1,2,1,1,211,Lost / Low-Value
13867,2011-11-08 15:48:00,3,1005.09,501,51,31,0.0,1005.09,335.03000000000003,United Kingdom,1,4,3,4,434,Loyal Customers
13868,2011-12-02 16:32:00,2,3192.54,1964,32,7,0.0,3192.54,1596.27,United Kingdom,1,5,2,5,525,New Inflow
13869,2011-08-08 13:53:00,4,3083.65,1709,234,123,0.0,3083.65,770.9125,United Kingdom,1,2,4,5,245,At-Risk High-Value
13870,2011-12-07 13:23:00,8,2770.94,1325,91,2,-19.689999999999998,2751.25,346.3675,United Kingdom,1,5,5,5,555,Champions
13871,2011-11-17 10:49:00,13,6403.25,2806,155,23,-13.450000000000001,6389.8,492.5576923076923,United Kingdom,1,4,5,5,455,Champions
13873,2011-08-12 10:08:00,3,389.6,140,21,120,-7.9,381.70000000000005,129.86666666666667,United Kingdom,1,2,3,2,232,Needs Attention
13874,2010-12-16 18:20:00,1,540.45,180,18,358,0.0,540.45,540.45,United Kingdom,1,1,1,3,113,Lost / Low-Value
13875,2011-10-17 09:36:00,5,1786.79,1316,79,54,0.0,1786.79,357.358,United Kingdom,1,3,4,4,344,Loyal Customers
13876,2011-10-07 10:22:00,1,122.7,36,7,64,0.0,122.7,122.7,United Kingdom,1,3,1,1,311,Needs Attention
13877,2011-09-14 15:49:00,1,117.24,108,3,86,0.0,117.24,117.24,United Kingdom,1,2,1,1,211,Lost / Low-Value
13878,2011-10-16 12:19:00,1,1271.57,463,35,55,0.0,1271.57,1271.57,United Kingdom,1,3,1,4,314,Needs Attention
13880,2011-11-18 13:44:00,13,3219.77,1842,125,21,0.0,3219.77,247.67461538461538,United Kingdom,1,4,5,5,455,Champions
13881,2011-12-06 12:50:00,20,17159.52,10118,72,4,-170.0,16989.52,857.976,United Kingdom,1,5,5,5,555,Champions
13882,2011-12-07 11:16:00,5,1191.13,953,54,3,-59.85,1131.2800000000002,238.22600000000003,United Kingdom,1,5,4,4,544,Champions
13883,2011-11-29 10:45:00,5,2674.48,1436,108,11,-132.23,2542.25,534.896,United Kingdom,1,5,4,5,545,Champions
13884,2011-12-02 16:30:00,5,787.6,300,45,7,-6.300000000000001,781.3000000000001,157.52,United Kingdom,1,5,4,3,543,Loyal Customers
13885,2011-06-03 15:07:00,2,506.8,182,28,189,0.0,506.8,253.4,United Kingdom,1,1,2,3,123,Lost / Low-Value
13886,2011-09-29 13:17:00,1,243.56,126,16,71,0.0,243.56,243.56,United Kingdom,1,3,1,2,312,Needs Attention
13887,2011-05-19 17:22:00,1,349.55,147,19,204,0.0,349.55,349.55,United Kingdom,1,1,1,2,112,Lost / Low-Value
13888,2011-08-12 10:13:00,2,595.67,254,38,120,0.0,595.67,297.835,United Kingdom,1,2,2,3,223,Lost / Low-Value
13889,2011-09-08 09:13:00,1,416.90000000000003,146,15,93,0.0,416.90000000000003,416.90000000000003,United Kingdom,1,2,1,2,212,Lost / Low-Value
13890,2011-12-08 15:36:00,10,1883.81,831,74,1,-22.95,1860.86,188.381,United Kingdom,1,5,5,4,554,Champions
13892,2011-11-13 11:50:00,4,632.97,983,26,27,0.0,632.97,158.2425,United Kingdom,1,4,4,3,443,Loyal Customers
13893,2011-02-15 11:30:00,1,821.1,190,21,298,0.0,821.1,821.1,United Kingdom,1,1,1,3,113,Lost / Low-Value
13894,2011-11-16 09:44:00,3,564.62,354,25,24,-28.65,535.97,188.20666666666668,United Kingdom,1,4,3,3,433,Loyal Customers
13895,2011-11-11 16:57:00,4,2593.07,1365,97,28,-4.95,2588.1200000000003,648.2675,United Kingdom,1,4,4,5,445,Champions
13897,2011-10-20 14:30:00,1,311.16,200,17,50,0.0,311.16,311.16,United Kingdom,1,3,1,2,312,Needs Attention
13898,2011-01-18 10:28:00,1,155.93,133,12,326,0.0,155.93,155.93,United Kingdom,1,1,1,1,111,Lost / Low-Value
13899,2011-11-23 13:40:00,2,388.52,156,19,16,0.0,388.52,194.26,United Kingdom,1,4,2,2,422,New Inflow
13900,2011-06-09 19:26:00,3,740.95,430,42,183,0.0,740.95,246.98333333333335,United Kingdom,1,1,3,3,133,At-Risk High-Value
13901,2011-09-28 14:48:00,5,2867.2000000000003,1739,144,72,0.0,2867.2000000000003,573.44,United Kingdom,1,2,4,5,245,At-Risk High-Value
13904,2011-11-02 13:41:00,2,332.64,332,24,37,0.0,332.64,166.32,United Kingdom,1,3,2,2,322,Needs Attention
13908,2011-09-21 11:49:00,4,2369.55,1478,104,80,-22.5,2347.05,592.3875,United Kingdom,1,2,4,5,245,At-Risk High-Value
13911,2011-10-13 15:43:00,9,2580.91,2731,120,57,0.0,2580.91,286.7677777777778,United Kingdom,1,3,5,5,355,Loyal Customers
13914,2011-11-28 10:35:00,2,626.45,380,28,12,-12.5,613.95,313.225,United Kingdom,1,5,2,3,523,New Inflow
13917,2011-10-21 09:56:00,2,272.04,228,16,50,0.0,272.04,136.02,United Kingdom,1,3,2,2,322,Needs Attention
13918,2011-10-21 12:25:00,2,1212.8400000000001,1140,30,50,0.0,1212.8400000000001,606.4200000000001,United Kingdom,1,3,2,4,324,Needs Attention
13919,2011-10-11 14:24:00,2,348.81,472,23,59,-34.65,314.16,174.405,Denmark,0,3,2,2,322,Needs Attention
13922,2010-12-23 10:38:00,1,172.25,93,7,352,0.0,172.25,172.25,United Kingdom,1,1,1,1,111,Lost / Low-Value
13923,2011-10-17 12:33:00,1,351.13,185,20,54,0.0,351.13,351.13,United Kingdom,1,3,1,2,312,Needs Attention
13924,2011-12-08 09:39:00,6,1838.8500000000001,1575,90,2,-156.77,1682.0800000000002,306.475,United Kingdom,1,5,5,4,554,Champions
13925,2011-09-08 12:47:00,4,678.25,331,28,93,-61.599999999999994,616.65,169.5625,United Kingdom,1,2,4,3,243,At-Risk High-Value
13926,2011-11-16 13:16:00,1,223.85000000000002,104,11,23,0.0,223.85000000000002,223.85000000000002,United Kingdom,1,4,1,1,411,New Inflow
13927,2011-09-26 12:00:00,1,348.99,214,21,75,0.0,348.99,348.99,United Kingdom,1,2,1,2,212,Lost / Low-Value
13928,2011-11-29 10:33:00,4,464.57,129,23,11,0.0,464.57,116.1425,United Kingdom,1,5,4,2,542,Loyal Customers
13929,2011-06-23 15:26:00,2,842.65,143,8,169,-39.8,802.85,421.325,United Kingdom,1,2,2,3,223,Lost / Low-Value
13930,2011-10-13 09:45:00,2,337.34,274,15,58,0.0,337.34,168.67,United Kingdom,1,3,3,2,332,Loyal Customers
13931,2011-09-05 10:12:00,2,1237.53,725,56,96,-6.6,1230.93,618.765,United Kingdom,1,2,3,4,234,At-Risk High-Value
13932,2011-02-18 12:02:00,1,307.4,72,16,295,0.0,307.4,307.4,United Kingdom,1,1,1,2,112,Lost / Low-Value
13933,2011-08-22 14:03:00,2,608.79,205,23,109,0.0,608.79,304.395,United Kingdom,1,2,3,3,233,At-Risk High-Value
13934,2011-03-21 08:39:00,1,922.1,390,31,264,0.0,922.1,922.1,United Kingdom,1,1,1,4,114,Lost / Low-Value
13936,2011-06-13 08:47:00,1,376.58,330,26,180,-15.3,361.28,376.58,United Kingdom,1,1,1,2,112,Lost / Low-Value
13937,2011-06-23 16:35:00,1,158.85,123,9,169,0.0,158.85,158.85,United Kingdom,1,2,1,1,211,Lost / Low-Value
13938,2011-11-04 14:37:00,1,71.66,70,7,35,0.0,71.66,71.66,United Kingdom,1,3,1,1,311,Needs Attention
13939,2011-11-16 13:33:00,3,568.55,847,43,23,-11.8,556.75,189.51666666666665,United Kingdom,1,4,3,3,433,Loyal Customers
13940,2011-11-22 15:15:00,4,839.14,516,39,17,0.0,839.14,209.785,United Kingdom,1,4,4,3,443,Loyal Customers
13941,2011-11-18 09:43:00,5,5112.96,2364,24,22,-200.55,4912.41,1022.592,United Kingdom,1,4,4,5,445,Champions
13946,2011-09-21 13:33:00,3,561.57,443,11,79,0.0,561.57,187.19000000000003,United Kingdom,1,2,3,3,233,At-Risk High-Value
13947,2011-10-05 14:42:00,1,90.60000000000001,44,5,65,0.0,90.60000000000001,90.60000000000001,United Kingdom,1,3,1,1,311,Needs Attention
13948,2010-12-14 10:18:00,1,102.0,40,3,361,0.0,102.0,102.0,United Kingdom,1,1,1,1,111,Lost / Low-Value
13949,2011-12-07 09:35:00,6,2427.32,2474,124,3,0.0,2427.32,404.55333333333334,United Kingdom,1,5,5,5,555,Champions
13950,2011-11-28 14:44:00,4,745.0600000000001,323,33,11,-16.5,728.5600000000001,186.26500000000001,United Kingdom,1,5,4,3,543,Loyal Customers
13951,2011-06-16 16:43:00,3,674.45,459,38,176,0.0,674.45,224.8166666666667,United Kingdom,1,2,3,3,233,At-Risk High-Value
13952,2011-05-06 09:00:00,2,3251.07,1430,119,218,-4.98,3246.09,1625.535,United Kingdom,1,1,3,5,135,At-Risk High-Value
13953,2011-12-02 16:04:00,7,3515.68,2724,8,7,0.0,3515.68,502.23999999999995,United Kingdom,1,5,5,5,555,Champions
13954,2011-12-08 12:50:00,2,439.92,150,24,2,-61.33,378.59000000000003,219.96,United Kingdom,1,5,3,2,532,Loyal Customers
13955,2011-07-08 17:19:00,2,322.96,154,33,154,0.0,322.96,161.48,United Kingdom,1,2,3,2,232,Needs Attention
13956,2011-12-04 13:20:00,5,1019.27,486,123,5,0.0,1019.27,203.85399999999998,United Kingdom,1,5,4,4,544,Champions
13959,2011-09-21 15:06:00,3,594.04,355,79,79,0.0,594.04,198.01333333333332,United Kingdom,1,2,3,3,233,At-Risk High-Value
13960,2011-11-18 15:27:00,2,230.22,142,11,21,0.0,230.22,115.11,United Kingdom,1,4,3,1,431,Loyal Customers
13962,2011-11-18 08:47:00,2,169.54999999999998,87,11,22,0.0,169.54999999999998,84.77499999999999,United Kingdom,1,4,3,1,431,Loyal Customers
13963,2011-02-04 14:43:00,4,664.54,460,35,308,0.0,664.54,166.135,United Kingdom,1,1,4,3,143,At-Risk High-Value
13967,2011-07-17 12:02:00,1,80.7,42,2,146,0.0,80.7,80.7,United Kingdom,1,2,1,1,211,Lost / Low-Value
13969,2011-12-02 15:11:00,18,9024.17,4528,334,7,-67.25,8956.92,501.34277777777777,United Kingdom,1,5,5,5,555,Champions
13971,2011-11-21 12:06:00,8,2758.26,1844,118,19,-56.040000000000006,2702.2200000000003,344.7825,United Kingdom,1,4,5,5,455,Champions
13972,2011-09-30 11:54:00,2,190.25,187,15,71,0.0,190.25,95.125,United Kingdom,1,3,3,1,331,Loyal Customers
13973,2011-02-25 15:21:00,1,264.7,109,11,287,0.0,264.7,264.7,United Kingdom,1,1,1,2,112,Lost / Low-Value
13974,2011-10-21 14:41:00,1,413.59000000000003,249,28,49,0.0,413.59000000000003,413.59000000000003,United Kingdom,1,3,1,2,312,Needs Attention
13975,2011-11-08 13:19:00,6,2461.2400000000002,1697,240,31,-23.05,2438.19,410.2066666666667,United Kingdom,1,4,5,5,455,Champions
13976,2011-05-17 09:13:00,1,357.98,154,10,207,0.0,357.98,357.98,United Kingdom,1,1,1,2,112,Lost / Low-Value
13978,2011-11-25 11:36:00,2,196.79,315,14,15,0.0,196.79,98.395,United Kingdom,1,4,3,1,431,Loyal Customers
13979,2011-09-27 13:32:00,1,869.87,639,54,73,0.0,869.87,869.87,United Kingdom,1,2,1,3,213,Lost / Low-Value
13980,2011-10-10 13:34:00,1,200.14,172,11,60,0.0,200.14,200.14,United Kingdom,1,3,1,1,311,Needs Attention
13982,2011-10-31 16:24:00,4,1871.81,1136,72,39,-10.7,1861.11,467.9525,United Kingdom,1,3,4,4,344,Loyal Customers
13983,2011-11-10 11:06:00,12,2603.43,1183,91,30,-12.969999999999999,2590.46,216.9525,United Kingdom,1,4,5,5,455,Champions
13984,2011-11-13 12:38:00,5,920.51,679,14,27,-432.48,488.03,184.102,United Kingdom,1,4,4,3,443,Loyal Customers
13985,2011-12-05 17:06:00,15,7060.13,3445,108,4,-35.6,7024.53,470.67533333333336,United Kingdom,1,5,5,5,555,Champions
13986,2011-11-22 15:00:00,1,320.46,430,12,17,0.0,320.46,320.46,United Kingdom,1,4,1,2,412,New Inflow
13988,2011-11-20 10:15:00,6,4147.96,3044,188,20,-49.160000000000004,4098.8,691.3266666666667,United Kingdom,1,4,5,5,455,Champions
13989,2011-10-05 09:47:00,2,1266.08,1313,33,66,0.0,1266.08,633.04,United Kingdom,1,3,3,4,334,Loyal Customers
13990,2011-05-10 15:19:00,1,311.3,190,16,213,0.0,311.3,311.3,United Kingdom,1,1,1,2,112,Lost / Low-Value
13991,2011-11-27 16:18:00,6,851.88,994,57,12,-5.34,846.54,141.98,United Kingdom,1,5,5,3,553,Loyal Customers
13992,2011-11-09 15:23:00,1,76.8,64,5,30,0.0,76.8,76.8,United Kingdom,1,4,1,1,411,New Inflow
13993,2011-10-28 09:06:00,9,3466.36,900,66,43,-56.7,3409.6600000000003,385.1511111111111,United Kingdom,1,3,5,5,355,Loyal Customers
13994,2011-12-06 11:05:00,6,2274.14,932,122,4,0.0,2274.14,379.0233333333333,United Kingdom,1,5,5,5,555,Champions
13995,2011-11-24 14:22:00,5,1393.69,879,55,15,-10.2,1383.49,278.738,United Kingdom,1,4,4,4,444,Champions
13999,2011-11-29 13:40:00,12,3901.81,2243,102,10,-36.55,3865.2599999999998,325.1508333333333,United Kingdom,1,5,5,5,555,Champions
14000,2011-05-12 16:50:00,1,635.66,710,15,211,-1.95,633.7099999999999,635.66,United Kingdom,1,1,1,3,113,Lost / Low-Value
14001,2011-10-25 10:31:00,3,2043.0800000000002,962,34,46,0.0,2043.0800000000002,681.0266666666668,United Kingdom,1,3,3,5,335,Loyal Customers
14002,2011-07-28 15:55:00,2,529.73,877,47,134,0.0,529.73,264.865,United Kingdom,1,2,3,3,233,At-Risk High-Value
14004,2011-10-27 14:40:00,7,4582.64,2668,102,43,0.0,4582.64,654.6628571428572,United Kingdom,1,3,5,5,355,Loyal Customers
14005,2011-11-30 12:41:00,5,2874.72,2478,53,10,0.0,2874.72,574.944,United Kingdom,1,5,4,5,545,Champions
14006,2011-08-16 09:39:00,3,962.19,641,22,116,0.0,962.19,320.73,United Kingdom,1,2,3,4,234,At-Risk High-Value
14009,2011-05-25 15:47:00,2,695.61,365,42,198,-9.680000000000001,685.9300000000001,347.805,United Kingdom,1,1,3,3,133,At-Risk High-Value
14012,2011-03-07 12:26:00,1,328.8,160,11,278,0.0,328.8,328.8,United Kingdom,1,1,1,2,112,Lost / Low-Value
14013,2011-08-21 15:01:00,3,473.02,462,30,110,0.0,473.02,157.67333333333332,United Kingdom,1,2,3,3,233,At-Risk High-Value
14014,2011-09-23 13:18:00,1,505.18,1076,39,77,0.0,505.18,505.18,United Kingdom,1,2,1,3,213,Lost / Low-Value
14015,2011-10-18 10:02:00,1,917.34,378,20,53,0.0,917.34,917.34,United Kingdom,1,3,1,4,314,Needs Attention
14016,2011-07-01 11:29:00,4,4341.21,2125,154,162,-12.75,4328.46,1085.3025,EIRE,0,2,4,5,245,At-Risk High-Value
14019,2011-10-24 10:13:00,3,1421.6100000000001,1037,37,47,-22.65,1398.96,473.87000000000006,United Kingdom,1,3,3,4,334,Loyal Customers
14020,2011-11-23 09:22:00,2,642.8,441,37,17,0.0,642.8,321.4,United Kingdom,1,4,3,3,433,Loyal Customers
14021,2011-07-07 15:46:00,3,631.9,192,22,155,0.0,631.9,210.63333333333333,United Kingdom,1,2,3,3,233,At-Risk High-Value
14022,2011-04-28 14:39:00,1,440.0,487,28,225,0.0,440.0,440.0,United Kingdom,1,1,1,2,112,Lost / Low-Value
14023,2011-12-02 13:58:00,2,584.07,345,30,7,0.0,584.07,292.035,United Kingdom,1,5,3,3,533,Loyal Customers
14024,2011-08-10 11:30:00,2,327.7,150,16,122,0.0,327.7,163.85,United Kingdom,1,2,3,2,232,Needs Attention
14027,2011-10-10 09:01:00,1,104.82,62,6,61,0.0,104.82,104.82,United Kingdom,1,3,1,1,311,Needs Attention
14029,2011-10-07 14:46:00,2,467.66,198,15,63,0.0,467.66,233.83,United Kingdom,1,3,3,2,332,Loyal Customers
14030,2011-11-21 16:48:00,8,2358.84,1478,210,18,0.0,2358.84,294.855,United Kingdom,1,4,5,5,455,Champions
14031,2011-12-02 17:13:00,19,17286.86,5788,119,7,-2587.95,14698.91,909.8347368421053,United Kingdom,1,5,5,5,555,Champions
14032,2011-12-07 15:23:00,11,2975.59,2032,53,2,-45.75,2929.84,270.5081818181818,United Kingdom,1,5,5,5,555,Champions
14034,2011-11-17 14:02:00,3,648.89,420,82,22,-139.8,509.09,216.29666666666665,United Kingdom,1,4,3,3,433,Loyal Customers
14035,2011-11-11 10:03:00,5,1428.02,739,41,29,0.0,1428.02,285.604,United Kingdom,1,4,4,4,444,Champions
14036,2011-02-28 09:26:00,1,626.65,268,38,285,0.0,626.65,626.65,United Kingdom,1,1,1,3,113,Lost / Low-Value
14037,2011-06-16 13:57:00,2,147.20000000000002,46,27,176,0.0,147.20000000000002,73.60000000000001,United Kingdom,1,2,3,1,231,Needs Attention
14038,2011-09-22 13:37:00,3,1560.38,965,64,78,-5.9,1554.48,520.1266666666667,United Kingdom,1,2,3,4,234,At-Risk High-Value
14039,2011-11-06 13:48:00,1,152.2,92,6,33,0.0,152.2,152.2,United Kingdom,1,3,1,1,311,Needs Attention
14040,2011-10-30 12:42:00,12,3560.32,1544,146,41,-68.68,3491.6400000000003,296.6933333333333,United Kingdom,1,3,5,5,355,Loyal Customers
14041,2011-03-18 13:25:00,1,141.41,94,21,266,0.0,141.41,141.41,United Kingdom,1,1,1,1,111,Lost / Low-Value
14044,2011-11-13 12:05:00,4,646.42,304,165,27,0.0,646.42,161.605,United Kingdom,1,4,4,3,443,Loyal Customers
14045,2011-08-22 15:27:00,4,1659.75,535,4,109,0.0,1659.75,414.9375,United Kingdom,1,2,4,4,244,At-Risk High-Value
14046,2011-02-28 14:48:00,1,151.59,443,13,284,0.0,151.59,151.59,United Kingdom,1,1,1,1,111,Lost / Low-Value
14047,2011-12-01 11:43:00,5,1308.6100000000001,381,22,9,-18.6,1290.0100000000002,261.72200000000004,United Kingdom,1,5,4,4,544,Champions
14048,2011-02-07 14:53:00,1,409.93,288,83,305,-34.8,375.13,409.93,United Kingdom,1,1,1,2,112,Lost / Low-Value
14049,2011-11-23 12:20:00,4,5578.72,3808,348,17,-42.57,5536.150000000001,1394.68,United Kingdom,1,4,4,5,445,Champions
14050,2011-11-08 10:00:00,2,746.36,689,49,32,0.0,746.36,373.18,United Kingdom,1,4,3,3,433,Loyal Customers
14051,2011-12-09 10:20:00,23,15610.390000000001,3756,52,1,-133.05,15477.340000000002,678.7126086956522,United Kingdom,1,5,5,5,555,Champions
14052,2011-11-20 12:30:00,1,225.35999999999999,89,56,20,0.0,225.35999999999999,225.35999999999999,United Kingdom,1,4,1,1,411,New Inflow
14053,2011-08-07 14:27:00,2,260.25,215,2,124,0.0,260.25,130.125,United Kingdom,1,2,3,2,232,Needs Attention
14054,2011-10-05 15:49:00,1,92.46000000000001,62,6,65,0.0,92.46000000000001,92.46000000000001,United Kingdom,1,3,1,1,311,Needs Attention
14055,2011-08-25 15:04:00,1,725.6400000000001,216,10,106,0.0,725.6400000000001,725.6400000000001,United Kingdom,1,2,1,3,213,Lost / Low-Value
14056,2011-12-08 13:36:00,23,8152.71,4252,320,1,-89.41,8063.3,354.46565217391304,United Kingdom,1,5,5,5,555,Champions
14057,2011-11-16 10:32:00,17,6211.66,4873,179,24,-70.56,6141.099999999999,365.39176470588234,United Kingdom,1,4,5,5,455,Champions
14059,2011-03-18 10:06:00,1,183.6,128,8,267,0.0,183.6,183.6,United Kingdom,1,1,1,1,111,Lost / Low-Value
14060,2011-12-05 12:29:00,19,6140.42,5386,86,5,-5.04,6135.38,323.18,United Kingdom,1,5,5,5,555,Champions
14062,2011-11-30 10:04:00,12,10464.85,5593,60,10,0.0,10464.85,872.0708333333333,United Kingdom,1,5,5,5,555,Champions
14064,2011-11-10 13:14:00,5,1334.34,1772,59,29,-165.42,1168.9199999999998,266.868,United Kingdom,1,4,4,4,444,Champions
14066,2011-03-18 12:21:00,1,152.55,45,7,267,0.0,152.55,152.55,United Kingdom,1,1,1,1,111,Lost / Low-Value
14067,2011-10-07 10:21:00,2,374.7,361,51,64,0.0,374.7,187.35,United Kingdom,1,3,3,2,332,Loyal Customers
14068,2011-01-23 16:02:00,1,265.85,73,22,320,0.0,265.85,265.85,United Kingdom,1,1,1,2,112,Lost / Low-Value
14071,2011-12-06 12:27:00,8,1422.75,956,270,4,-131.41,1291.34,177.84375,United Kingdom,1,5,5,4,554,Champions
14073,2011-11-07 15:49:00,1,151.04,130,13,32,-11.5,139.54,151.04,United Kingdom,1,4,1,1,411,New Inflow
14075,2011-12-05 08:38:00,3,942.26,754,33,5,0.0,942.26,314.08666666666664,United Kingdom,1,5,3,4,534,Loyal Customers
14076,2011-08-02 15:19:00,1,118.67,79,43,129,0.0,118.67,118.67,United Kingdom,1,2,1,1,211,Lost / Low-Value
14077,2011-10-30 12:35:00,5,499.42,268,33,41,0.0,499.42,99.884,United Kingdom,1,3,4,3,343,Loyal Customers
14078,2011-08-30 12:16:00,6,1049.37,310,46,102,0.0,1049.37,174.89499999999998,United Kingdom,1,2,5,4,254,At-Risk High-Value
14079,2011-08-07 12:10:00,1,375.1,301,12,125,0.0,375.1,375.1,United Kingdom,1,2,1,2,212,Lost / Low-Value
14080,2011-11-07 11:09:00,1,45.599999999999994,48,4,33,0.0,45.599999999999994,45.599999999999994,United Kingdom,1,3,1,1,311,Needs Attention
14081,2011-02-10 16:17:00,2,921.62,592,126,302,-29.849999999999998,891.77,460.81,United Kingdom,1,1,3,3,133,At-Risk High-Value
14082,2010-12-10 11:02:00,1,182.25,110,28,365,0.0,182.25,182.25,United Kingdom,1,1,1,1,111,Lost / Low-Value
14083,2011-12-05 13:14:00,9,1002.9,705,162,4,0.0,1002.9,111.43333333333334,United Kingdom,1,5,5,4,554,Champions
14085,2011-12-07 13:46:00,18,4421.29,3177,272,2,-12.75,4408.54,245.62722222222223,United Kingdom,1,5,5,5,555,Champions
14087,2011-12-07 12:41:00,1,191.47,250,61,3,-12.75,178.72,191.47,United Kingdom,1,5,1,1,511,New Inflow
14088,2011-11-29 16:16:00,13,50491.81,12665,379,10,-76.32000000000001,50415.49,3883.9853846153846,United Kingdom,1,5,5,5,555,Champions
14089,2011-10-14 10:38:00,1,158.75,133,13,57,0.0,158.75,158.75,United Kingdom,1,3,1,1,311,Needs Attention
14090,2011-01-19 10:51:00,1,76.32000000000001,72,1,325,0.0,76.32000000000001,76.32000000000001,United Kingdom,1,1,1,1,111,Lost / Low-Value
14092,2011-12-02 12:13:00,14,4076.9100000000003,2066,117,8,-13.81,4063.1000000000004,291.20785714285716,United Kingdom,1,5,5,5,555,Champions
14093,2011-11-27 16:27:00,1,433.86,391,95,12,0.0,433.86,433.86,United Kingdom,1,5,1,2,512,New Inflow
14096,2011-12-05 17:17:00,17,53258.43,16336,1118,4,0.0,53258.43,3132.8488235294117,United Kingdom,1,5,5,5,555,Champions
14098,2011-11-03 10:13:00,1,147.35,104,21,37,0.0,147.35,147.35,United Kingdom,1,3,1,1,311,Needs Attention
14099,2011-11-23 13:53:00,11,3104.17,2179,167,16,-11.2,3092.9700000000003,282.1972727272727,United Kingdom,1,4,5,5,455,Champions
14100,2011-07-25 11:01:00,1,191.95,63,24,138,0.0,191.95,191.95,United Kingdom,1,2,1,1,211,Lost / Low-Value
14101,2011-09-27 12:28:00,6,5976.79,6942,15,74,0.0,5976.79,996.1316666666667,United Kingdom,1,2,5,5,255,At-Risk High-Value
14102,2011-12-04 15:38:00,5,1105.8799999999999,769,35,5,-45.55,1060.33,221.176,United Kingdom,1,5,4,4,544,Champions
14104,2011-07-08 12:50:00,2,216.21,72,21,155,0.0,216.21,108.105,United Kingdom,1,2,3,1,231,Needs Attention
14105,2011-04-14 17:58:00,1,1266.23,800,74,239,-5.9,1260.33,1266.23,United Kingdom,1,1,1,4,114,Lost / Low-Value
14107,2011-10-19 12:12:00,7,2703.23,1793,61,52,-14.75,2688.48,386.17571428571426,United Kingdom,1,3,5,5,355,Loyal Customers
14108,2011-11-09 10:41:00,2,597.91,381,33,31,-3.75,594.16,298.955,United Kingdom,1,4,3,3,433,Loyal Customers
14109,2011-09-28 10:18:00,1,144.2,88,9,73,-64.0,80.19999999999999,144.2,United Kingdom,1,2,1,1,211,Lost / Low-Value
14110,2011-12-06 12:26:00,12,5683.15,2445,94,4,-13.5,5669.65,473.5958333333333,United Kingdom,1,5,5,5,555,Champions
14111,2011-11-25 13:44:00,4,692.85,458,10,14,-4.25,688.6,173.2125,United Kingdom,1,4,4,3,443,Loyal Customers
14112,2011-11-17 12:30:00,7,2915.15,1651,117,23,-140.98,2774.17,416.45,United Kingdom,1,4,5,5,455,Champions
14113,2011-12-06 12:18:00,4,1840.42,745,26,4,-462.5,1377.92,460.105,United Kingdom,1,5,4,4,544,Champions
14114,2011-03-11 09:42:00,2,386.53,101,15,274,0.0,386.53,193.265,United Kingdom,1,1,3,2,132,Needs Attention
14116,2011-11-20 10:29:00,5,1382.74,707,61,20,0.0,1382.74,276.548,United Kingdom,1,4,4,4,444,Champions
14117,2011-07-19 09:49:00,1,90.0,72,3,144,0.0,90.0,90.0,United Kingdom,1,2,1,1,211,Lost / Low-Value
14121,2011-12-06 12:19:00,4,2780.15,2082,148,4,-39.85,2740.3,695.0375,United Kingdom,1,5,4,5,545,Champions
14124,2011-09-16 13:32:00,1,419.58,1618,4,84,0.0,419.58,419.58,United Kingdom,1,2,1,2,212,Lost / Low-Value
14125,2011-11-29 12:47:00,3,2720.63,1628,159,11,0.0,2720.63,906.8766666666667,United Kingdom,1,5,3,5,535,Loyal Customers
14126,2011-12-02 11:45:00,3,706.1300000000001,508,14,8,-62.5,643.6300000000001,235.3766666666667,United Kingdom,1,5,3,3,533,Loyal Customers
14127,2011-08-09 10:49:00,3,709.71,321,39,123,0.0,709.71,236.57000000000002,United Kingdom,1,2,3,3,233,At-Risk High-Value
14128,2011-10-10 12:00:00,2,637.5,564,40,61,0.0,637.5,318.75,United Kingdom,1,3,3,3,333,Loyal Customers
14129,2011-12-08 11:02:00,5,1123.8600000000001,592,31,2,0.0,1123.8600000000001,224.77200000000002,United Kingdom,1,5,4,4,544,Champions
14130,2011-01-24 16:05:00,1,480.91,257,66,319,0.0,480.91,480.91,United Kingdom,1,1,1,3,113,Lost / Low-Value
14132,2011-12-07 13:35:00,11,3586.03,3368,100,2,-5.9,3580.13,326.00272727272727,United Kingdom,1,5,5,5,555,Champions
14133,2011-08-02 11:34:00,3,605.64,348,25,130,-15.3,590.34,201.88,United Kingdom,1,2,3,3,233,At-Risk High-Value
14135,2011-12-08 11:38:00,15,4690.31,3850,95,2,0.0,4690.31,312.68733333333336,United Kingdom,1,5,5,5,555,Champions
14138,2011-12-08 12:44:00,2,965.88,600,40,2,0.0,965.88,482.94,United Kingdom,1,5,3,4,534,Loyal Customers
14139,2011-10-24 13:34:00,1,415.82,510,26,46,0.0,415.82,415.82,United Kingdom,1,3,1,2,312,Needs Attention
14140,2011-12-06 09:05:00,2,935.05,811,60,4,-15.0,920.05,467.525,United Kingdom,1,5,3,4,534,Loyal Customers
14141,2011-12-07 09:53:00,4,915.13,355,27,3,-36.1,879.03,228.7825,United Kingdom,1,5,4,3,543,Loyal Customers
14142,2010-12-01 16:33:00,1,311.81,313,22,373,0.0,311.81,311.81,United Kingdom,1,1,1,2,112,Lost / Low-Value
14143,2011-07-29 09:48:00,1,115.8,30,7,134,0.0,115.8,115.8,United Kingdom,1,2,1,1,211,Lost / Low-Value
14145,2011-10-24 12:10:00,4,3742.2,756,6,47,-594.0,3148.2,935.55,United Kingdom,1,3,4,5,345,Loyal Customers
14146,2011-12-01 10:18:00,5,4191.0,2437,183,9,-1241.43,2949.5699999999997,838.2,United Kingdom,1,5,4,5,545,Champions
14147,2011-09-22 18:10:00,2,483.4,108,4,78,-15.0,468.4,241.7,United Kingdom,1,2,3,2,232,Needs Attention
14148,2011-04-20 12:02:00,1,157.2,16,3,234,0.0,157.2,157.2,United Kingdom,1,1,1,1,111,Lost / Low-Value
14149,2011-05-03 09:44:00,1,446.62,218,28,221,-187.19,259.43,446.62,United Kingdom,1,1,1,2,112,Lost / Low-Value
14150,2011-11-04 10:05:00,2,658.64,496,23,36,0.0,658.64,329.32,United Kingdom,1,3,3,3,333,Loyal Customers
14152,2011-09-25 12:54:00,2,621.29,711,47,75,-10.2,611.0899999999999,310.645,United Kingdom,1,2,3,3,233,At-Risk High-Value
14154,2011-04-14 16:26:00,2,1345.62,465,52,239,0.0,1345.62,672.81,United Kingdom,1,1,3,4,134,At-Risk High-Value
14155,2011-03-18 14:13:00,1,118.75,25,6,266,0.0,118.75,118.75,United Kingdom,1,1,1,1,111,Lost / Low-Value
14156,2011-11-30 10:54:00,55,117210.08,57768,714,10,-2874.31,114335.77,2131.0923636363636,EIRE,0,5,5,5,555,Champions
14157,2011-11-20 11:32:00,2,424.89000000000004,271,45,20,-32.45,392.44000000000005,212.44500000000002,United Kingdom,1,4,3,2,432,Loyal Customers
14158,2011-10-30 15:08:00,1,507.65999999999997,781,41,40,0.0,507.65999999999997,507.65999999999997,United Kingdom,1,3,1,3,313,Needs Attention
14159,2011-11-20 12:36:00,11,4627.98,4345,500,20,-14.71,4613.2699999999995,420.7254545454545,United Kingdom,1,4,5,5,455,Champions
14161,2011-05-08 11:41:00,3,1097.6200000000001,450,87,216,0.0,1097.6200000000001,365.8733333333334,United Kingdom,1,1,3,4,134,At-Risk High-Value
14162,2011-06-19 11:36:00,2,289.36,142,25,174,0.0,289.36,144.68,United Kingdom,1,2,3,2,232,Needs Attention
14163,2011-09-13 15:18:00,4,2445.91,893,36,87,0.0,2445.91,611.4775,United Kingdom,1,2,4,5,245,At-Risk High-Value
14164,2011-09-30 12:24:00,2,1631.77,1033,28,71,0.0,1631.77,815.885,United Kingdom,1,3,3,4,334,Loyal Customers
14165,2011-03-09 12:39:00,1,120.44,53,23,276,0.0,120.44,120.44,United Kingdom,1,1,1,1,111,Lost / Low-Value
14167,2011-10-31 14:29:00,4,562.59,147,27,39,0.0,562.59,140.6475,United Kingdom,1,3,4,3,343,Loyal Customers
14171,2011-09-02 16:43:00,1,363.79,167,57,98,0.0,363.79,363.79,United Kingdom,1,2,1,2,212,Lost / Low-Value
14173,2011-11-29 11:54:00,4,450.84,150,28,11,0.0,450.84,112.71,United Kingdom,1,5,4,2,542,Loyal Customers
14174,2011-11-06 13:17:00,1,134.46,94,26,33,0.0,134.46,134.46,United Kingdom,1,3,1,1,311,Needs Attention
14175,2011-10-11 11:55:00,3,3222.3,1515,139,60,-114.24,3108.0600000000004,1074.1000000000001,United Kingdom,1,3,3,5,335,Loyal Customers
14176,2011-02-15 13:12:00,4,576.9000000000001,209,28,297,-2.9,574.0000000000001,144.22500000000002,United Kingdom,1,1,4,3,143,At-Risk High-Value
14177,2011-09-14 15:11:00,4,549.46,204,37,86,-4.95,544.51,137.365,United Kingdom,1,2,4,3,243,At-Risk High-Value
14178,2011-12-01 12:01:00,7,1580.26,1492,190,9,0.0,1580.26,225.75142857142856,United Kingdom,1,5,5,4,554,Champions
14179,2011-10-30 12:07:00,2,701.57,319,135,41,0.0,701.57,350.785,United Kingdom,1,3,3,3,333,Loyal Customers
14180,2011-11-29 10:56:00,25,4748.52,719,112,11,-107.75,4640.77,189.94080000000002,United Kingdom,1,5,5,5,555,Champions
14184,2011-10-04 12:43:00,1,452.89,127,24,67,0.0,452.89,452.89,United Kingdom,1,3,1,2,312,Needs Attention
14185,2011-01-12 13:52:00,1,197.65,6,3,331,0.0,197.65,197.65,United Kingdom,1,1,1,1,111,Lost / Low-Value
14188,2011-11-09 12:45:00,6,2054.36,1162,34,31,-35.45,2018.91,342.3933333333334,United Kingdom,1,4,5,5,455,Champions
14189,2011-12-07 15:55:00,15,4654.08,3937,176,2,-49.77,4604.3099999999995,310.272,United Kingdom,1,5,5,5,555,Champions
14191,2011-12-08 09:23:00,13,4684.76,3662,145,2,-24.75,4660.01,360.36615384615385,United Kingdom,1,5,5,5,555,Champions
14193,2011-10-03 09:34:00,2,853.39,445,35,68,0.0,853.39,426.695,United Kingdom,1,3,3,3,333,Loyal Customers
14194,2011-12-05 10:38:00,21,11349.52,5840,269,5,-132.77,11216.75,540.4533333333334,United Kingdom,1,5,5,5,555,Champions
14195,2011-05-22 10:29:00,2,1012.0,760,7,202,-49.3,962.7,506.0,United Kingdom,1,1,3,4,134,At-Risk High-Value
14196,2011-08-25 10:25:00,1,335.52,142,6,107,0.0,335.52,335.52,United Kingdom,1,2,1,2,212,Lost / Low-Value
14198,2011-11-21 16:35:00,4,701.4,290,35,18,-37.9,663.5,175.35,United Kingdom,1,4,4,3,443,Loyal Customers
14199,2011-05-05 13:44:00,1,185.39999999999998,28,2,218,0.0,185.39999999999998,185.39999999999998,United Kingdom,1,1,1,1,111,Lost / Low-Value
14201,2011-10-10 13:27:00,7,747.44,590,32,60,-59.400000000000006,688.0400000000001,106.77714285714286,United Kingdom,1,3,5,3,353,Loyal Customers
14204,2011-12-07 13:38:00,1,150.61,72,36,2,0.0,150.61,150.61,United Kingdom,1,5,1,1,511,New Inflow
14205,2011-11-23 10:55:00,2,466.7,204,23,17,-238.20000000000002,228.49999999999997,233.35,United Kingdom,1,4,3,1,431,Loyal Customers
14206,2011-04-14 16:38:00,1,328.15999999999997,276,20,239,-19.9,308.26,328.15999999999997,United Kingdom,1,1,1,2,112,Lost / Low-Value
14208,2011-09-06 12:48:00,1,151.74,114,10,95,0.0,151.74,151.74,United Kingdom,1,2,1,1,211,Lost / Low-Value
14209,2011-11-29 10:18:00,6,2073.43,691,55,11,-6.300000000000001,2067.1299999999997,345.57166666666666,United Kingdom,1,5,5,5,555,Champions
14210,2011-08-26 12:36:00,6,1905.8400000000001,760,66,106,-4.95,1900.89,317.64000000000004,United Kingdom,1,2,5,4,254,At-Risk High-Value
14211,2011-10-17 13:23:00,9,2241.1,1242,87,53,-32.8,2208.2999999999997,249.0111111111111,United Kingdom,1,3,5,5,355,Loyal Customers
14212,2011-09-11 12:45:00,1,1070.48,1152,9,90,0.0,1070.48,1070.48,United Kingdom,1,2,1,4,214,Lost / Low-Value
14214,2011-11-09 10:31:00,5,1004.38,751,64,31,-4.15,1000.23,200.876,United Kingdom,1,4,4,4,444,Champions
14215,2011-11-28 12:19:00,6,1789.72,1358,98,12,-11.8,1777.92,298.2866666666667,United Kingdom,1,5,5,4,554,Champions
14216,2011-12-06 14:56:00,4,1839.3,594,47,3,0.0,1839.3,459.825,United Kingdom,1,5,4,4,544,Champions
14217,2011-12-08 11:53:00,17,2004.98,689,78,2,-79.62,1925.3600000000001,117.94,United Kingdom,1,5,5,4,554,Champions
14218,2011-10-28 10:00:00,1,169.48000000000002,160,12,43,0.0,169.48000000000002,169.48000000000002,United Kingdom,1,3,1,1,311,Needs Attention
14219,2011-12-05 16:23:00,1,89.94,78,7,4,0.0,89.94,89.94,United Kingdom,1,5,1,1,511,New Inflow
14220,2011-04-06 13:23:00,2,632.4000000000001,272,21,247,0.0,632.4000000000001,316.20000000000005,United Kingdom,1,1,3,3,133,At-Risk High-Value
14221,2011-10-28 13:42:00,9,3432.8,2191,123,42,-4.95,3427.8500000000004,381.4222222222222,United Kingdom,1,3,5,5,355,Loyal Customers
14222,2011-06-15 16:42:00,1,683.17,607,41,177,0.0,683.17,683.17,United Kingdom,1,2,1,3,213,Lost / Low-Value
14223,2011-09-08 13:38:00,3,991.13,585,50,92,-15.9,975.23,330.37666666666667,United Kingdom,1,2,3,4,234,At-Risk High-Value
14224,2011-08-21 13:24:00,4,1009.73,483,105,110,0.0,1009.73,252.4325,United Kingdom,1,2,4,4,244,At-Risk High-Value
14226,2011-11-11 11:34:00,5,2214.79,1296,64,29,-30.55,2184.24,442.95799999999997,United Kingdom,1,4,4,5,445,Champions
14227,2011-11-13 15:48:00,10,3350.96,1820,117,26,-35.25,3315.71,335.096,United Kingdom,1,4,5,5,455,Champions
14229,2011-10-19 10:04:00,3,1547.2,610,29,52,-96.6,1450.6000000000001,515.7333333333333,United Kingdom,1,3,3,4,334,Loyal Customers
14231,2011-06-09 11:05:00,3,925.71,409,47,184,-103.65,822.0600000000001,308.57,United Kingdom,1,1,3,3,133,At-Risk High-Value
14232,2011-10-28 11:09:00,5,2048.07,1941,81,43,-4.14,2043.93,409.61400000000003,United Kingdom,1,3,4,5,345,Loyal Customers
14233,2011-10-21 15:54:00,4,1462.72,680,30,49,-15.21,1447.51,365.68,United Kingdom,1,3,4,4,344,Loyal Customers
14234,2011-11-17 17:53:00,4,754.12,951,122,22,0.0,754.12,188.53,United Kingdom,1,4,4,3,443,Loyal Customers
14235,2011-09-25 14:37:00,5,3144.86,1959,65,75,-51.0,3093.86,628.972,United Kingdom,1,2,4,5,245,At-Risk High-Value
14236,2011-09-20 09:13:00,2,490.86,310,15,81,0.0,490.86,245.43,United Kingdom,1,2,3,3,233,At-Risk High-Value
14237,2010-12-01 13:20:00,1,161.0,38,9,373,0.0,161.0,161.0,United Kingdom,1,1,1,1,111,Lost / Low-Value
14238,2011-01-17 14:40:00,1,146.85,111,8,326,0.0,146.85,146.85,United Kingdom,1,1,1,1,111,Lost / Low-Value
14239,2011-10-27 14:40:00,11,2380.85,993,83,43,-57.35,2323.5,216.4409090909091,United Kingdom,1,3,5,5,355,Loyal Customers
14240,2011-11-09 13:45:00,2,890.34,418,37,30,0.0,890.34,445.17,United Kingdom,1,4,3,3,433,Loyal Customers
14241,2011-06-09 11:46:00,1,213.70000000000002,146,10,184,0.0,213.70000000000002,213.70000000000002,United Kingdom,1,1,1,1,111,Lost / Low-Value
14242,2011-04-19 11:46:00,2,280.55,123,13,235,0.0,280.55,140.275,United Kingdom,1,1,3,2,132,Needs Attention
14243,2011-12-01 11:12:00,10,2588.77,1221,99,9,-52.89,2535.88,258.877,United Kingdom,1,5,5,5,555,Champions
14245,2011-05-04 08:40:00,2,1693.45,976,107,220,-15.97,1677.48,846.725,United Kingdom,1,1,3,4,134,At-Risk High-Value
14246,2011-08-21 11:50:00,3,1474.06,804,57,111,0.0,1474.06,491.3533333333333,United Kingdom,1,2,3,4,234,At-Risk High-Value
14247,2011-03-06 15:21:00,1,136.77,47,19,278,0.0,136.77,136.77,United Kingdom,1,1,1,1,111,Lost / Low-Value
14248,2011-01-25 14:45:00,1,302.58,102,8,318,0.0,302.58,302.58,United Kingdom,1,1,1,2,112,Lost / Low-Value
14250,2011-12-02 14:30:00,3,1904.05,1200,94,7,0.0,1904.05,634.6833333333333,United Kingdom,1,5,3,4,534,Loyal Customers
14251,2011-12-08 08:32:00,5,2879.7000000000003,1674,37,2,0.0,2879.7000000000003,575.94,United Kingdom,1,5,4,5,545,Champions
14256,2011-03-24 13:17:00,2,969.0600000000001,414,51,260,-34.0,935.0600000000001,484.53000000000003,United Kingdom,1,1,3,4,134,At-Risk High-Value
14257,2011-10-06 16:54:00,5,3099.7200000000003,1682,88,64,-12.45,3087.2700000000004,619.9440000000001,United Kingdom,1,3,4,5,345,Loyal Customers
14258,2011-11-30 15:27:00,9,12669.98,7100,58,9,-19.9,12650.08,1407.7755555555555,United Kingdom,1,5,5,5,555,Champions
14259,2011-07-21 10:44:00,1,120.0,68,5,142,0.0,120.0,120.0,United Kingdom,1,2,1,1,211,Lost / Low-Value
14261,2011-10-20 10:04:00,2,1163.45,406,52,51,0.0,1163.45,581.725,United Kingdom,1,3,3,4,334,Loyal Customers
14262,2011-12-01 14:17:00,8,2618.23,1645,87,8,0.0,2618.23,327.27875,United Kingdom,1,5,5,5,555,Champions
14264,2011-07-08 10:20:00,2,333.97,70,15,155,-14.5,319.47,166.985,United Kingdom,1,2,3,2,232,Needs Attention
14265,2011-08-22 13:32:00,2,530.18,330,31,109,0.0,530.18,265.09,Unspecified,0,2,3,3,233,At-Risk High-Value
14267,2011-06-30 10:09:00,3,1516.24,530,25,163,-237.15,1279.09,505.41333333333336,United Kingdom,1,2,3,4,234,At-Risk High-Value
14270,2011-01-12 09:33:00,1,492.65000000000003,197,29,332,0.0,492.65000000000003,492.65000000000003,United Kingdom,1,1,1,3,113,Lost / Low-Value
14271,2011-04-28 12:47:00,1,112.32000000000001,88,10,226,0.0,112.32000000000001,112.32000000000001,United Kingdom,1,1,1,1,111,Lost / Low-Value
14272,2011-09-27 10:08:00,2,437.96,599,33,74,0.0,437.96,218.98,United Kingdom,1,2,3,2,232,Needs Attention
14273,2011-10-19 13:20:00,4,559.97,264,22,51,0.0,559.97,139.9925,United Kingdom,1,3,4,3,343,Loyal Customers
14276,2011-09-02 09:45:00,3,1119.74,744,52,99,-100.35000000000001,1019.39,373.24666666666667,United Kingdom,1,2,3,4,234,At-Risk High-Value
14277,2011-11-24 15:01:00,3,4152.0,1974,194,15,-259.2,3892.8,1384.0,France,0,4,3,5,435,Loyal Customers
14280,2011-05-27 10:37:00,1,134.04,52,8,197,0.0,134.04,134.04,United Kingdom,1,1,1,1,111,Lost / Low-Value
14282,2011-12-06 17:04:00,15,3701.44,2656,70,3,0.0,3701.44,246.76266666666666,United Kingdom,1,5,5,5,555,Champions
14284,2011-11-09 08:11:00,2,595.25,161,24,31,-16.8,578.45,297.625,United Kingdom,1,4,3,3,433,Loyal Customers
14285,2011-11-18 14:50:00,4,1910.01,541,18,21,0.0,1910.01,477.5025,United Kingdom,1,4,4,4,444,Champions
14286,2011-11-16 10:34:00,3,4628.75,4338,220,24,-32.94,4595.81,1542.9166666666667,United Kingdom,1,4,3,5,435,Loyal Customers
14287,2011-12-01 13:25:00,3,176.63,261,9,8,-20.4,156.23,58.876666666666665,United Kingdom,1,5,3,1,531,Loyal Customers
14288,2011-05-10 13:22:00,1,426.6,188,16,213,-12.75,413.85,426.6,United Kingdom,1,1,1,2,112,Lost / Low-Value
14289,2011-12-01 11:44:00,6,911.26,292,33,9,0.0,911.26,151.87666666666667,United Kingdom,1,5,5,3,553,Loyal Customers
14290,2011-11-28 14:02:00,5,2314.65,915,89,11,-7.2,2307.4500000000003,462.93,United Kingdom,1,5,4,5,545,Champions
14291,2011-12-08 10:26:00,11,3883.25,2749,145,2,-9.95,3873.3,353.02272727272725,United Kingdom,1,5,5,5,555,Champions
14292,2011-12-02 11:50:00,9,4871.93,1663,64,8,-52.6,4819.33,541.3255555555556,United Kingdom,1,5,5,5,555,Champions
14293,2011-12-06 15:17:00,4,1046.56,709,51,3,0.0,1046.56,261.64,United Kingdom,1,5,4,4,544,Champions
14295,2011-10-30 15:50:00,1,166.20000000000002,84,5,40,-8.5,157.70000000000002,166.20000000000002,United Kingdom,1,3,1,1,311,Needs Attention
14297,2011-11-22 09:06:00,4,1305.33,865,48,18,-14.85,1290.48,326.3325,United Kingdom,1,4,4,4,444,Champions
14298,2011-12-01 13:12:00,44,51527.3,58343,884,8,-664.86,50862.44,1171.075,United Kingdom,1,5,5,5,555,Champions
14299,2011-12-01 16:05:00,9,3965.62,2149,94,8,-1110.27,2855.35,440.6244444444444,United Kingdom,1,5,5,5,555,Champions
14300,2011-11-21 08:57:00,1,43.2,32,3,19,0.0,43.2,43.2,United Kingdom,1,4,1,1,411,New Inflow
14301,2011-08-14 15:33:00,1,640.14,606,13,117,-8.1,632.04,640.14,United Kingdom,1,2,1,3,213,Lost / Low-Value
14304,2011-05-01 11:50:00,1,383.45,139,17,223,-186.35000000000002,197.09999999999997,383.45,United Kingdom,1,1,1,1,111,Lost / Low-Value
14305,2011-09-29 15:29:00,3,1858.96,1089,96,71,-55.2,1803.76,619.6533333333333,United Kingdom,1,3,3,4,334,Loyal Customers
14306,2011-10-19 13:23:00,2,2093.32,1075,33,51,-9.9,2083.42,1046.66,United Kingdom,1,3,3,5,335,Loyal Customers
14307,2011-09-12 09:38:00,6,2995.7200000000003,2058,150,89,0.0,2995.7200000000003,499.2866666666667,United Kingdom,1,2,5,5,255,At-Risk High-Value
14309,2011-12-01 13:33:00,9,2352.53,1633,74,8,-32.85,2319.6800000000003,261.39222222222224,United Kingdom,1,5,5,5,555,Champions
14311,2011-04-11 10:14:00,1,310.26,146,20,243,-80.55,229.70999999999998,310.26,United Kingdom,1,1,1,1,111,Lost / Low-Value
14312,2011-10-24 09:46:00,6,1611.5900000000001,1012,74,47,0.0,1611.5900000000001,268.59833333333336,United Kingdom,1,3,5,4,354,Loyal Customers
14314,2011-08-25 10:39:00,1,120.0,296,8,107,0.0,120.0,120.0,United Kingdom,1,2,1,1,211,Lost / Low-Value
14315,2011-10-26 12:06:00,6,2481.13,1021,64,45,-24.15,2456.98,413.5216666666667,United Kingdom,1,3,5,5,355,Loyal Customers
14317,2011-10-06 10:44:00,1,508.58,255,24,65,0.0,508.58,508.58,United Kingdom,1,3,1,3,313,Needs Attention
14320,2011-05-17 09:24:00,2,477.79,325,29,207,-134.68,343.11,238.895,United Kingdom,1,1,3,2,132,Needs Attention
14321,2011-11-29 09:47:00,5,1530.75,2406,111,11,0.0,1530.75,306.15,United Kingdom,1,5,4,4,544,Champions
14323,2011-08-17 11:37:00,2,605.0600000000001,350,32,115,-30.800000000000004,574.2600000000001,302.53000000000003,United Kingdom,1,2,3,3,233,At-Risk High-Value
14326,2011-04-11 15:04:00,1,183.85,103,8,242,-17.0,166.85,183.85,United Kingdom,1,1,1,1,111,Lost / Low-Value
14327,2011-06-29 13:58:00,1,311.65000000000003,139,12,163,0.0,311.65000000000003,311.65000000000003,United Kingdom,1,2,1,2,212,Lost / Low-Value
14329,2011-11-22 15:50:00,7,4975.24,3087,218,17,-86.1,4889.139999999999,710.7485714285714,United Kingdom,1,4,5,5,455,Champions
14331,2011-08-07 13:17:00,2,462.66,252,27,124,0.0,462.66,231.33,United Kingdom,1,2,3,2,232,Needs Attention
14332,2011-11-17 11:54:00,3,840.21,463,22,23,0.0,840.21,280.07,United Kingdom,1,4,3,3,433,Loyal Customers
14333,2011-10-03 10:38:00,1,415.2,58,15,68,-63.75,351.45,415.2,United Kingdom,1,3,1,2,312,Needs Attention
14334,2011-11-23 10:01:00,8,2552.21,1731,98,17,-12.75,2539.46,319.02625,United Kingdom,1,4,5,5,455,Champions
14335,2011-11-23 13:41:00,2,454.86,375,55,16,0.0,454.86,227.43,Germany,0,4,3,2,432,Loyal Customers
14336,2011-11-23 11:40:00,4,1614.91,1759,77,17,0.0,1614.91,403.7275,United Kingdom,1,4,4,4,444,Champions
14338,2011-07-01 14:08:00,2,588.22,335,30,161,-34.0,554.22,294.11,United Kingdom,1,2,3,3,233,At-Risk High-Value
14339,2011-04-11 11:06:00,1,309.52000000000004,168,14,243,-15.790000000000001,293.73,309.52000000000004,United Kingdom,1,1,1,2,112,Lost / Low-Value
14340,2011-05-05 09:44:00,1,134.7,58,6,219,0.0,134.7,134.7,United Kingdom,1,1,1,1,111,Lost / Low-Value
14341,2011-10-25 15:48:00,8,2166.98,1397,109,45,-15.9,2151.08,270.8725,United Kingdom,1,3,5,5,355,Loyal Customers
14342,2011-11-18 13:21:00,4,668.5600000000001,347,18,21,-59.85000000000001,608.71,167.14000000000001,United Kingdom,1,4,4,3,443,Loyal Customers
14344,2011-08-04 13:51:00,8,889.9300000000001,477,56,127,0.0,889.9300000000001,111.24125000000001,United Kingdom,1,2,5,3,253,At-Risk High-Value
14345,2011-11-01 09:51:00,1,108.98,50,6,39,0.0,108.98,108.98,United Kingdom,1,3,1,1,311,Needs Attention
14346,2011-08-11 09:47:00,2,1021.58,605,55,121,0.0,1021.58,510.79,United Kingdom,1,2,3,4,234,At-Risk High-Value
14348,2011-03-24 16:23:00,1,409.57,183,18,260,0.0,409.57,409.57,United Kingdom,1,1,1,2,112,Lost / Low-Value
14349,2011-11-29 15:39:00,1,133.5,86,31,10,0.0,133.5,133.5,United Kingdom,1,5,1,1,511,New Inflow
14350,2011-03-10 14:14:00,1,282.93,183,18,274,-24.229999999999997,258.7,282.93,United Kingdom,1,1,1,2,112,Lost / Low-Value
14351,2011-06-28 11:56:00,1,51.0,12,1,165,0.0,51.0,51.0,United Kingdom,1,2,1,1,211,Lost / Low-Value
14352,2011-07-05 15:41:00,4,1078.96,538,44,157,0.0,1078.96,269.74,United Kingdom,1,2,4,4,244,At-Risk High-Value
14353,2011-05-08 16:06:00,1,90.6,64,6,215,0.0,90.6,90.6,United Kingdom,1,1,1,1,111,Lost / Low-Value
14354,2011-12-04 11:32:00,2,163.62,210,9,6,0.0,163.62,81.81,United Kingdom,1,5,3,1,531,Loyal Customers
14355,2010-12-09 12:16:00,1,174.4,92,11,366,0.0,174.4,174.4,United Kingdom,1,1,1,1,111,Lost / Low-Value
14356,2011-09-21 09:18:00,2,701.23,277,33,80,-34.29,666.94,350.615,United Kingdom,1,2,3,3,233,At-Risk High-Value
14357,2011-10-27 16:23:00,1,225.12,147,39,43,0.0,225.12,225.12,United Kingdom,1,3,1,1,311,Needs Attention
14359,2011-11-20 13:17:00,3,912.1800000000001,371,44,19,-29.6,882.58,304.06,United Kingdom,1,4,3,3,433,Loyal Customers
14360,2011-11-08 09:12:00,4,2118.03,1139,104,32,0.0,2118.03,529.5075,United Kingdom,1,4,4,5,445,Champions
14362,2011-11-17 15:08:00,1,151.5,96,37,22,0.0,151.5,151.5,United Kingdom,1,4,1,1,411,New Inflow
14364,2011-08-23 11:01:00,8,3717.35,1967,61,109,0.0,3717.35,464.66875,United Kingdom,1,2,5,5,255,At-Risk High-Value
14367,2011-12-01 13:19:00,16,9227.82,4426,270,8,-93.7,9134.119999999999,576.73875,United Kingdom,1,5,5,5,555,Champions
14368,2011-01-24 09:52:00,1,155.0,36,8,320,0.0,155.0,155.0,United Kingdom,1,1,1,1,111,Lost / Low-Value
14371,2011-02-17 16:35:00,1,100.5,34,4,295,0.0,100.5,100.5,United Kingdom,1,1,1,1,111,Lost / Low-Value
14373,2010-12-16 15:40:00,1,76.55,17,4,358,0.0,76.55,76.55,United Kingdom,1,1,1,1,111,Lost / Low-Value
14375,2011-06-07 13:44:00,1,235.56,184,57,185,0.0,235.56,235.56,United Kingdom,1,1,1,1,111,Lost / Low-Value
14377,2011-06-01 13:32:00,2,617.05,219,11,191,0.0,617.05,308.525,United Kingdom,1,1,3,3,133,At-Risk High-Value
14379,2011-10-26 16:43:00,2,348.1,292,39,44,0.0,348.1,174.05,United Kingdom,1,3,3,2,332,Loyal Customers
14381,2011-10-18 17:10:00,1,202.68,146,56,52,0.0,202.68,202.68,United Kingdom,1,3,1,1,311,Needs Attention
14382,2011-11-13 16:18:00,1,615.49,1231,121,26,0.0,615.49,615.49,United Kingdom,1,4,1,3,413,New Inflow
14383,2011-11-01 15:53:00,3,1247.69,817,49,38,0.0,1247.69,415.8966666666667,United Kingdom,1,3,3,4,334,Loyal Customers
14385,2011-11-30 15:36:00,3,202.10999999999999,159,13,9,0.0,202.10999999999999,67.36999999999999,United Kingdom,1,5,3,1,531,Loyal Customers
14386,2011-02-16 09:45:00,1,142.4,54,7,297,0.0,142.4,142.4,United Kingdom,1,1,1,1,111,Lost / Low-Value
14387,2011-11-07 12:29:00,3,1727.6,795,125,33,0.0,1727.6,575.8666666666667,United Kingdom,1,3,3,4,334,Loyal Customers
14388,2011-11-29 13:32:00,8,3212.84,1941,124,10,-40.8,3172.04,401.605,United Kingdom,1,5,5,5,555,Champions
14389,2011-10-05 15:17:00,2,1043.46,729,33,65,-43.74,999.72,521.73,United Kingdom,1,3,3,4,334,Loyal Customers
14390,2011-11-29 13:49:00,9,4642.57,2133,135,10,-60.35,4582.219999999999,515.8411111111111,United Kingdom,1,5,5,5,555,Champions
14393,2011-05-05 18:16:00,1,67.95,13,5,218,0.0,67.95,67.95,United Kingdom,1,1,1,1,111,Lost / Low-Value
14395,2011-12-07 14:34:00,9,3479.91,1689,181,2,-35.8,3444.1099999999997,386.65666666666664,United Kingdom,1,5,5,5,555,Champions
14396,2011-10-05 16:09:00,2,487.99,225,71,65,0.0,487.99,243.995,United Kingdom,1,3,3,3,333,Loyal Customers
14397,2011-12-07 09:22:00,19,2612.96,1890,18,3,-56.28,2556.68,137.52421052631578,United Kingdom,1,5,5,5,555,Champions
14400,2011-07-13 15:50:00,1,574.7,454,25,149,-15.0,559.7,574.7,United Kingdom,1,2,1,3,213,Lost / Low-Value
14401,2011-12-05 13:30:00,13,4051.48,4507,113,4,-11.5,4039.98,311.6523076923077,United Kingdom,1,5,5,5,555,Champions
14403,2011-08-01 12:57:00,4,1475.81,519,17,130,-49.5,1426.31,368.9525,United Kingdom,1,2,4,4,244,At-Risk High-Value
14404,2011-11-06 12:30:00,6,1449.32,827,70,34,-39.6,1409.72,241.5533333333333,United Kingdom,1,3,5,4,354,Loyal Customers
14406,2011-08-12 16:54:00,1,156.75,77,8,119,0.0,156.75,156.75,United Kingdom,1,2,1,1,211,Lost / Low-Value
14407,2011-08-24 14:02:00,5,2142.73,1414,66,107,-46.65,2096.08,428.546,United Kingdom,1,2,4,5,245,At-Risk High-Value
14408,2011-11-29 11:41:00,7,2599.03,1610,60,11,0.0,2599.03,371.29,United Kingdom,1,5,5,5,555,Champions
14409,2011-09-29 18:18:00,6,2059.4500000000003,1230,40,71,-151.20000000000002,1908.2500000000002,343.24166666666673,United Kingdom,1,3,5,4,354,Loyal Customers
14410,2011-09-08 15:08:00,9,1099.27,565,152,92,-511.82,587.45,122.14111111111112,United Kingdom,1,2,5,3,253,At-Risk High-Value
14411,2011-02-02 10:56:00,1,1063.0,196,14,311,0.0,1063.0,1063.0,United Kingdom,1,1,1,4,114,Lost / Low-Value
14412,2011-10-28 10:45:00,2,770.03,786,43,43,-8.7,761.3299999999999,385.015,United Kingdom,1,3,3,3,333,Loyal Customers
14413,2010-12-12 13:37:00,1,121.05,67,22,362,0.0,121.05,121.05,United Kingdom,1,1,1,1,111,Lost / Low-Value
14414,2011-09-09 12:09:00,7,1496.98,2512,79,92,-11.85,1485.13,213.8542857142857,United Kingdom,1,2,5,4,254,At-Risk High-Value
14415,2011-12-08 14:38:00,13,5855.57,2996,283,1,-88.72,5766.849999999999,450.42846153846153,United Kingdom,1,5,5,5,555,Champions
14416,2011-11-17 15:22:00,2,490.22,326,13,22,0.0,490.22,245.11,United Kingdom,1,4,3,3,433,Loyal Customers
14418,2011-12-06 11:39:00,3,1937.25,1711,114,4,0.0,1937.25,645.75,United Kingdom,1,5,3,4,534,Loyal Customers
14419,2011-11-29 11:22:00,6,1051.79,483,112,11,0.0,1051.79,175.29833333333332,United Kingdom,1,5,5,4,554,Champions
14420,2011-09-01 18:07:00,1,387.52,334,29,99,-1.65,385.87,387.52,United Kingdom,1,2,1,2,212,Lost / Low-Value
14421,2011-10-13 13:24:00,2,813.11,365,25,57,0.0,813.11,406.555,United Kingdom,1,3,3,3,333,Loyal Customers
14422,2011-12-09 11:26:00,6,4263.64,2906,189,1,0.0,4263.64,710.6066666666667,United Kingdom,1,5,5,5,555,Champions
14423,2011-05-05 15:12:00,1,265.2,120,3,218,0.0,265.2,265.2,United Kingdom,1,1,1,2,112,Lost / Low-Value
14424,2011-11-22 11:48:00,1,322.08,48,1,18,0.0,322.08,322.08,United Kingdom,1,4,1,2,412,New Inflow
14426,2011-11-16 12:25:00,10,4481.67,2699,183,24,-562.77,3918.9,448.16700000000003,United Kingdom,1,4,5,5,455,Champions
14427,2011-10-20 14:23:00,2,363.34000000000003,228,16,50,0.0,363.34000000000003,181.67000000000002,United Kingdom,1,3,3,2,332,Loyal Customers
14428,2011-12-02 13:17:00,5,1224.06,428,108,7,-14.690000000000001,1209.37,244.81199999999998,United Kingdom,1,5,4,4,544,Champions
14431,2011-02-10 10:40:00,1,470.36,130,17,303,-47.1,423.26,470.36,United Kingdom,1,1,1,2,112,Lost / Low-Value
14432,2011-11-30 08:04:00,6,2248.5,2013,256,10,0.0,2248.5,374.75,United Kingdom,1,5,5,5,555,Champions
14434,2011-11-18 08:56:00,6,1372.8,368,3,22,0.0,1372.8,228.79999999999998,United Kingdom,1,4,5,4,454,Champions
14436,2011-09-02 10:13:00,1,89.06,129,9,99,0.0,89.06,89.06,United Kingdom,1,2,1,1,211,Lost / Low-Value
14437,2010-12-09 09:27:00,1,63.0,60,5,366,0.0,63.0,63.0,United Kingdom,1,1,1,1,111,Lost / Low-Value
14438,2011-02-06 14:56:00,1,131.9,82,9,306,0.0,131.9,131.9,United Kingdom,1,1,1,1,111,Lost / Low-Value
14439,2011-01-24 11:39:00,1,2661.24,526,32,320,0.0,2661.24,2661.24,Greece,0,1,1,5,115,Lost / Low-Value
14440,2011-12-01 15:42:00,5,2357.68,588,33,8,0.0,2357.68,471.53599999999994,United Kingdom,1,5,4,5,545,Champions
14441,2011-12-09 09:07:00,4,1712.89,446,43,1,-167.75,1545.14,428.2225,United Kingdom,1,5,4,4,544,Champions
14442,2011-05-19 11:36:00,2,1589.82,482,58,205,-45.2,1544.62,794.91,Channel Islands,0,1,3,4,134,At-Risk High-Value
14443,2011-10-17 10:10:00,4,1420.2,938,84,54,-19.32,1400.88,355.05,United Kingdom,1,3,4,4,344,Loyal Customers
14446,2011-12-09 11:34:00,4,1005.55,856,232,1,0.0,1005.55,251.3875,United Kingdom,1,5,4,4,544,Champions
14447,2011-11-21 08:28:00,5,1163.23,571,54,19,0.0,1163.23,232.64600000000002,United Kingdom,1,4,4,4,444,Champions
14448,2011-11-30 13:50:00,2,375.35,104,20,9,0.0,375.35,187.675,United Kingdom,1,5,3,2,532,Loyal Customers
14449,2011-11-21 12:06:00,4,885.8,741,201,19,0.0,885.8,221.45,United Kingdom,1,4,4,3,443,Loyal Customers
14450,2011-06-12 10:46:00,3,483.25,241,32,181,0.0,483.25,161.08333333333334,United Kingdom,1,1,3,3,133,At-Risk High-Value
14451,2011-10-10 13:38:00,2,643.9,378,86,60,0.0,643.9,321.95,United Kingdom,1,3,3,3,333,Loyal Customers
14452,2011-11-29 12:06:00,2,259.05,116,55,11,0.0,259.05,129.525,United Kingdom,1,5,3,2,532,Loyal Customers
14453,2011-06-02 14:15:00,1,119.93,49,22,190,0.0,119.93,119.93,United Kingdom,1,1,1,1,111,Lost / Low-Value
14456,2011-12-04 13:59:00,9,3014.32,2848,579,5,-13.52,3000.8,334.9244444444445,United Kingdom,1,5,5,5,555,Champions
14457,2011-02-02 09:39:00,1,113.64,88,4,311,0.0,113.64,113.64,United Kingdom,1,1,1,1,111,Lost / Low-Value
14459,2011-07-07 13:35:00,1,1837.92,760,37,155,0.0,1837.92,1837.92,United Kingdom,1,2,1,4,214,Lost / Low-Value
14460,2011-08-21 14:19:00,3,434.34,881,14,110,-51.0,383.34,144.78,United Kingdom,1,2,3,2,232,Needs Attention
14461,2011-07-14 17:11:00,3,2102.67,765,172,148,0.0,2102.67,700.89,United Kingdom,1,2,3,5,235,At-Risk High-Value
14462,2011-10-04 15:55:00,11,1975.57,954,149,66,-33.120000000000005,1942.4499999999998,179.59727272727272,United Kingdom,1,3,5,4,354,Loyal Customers
14463,2011-09-02 15:20:00,3,529.62,179,6,98,0.0,529.62,176.54,United Kingdom,1,2,3,3,233,At-Risk High-Value
14465,2011-04-07 12:38:00,3,1038.44,398,107,247,0.0,1038.44,346.1466666666667,United Kingdom,1,1,3,4,134,At-Risk High-Value
14466,2011-11-10 14:07:00,7,2272.4,1006,35,29,0.0,2272.4,324.62857142857143,United Kingdom,1,4,5,5,455,Champions
14467,2011-11-22 12:48:00,4,596.26,276,67,18,0.0,596.26,149.065,United Kingdom,1,4,4,3,443,Loyal Customers
14470,2011-11-28 10:31:00,2,461.19,193,43,12,0.0,461.19,230.595,United Kingdom,1,5,3,2,532,Loyal Customers
14472,2011-08-28 11:01:00,8,1852.67,1135,153,104,0.0,1852.67,231.58375,United Kingdom,1,2,5,4,254,At-Risk High-Value
14473,2011-09-26 15:10:00,2,234.34,88,7,74,0.0,234.34,117.17,United Kingdom,1,2,3,1,231,Needs Attention
14474,2011-10-24 13:26:00,1,547.66,140,29,46,-9.95,537.7099999999999,547.66,United Kingdom,1,3,1,3,313,Needs Attention
14475,2011-09-29 10:46:00,3,925.85,447,35,72,-126.03,799.82,308.6166666666667,United Kingdom,1,2,3,3,233,At-Risk High-Value
14476,2011-03-27 15:39:00,1,193.0,110,17,257,0.0,193.0,193.0,United Kingdom,1,1,1,1,111,Lost / Low-Value
14477,2011-11-20 11:11:00,4,1309.6,720,7,20,-1.79,1307.81,327.4,United Kingdom,1,4,4,4,444,Champions
14479,2011-03-31 09:07:00,2,316.25,117,18,254,0.0,316.25,158.125,United Kingdom,1,1,3,2,132,Needs Attention
14480,2011-11-28 16:35:00,1,279.05,143,13,11,0.0,279.05,279.05,United Kingdom,1,5,1,2,512,New Inflow
14481,2011-06-28 10:38:00,2,636.51,489,25,165,0.0,636.51,318.255,United Kingdom,1,2,3,3,233,At-Risk High-Value
14482,2011-11-21 13:14:00,6,2022.81,1627,110,18,0.0,2022.81,337.135,United Kingdom,1,4,5,5,455,Champions
14483,2011-03-03 10:26:00,1,137.1,97,9,282,-7.9,129.2,137.1,United Kingdom,1,1,1,1,111,Lost / Low-Value
14484,2011-10-20 14:11:00,1,321.92,210,14,50,0.0,321.92,321.92,United Kingdom,1,3,1,2,312,Needs Attention
14485,2011-11-01 12:25:00,1,162.8,70,44,39,0.0,162.8,162.8,United Kingdom,1,3,1,1,311,Needs Attention
14487,2011-11-13 12:17:00,6,1165.48,712,112,27,-12.75,1152.73,194.24666666666667,United Kingdom,1,4,5,4,454,Champions
14488,2011-10-03 09:30:00,1,1064.28,799,46,68,-16.85,1047.43,1064.28,United Kingdom,1,3,1,4,314,Needs Attention
14489,2011-05-16 14:51:00,1,463.38,299,30,207,0.0,463.38,463.38,United Kingdom,1,1,1,2,112,Lost / Low-Value
14491,2011-06-17 15:22:00,2,340.93,139,17,175,0.0,340.93,170.465,United Kingdom,1,2,3,2,232,Needs Attention
14493,2011-12-02 16:14:00,5,2383.2400000000002,1285,95,7,-20.4,2362.84,476.648,United Kingdom,1,5,4,5,545,Champions
14494,2011-11-14 09:21:00,1,139.56,92,7,26,0.0,139.56,139.56,United Kingdom,1,4,1,1,411,New Inflow
14495,2011-10-20 12:28:00,2,123.80000000000001,62,6,51,0.0,123.80000000000001,61.900000000000006,United Kingdom,1,3,3,1,331,Loyal Customers
14496,2011-02-01 09:01:00,2,538.8100000000001,159,16,312,0.0,538.8100000000001,269.40500000000003,United Kingdom,1,1,3,3,133,At-Risk High-Value
14497,2011-02-03 17:01:00,1,475.37,235,29,309,-17.9,457.47,475.37,United Kingdom,1,1,1,2,112,Lost / Low-Value
14498,2011-10-28 12:09:00,5,1957.32,1098,162,43,0.0,1957.32,391.464,United Kingdom,1,3,4,4,344,Loyal Customers
14499,2011-11-13 13:01:00,3,808.44,496,146,26,0.0,808.44,269.48,United Kingdom,1,4,3,3,433,Loyal Customers
14500,2011-09-12 16:45:00,3,356.85,117,6,88,0.0,356.85,118.95,United Kingdom,1,2,3,2,232,Needs Attention
14501,2011-06-09 12:02:00,2,251.21,161,9,184,-60.9,190.31,125.605,United Kingdom,1,1,3,1,131,Needs Attention
14502,2011-11-20 11:50:00,11,2426.79,1464,367,20,-119.65,2307.14,220.61727272727273,United Kingdom,1,4,5,5,455,Champions
14503,2011-12-06 13:30:00,6,3543.26,2004,113,3,0.0,3543.26,590.5433333333334,United Kingdom,1,5,5,5,555,Champions
14504,2011-10-23 16:00:00,4,673.26,308,85,47,0.0,673.26,168.315,United Kingdom,1,3,4,3,343,Loyal Customers
14505,2011-11-22 15:45:00,8,5859.43,2739,540,17,-86.94,5772.490000000001,732.42875,United Kingdom,1,4,5,5,455,Champions
14506,2011-11-22 13:02:00,5,1960.65,704,204,17,0.0,1960.65,392.13,United Kingdom,1,4,4,4,444,Champions
14507,2011-11-16 12:21:00,6,1367.88,594,79,24,-15.0,1352.88,227.98000000000002,United Kingdom,1,4,5,4,454,Champions
14508,2011-11-17 19:48:00,2,268.05,129,52,22,0.0,268.05,134.025,United Kingdom,1,4,3,2,432,Loyal Customers
14511,2011-11-28 17:05:00,5,1314.81,784,53,11,-47.400000000000006,1267.4099999999999,262.962,United Kingdom,1,5,4,4,544,Champions
14512,2011-06-05 12:39:00,2,275.28,122,19,188,0.0,275.28,137.64,United Kingdom,1,1,3,2,132,Needs Attention
14513,2011-08-31 11:25:00,3,455.59000000000003,361,11,101,-17.1,438.49,151.86333333333334,United Kingdom,1,2,3,2,232,Needs Attention
14514,2011-10-09 16:05:00,3,990.2,564,65,61,0.0,990.2,330.06666666666666,United Kingdom,1,3,3,4,334,Loyal Customers
14515,2011-11-22 11:37:00,6,2076.89,1110,68,18,0.0,2076.89,346.1483333333333,United Kingdom,1,4,5,5,455,Champions
14517,2011-11-06 14:20:00,2,330.45,91,17,33,0.0,330.45,165.225,United Kingdom,1,3,3,2,332,Loyal Customers
14518,2011-10-06 14:43:00,1,174.37,278,16,64,0.0,174.37,174.37,United Kingdom,1,3,1,1,311,Needs Attention
14520,2011-12-08 09:46:00,2,270.6,146,3,2,0.0,270.6,135.3,United Kingdom,1,5,3,2,532,Loyal Customers
14522,2011-11-15 13:24:00,4,974.54,525,15,24,0.0,974.54,243.635,United Kingdom,1,4,4,4,444,Champions
14523,2011-08-23 13:13:00,1,241.09,251,12,108,0.0,241.09,241.09,United Kingdom,1,2,1,1,211,Lost / Low-Value
14524,2011-11-08 12:29:00,9,1843.83,669,161,32,0.0,1843.83,204.87,United Kingdom,1,4,5,4,454,Champions
14525,2011-11-20 11:37:00,9,4215.9,2637,217,20,-65.83,4150.07,468.4333333333333,United Kingdom,1,4,5,5,455,Champions
14527,2011-12-07 12:19:00,55,8506.13,2086,329,3,-28.6,8477.529999999999,154.65690909090907,United Kingdom,1,5,5,5,555,Champions
14528,2011-11-02 17:09:00,1,364.21999999999997,278,18,37,0.0,364.21999999999997,364.21999999999997,United Kingdom,1,3,1,2,312,Needs Attention
14529,2011-10-10 15:27:00,3,578.61,325,177,60,0.0,578.61,192.87,United Kingdom,1,3,3,3,333,Loyal Customers
14530,2011-11-14 10:38:00,6,2862.11,1395,140,26,0.0,2862.11,477.0183333333334,United Kingdom,1,4,5,5,455,Champions
14532,2011-04-17 13:05:00,4,932.85,284,45,236,0.0,932.85,233.2125,United Kingdom,1,1,4,4,144,At-Risk High-Value
14533,2011-11-15 12:05:00,7,1949.72,4019,53,25,-137.10000000000002,1812.62,278.5314285714286,United Kingdom,1,4,5,4,454,Champions
14534,2011-12-07 12:19:00,18,4395.65,2026,330,3,-371.7,4023.95,244.20277777777775,United Kingdom,1,5,5,5,555,Champions
14535,2011-10-10 15:39:00,3,2854.84,1824,280,60,-23.1,2831.7400000000002,951.6133333333333,United Kingdom,1,3,3,5,335,Loyal Customers
14536,2011-03-25 12:21:00,1,170.95,39,18,260,0.0,170.95,170.95,United Kingdom,1,1,1,1,111,Lost / Low-Value
14537,2011-10-13 10:54:00,1,355.56,120,10,58,0.0,355.56,355.56,United Kingdom,1,3,1,2,312,Needs Attention
14538,2011-10-06 10:31:00,2,388.25,155,19,65,0.0,388.25,194.125,United Kingdom,1,3,3,2,332,Loyal Customers
14539,2011-11-24 09:50:00,2,537.48,428,31,16,0.0,537.48,268.74,United Kingdom,1,4,3,3,433,Loyal Customers
14540,2011-11-30 10:15:00,3,952.66,411,64,10,0.0,952.66,317.55333333333334,United Kingdom,1,5,3,4,534,Loyal Customers
14541,2011-10-12 10:08:00,8,1453.35,641,71,59,0.0,1453.35,181.66875,United Kingdom,1,3,5,4,354,Loyal Customers
14542,2011-06-07 08:19:00,1,103.25,19,5,186,0.0,103.25,103.25,United Kingdom,1,1,1,1,111,Lost / Low-Value
14543,2011-11-11 12:45:00,16,3560.08,671,41,29,-614.86,2945.22,222.505,United Kingdom,1,4,5,5,455,Champions
14544,2011-11-15 15:06:00,2,2004.3,1536,97,24,0.0,2004.3,1002.15,United Kingdom,1,4,3,5,435,Loyal Customers
14546,2011-12-04 13:00:00,5,2573.93,1313,250,5,-91.07,2482.8599999999997,514.786,United Kingdom,1,5,4,5,545,Champions
14547,2011-12-06 11:06:00,8,3974.75,2639,198,4,-20.8,3953.95,496.84375,United Kingdom,1,5,5,5,555,Champions
14548,2011-07-12 12:19:00,2,652.8,256,2,151,0.0,652.8,326.4,United Kingdom,1,2,3,3,233,At-Risk High-Value
14549,2011-02-01 13:47:00,1,289.24,136,56,311,0.0,289.24,289.24,United Kingdom,1,1,1,2,112,Lost / Low-Value
14550,2011-11-29 12:12:00,2,757.37,389,38,11,0.0,757.37,378.685,United Kingdom,1,5,3,3,533,Loyal Customers
14551,2011-11-21 13:36:00,2,186.23,106,9,18,0.0,186.23,93.115,United Kingdom,1,4,3,1,431,Loyal Customers
14552,2011-07-11 12:49:00,1,164.22,90,57,152,0.0,164.22,164.22,United Kingdom,1,2,1,1,211,Lost / Low-Value
14553,2011-11-20 13:20:00,5,859.27,493,103,19,0.0,859.27,171.85399999999998,United Kingdom,1,4,4,3,443,Loyal Customers
14554,2011-11-29 16:44:00,4,2279.4900000000002,1443,147,10,0.0,2279.4900000000002,569.8725000000001,United Kingdom,1,5,4,5,545,Champions
14555,2011-10-13 16:24:00,2,312.54,122,18,57,0.0,312.54,156.27,United Kingdom,1,3,3,2,332,Loyal Customers
14560,2011-12-02 15:22:00,22,2237.77,1260,39,7,-63.59,2174.18,101.71681818181818,United Kingdom,1,5,5,5,555,Champions
14561,2011-09-25 12:39:00,3,1080.76,1014,67,76,0.0,1080.76,360.25333333333333,United Kingdom,1,2,3,4,234,At-Risk High-Value
14562,2011-12-06 11:05:00,18,5006.77,1815,187,4,-323.85,4682.92,278.1538888888889,United Kingdom,1,5,5,5,555,Champions
14565,2011-09-05 09:07:00,4,3099.12,1540,111,96,-25.35,3073.77,774.78,United Kingdom,1,2,4,5,245,At-Risk High-Value
14566,2011-08-21 11:05:00,1,1432.0,800,4,111,0.0,1432.0,1432.0,Channel Islands,0,2,1,4,214,Lost / Low-Value
14567,2011-10-14 10:21:00,2,1530.3600000000001,412,33,57,-5.9,1524.46,765.1800000000001,United Kingdom,1,3,3,4,334,Loyal Customers
14569,2011-12-08 14:58:00,1,227.39,79,10,1,0.0,227.39,227.39,United Kingdom,1,5,1,1,511,New Inflow
14570,2011-03-04 10:58:00,2,217.21,94,28,281,0.0,217.21,108.605,United Kingdom,1,1,3,1,131,Needs Attention
14572,2011-12-06 14:40:00,7,2804.54,1420,190,3,-29.15,2775.39,400.6485714285714,United Kingdom,1,5,5,5,555,Champions
14573,2011-06-13 11:15:00,9,1639.82,534,127,180,-49.699999999999996,1590.12,182.20222222222222,United Kingdom,1,1,5,4,154,At-Risk High-Value
14576,2010-12-02 17:51:00,1,35.400000000000006,12,1,372,0.0,35.400000000000006,35.400000000000006,United Kingdom,1,1,1,1,111,Lost / Low-Value
14577,2011-11-27 12:47:00,4,859.71,353,86,13,0.0,859.71,214.9275,United Kingdom,1,5,4,3,543,Loyal Customers
14578,2011-12-06 17:18:00,1,168.63,240,24,3,0.0,168.63,168.63,United Kingdom,1,5,1,1,511,New Inflow
14581,2011-11-23 12:39:00,1,138.6,217,16,17,0.0,138.6,138.6,United Kingdom,1,4,1,1,411,New Inflow
14582,2011-10-30 11:56:00,1,114.11,73,6,41,0.0,114.11,114.11,United Kingdom,1,3,1,1,311,Needs Attention
14583,2011-12-04 12:32:00,5,986.96,751,243,6,0.0,986.96,197.392,United Kingdom,1,5,4,4,544,Champions
14584,2011-06-23 18:33:00,4,1033.06,381,68,169,-13.0,1020.06,258.265,United Kingdom,1,2,4,4,244,At-Risk High-Value
14585,2011-10-20 14:33:00,1,157.05,91,29,50,0.0,157.05,157.05,United Kingdom,1,3,1,1,311,Needs Attention
14586,2011-03-08 10:04:00,1,237.35999999999999,444,19,277,-103.2,134.15999999999997,237.35999999999999,United Kingdom,1,1,1,1,111,Lost / Low-Value
14587,2011-11-21 11:34:00,9,1580.29,749,170,19,-2.9,1577.3899999999999,175.58777777777777,United Kingdom,1,4,5,4,454,Champions
14589,2010-12-03 11:42:00,1,39.75,5,3,372,0.0,39.75,39.75,United Kingdom,1,1,1,1,111,Lost / Low-Value
14591,2011-11-24 13:57:00,4,1320.21,1228,138,15,0.0,1320.21,330.0525,United Kingdom,1,4,4,4,444,Champions
14592,2011-11-04 16:35:00,3,557.94,407,132,35,0.0,557.94,185.98000000000002,United Kingdom,1,3,3,3,333,Loyal Customers
14593,2011-11-18 12:48:00,3,617.15,330,127,22,0.0,617.15,205.71666666666667,United Kingdom,1,4,3,3,433,Loyal Customers
14594,2011-12-02 13:28:00,2,363.33,183,48,7,0.0,363.33,181.665,United Kingdom,1,5,3,2,532,Loyal Customers
14595,2011-11-20 12:12:00,6,1740.6000000000001,978,94,20,0.0,1740.6000000000001,290.1,United Kingdom,1,4,5,4,454,Champions
14597,2011-11-28 13:13:00,2,866.24,566,45,11,0.0,866.24,433.12,United Kingdom,1,5,3,3,533,Loyal Customers
14598,2011-10-26 13:19:00,1,221.97,189,49,44,0.0,221.97,221.97,United Kingdom,1,3,1,1,311,Needs Attention
14600,2011-02-07 09:48:00,1,393.33000000000004,125,25,306,0.0,393.33000000000004,393.33000000000004,United Kingdom,1,1,1,2,112,Lost / Low-Value
14601,2011-11-29 09:48:00,1,213.96,168,7,11,0.0,213.96,213.96,United Kingdom,1,5,1,1,511,New Inflow
14603,2011-03-10 10:27:00,1,660.0,400,2,275,0.0,660.0,660.0,United Kingdom,1,1,1,3,113,Lost / Low-Value
14606,2011-12-08 19:28:00,90,11926.15,6177,816,1,-439.55,11486.6,132.51277777777779,United Kingdom,1,5,5,5,555,Champions
14607,2011-11-24 10:35:00,12,15021.5,10734,37,16,-5228.4,9793.1,1251.7916666666667,United Kingdom,1,4,5,5,455,Champions
14608,2011-12-05 16:52:00,4,1785.15,437,8,4,0.0,1785.15,446.2875,United Kingdom,1,5,4,4,544,Champions
14609,2011-09-28 12:54:00,4,601.56,7026,2,72,0.0,601.56,150.39,United Kingdom,1,2,4,3,243,At-Risk High-Value
14616,2011-04-11 09:54:00,3,406.08000000000004,104,2,243,0.0,406.08000000000004,135.36,United Kingdom,1,1,3,2,132,Needs Attention
14618,2011-11-30 13:45:00,3,553.44,264,10,9,-14.85,538.59,184.48000000000002,United Kingdom,1,5,3,3,533,Loyal Customers
14619,2011-04-08 07:37:00,1,394.44,152,20,246,-14.93,379.51,394.44,United Kingdom,1,1,1,2,112,Lost / Low-Value
14620,2011-05-18 11:58:00,2,412.78000000000003,214,26,206,-19.5,393.28000000000003,206.39000000000001,United Kingdom,1,1,3,2,132,Needs Attention
14621,2011-12-08 16:22:00,5,1788.3600000000001,993,80,1,-22.6,1765.7600000000002,357.672,United Kingdom,1,5,4,4,544,Champions
14622,2011-06-08 12:42:00,1,320.58000000000004,146,21,185,0.0,320.58000000000004,320.58000000000004,United Kingdom,1,1,1,2,112,Lost / Low-Value
14623,2011-11-07 13:56:00,5,882.02,406,107,32,-19.9,862.12,176.404,United Kingdom,1,4,4,3,443,Loyal Customers
14624,2011-10-13 13:44:00,2,225.85,162,13,57,0.0,225.85,112.925,United Kingdom,1,3,3,1,331,Loyal Customers
14625,2011-05-27 15:32:00,2,899.63,335,51,196,-51.15,848.48,449.815,United Kingdom,1,1,3,3,133,At-Risk High-Value
14626,2011-11-16 10:37:00,4,2791.27,1403,108,24,-34.2,2757.07,697.8175,United Kingdom,1,4,4,5,445,Champions
14628,2011-09-09 14:58:00,2,671.96,272,22,91,0.0,671.96,335.98,United Kingdom,1,2,3,3,233,At-Risk High-Value
14629,2011-12-05 16:55:00,2,955.26,378,133,4,-19.8,935.46,477.63,United Kingdom,1,5,3,4,534,Loyal Customers
14631,2011-10-20 11:17:00,3,1006.98,622,38,51,0.0,1006.98,335.66,United Kingdom,1,3,3,4,334,Loyal Customers
14632,2011-03-22 08:49:00,1,114.56,96,8,263,0.0,114.56,114.56,United Kingdom,1,1,1,1,111,Lost / Low-Value
14633,2011-03-18 17:07:00,1,344.90000000000003,96,20,266,0.0,344.90000000000003,344.90000000000003,United Kingdom,1,1,1,2,112,Lost / Low-Value
14636,2011-11-03 16:12:00,2,609.85,241,27,36,0.0,609.85,304.925,United Kingdom,1,3,3,3,333,Loyal Customers
14638,2011-10-20 10:10:00,1,443.6,166,16,51,0.0,443.6,443.6,United Kingdom,1,3,1,2,312,Needs Attention
14639,2011-10-18 15:06:00,6,2984.4900000000002,1431,138,52,-32.15,2952.34,497.415,United Kingdom,1,3,5,5,355,Loyal Customers
14640,2011-11-15 13:07:00,6,2107.38,880,87,24,-82.93,2024.45,351.23,United Kingdom,1,4,5,5,455,Champions
14641,2011-11-18 10:42:00,1,110.46000000000001,90,7,22,0.0,110.46000000000001,110.46000000000001,United Kingdom,1,4,1,1,411,New Inflow
14642,2011-10-12 11:08:00,1,96.12,76,2,59,0.0,96.12,96.12,United Kingdom,1,3,1,1,311,Needs Attention
14643,2011-06-22 14:41:00,2,693.8100000000001,815,30,170,-25.200000000000003,668.61,346.90500000000003,United Kingdom,1,2,3,3,233,At-Risk High-Value
14644,2011-10-03 08:30:00,2,830.76,258,26,68,-50.3,780.46,415.38,United Kingdom,1,3,3,3,333,Loyal Customers
14645,2011-07-06 09:15:00,2,597.09,381,28,157,0.0,597.09,298.545,United Kingdom,1,2,3,3,233,At-Risk High-Value
14646,2011-12-08 12:12:00,72,279138.02,196844,699,2,-360.0,278778.02,3876.9169444444447,Netherlands,0,5,5,5,555,Champions
14647,2011-05-22 13:40:00,1,236.04000000000002,91,24,201,0.0,236.04000000000002,236.04000000000002,United Kingdom,1,1,1,1,111,Lost / Low-Value
14649,2011-12-05 12:30:00,4,1402.59,1004,148,5,0.0,1402.59,350.6475,United Kingdom,1,5,4,4,544,Champions
14651,2011-10-03 15:52:00,2,653.75,343,95,67,0.0,653.75,326.875,United Kingdom,1,3,3,3,333,Loyal Customers
14652,2011-09-23 14:21:00,1,114.18,53,29,77,0.0,114.18,114.18,United Kingdom,1,2,1,1,211,Lost / Low-Value
14653,2011-12-08 13:45:00,7,1916.7,944,153,1,0.0,1916.7,273.81428571428575,United Kingdom,1,5,5,4,554,Champions
14655,2011-12-01 16:28:00,4,1932.23,1089,35,8,-2.08,1930.15,483.0575,United Kingdom,1,5,4,4,544,Champions
14656,2011-06-23 13:51:00,2,291.05,120,73,169,0.0,291.05,145.525,United Kingdom,1,2,3,2,232,Needs Attention
14657,2011-11-22 12:47:00,4,848.22,466,103,18,-9.95,838.27,212.055,United Kingdom,1,4,4,3,443,Loyal Customers
14658,2011-12-04 15:35:00,2,247.15,47,27,5,0.0,247.15,123.575,United Kingdom,1,5,3,2,532,Loyal Customers
14659,2011-12-01 12:17:00,9,2529.93,1195,147,9,-73.4,2456.5299999999997,281.1033333333333,United Kingdom,1,5,5,5,555,Champions
14660,2011-09-14 11:34:00,2,285.74,228,24,87,0.0,285.74,142.87,United Kingdom,1,2,3,2,232,Needs Attention
14661,2011-11-13 11:51:00,1,107.95,35,4,27,0.0,107.95,107.95,United Kingdom,1,4,1,1,411,New Inflow
14662,2011-11-11 12:13:00,4,741.37,578,143,29,0.0,741.37,185.3425,United Kingdom,1,4,4,3,443,Loyal Customers
14664,2011-11-20 10:59:00,2,636.24,465,78,20,0.0,636.24,318.12,United Kingdom,1,4,3,3,433,Loyal Customers
14665,2011-10-10 09:14:00,5,1835.7,740,63,61,-577.32,1258.38,367.14,United Kingdom,1,3,4,4,344,Loyal Customers
14666,2011-11-15 12:57:00,1,179.95,155,13,24,0.0,179.95,179.95,United Kingdom,1,4,1,1,411,New Inflow
14667,2011-11-29 11:30:00,25,9170.79,5318,353,11,-10.0,9160.79,366.83160000000004,United Kingdom,1,5,5,5,555,Champions
14669,2011-04-12 11:43:00,3,1259.24,770,158,242,0.0,1259.24,419.74666666666667,United Kingdom,1,1,3,4,134,At-Risk High-Value
14670,2011-03-04 14:13:00,2,392.86,326,107,280,0.0,392.86,196.43,United Kingdom,1,1,3,2,132,Needs Attention
14672,2011-04-19 10:19:00,2,765.5500000000001,454,58,235,0.0,765.5500000000001,382.77500000000003,United Kingdom,1,1,3,3,133,At-Risk High-Value
14673,2011-12-06 14:31:00,5,1736.4,1004,39,3,0.0,1736.4,347.28000000000003,United Kingdom,1,5,4,4,544,Champions
14675,2011-11-23 12:58:00,1,596.36,336,93,16,0.0,596.36,596.36,United Kingdom,1,4,1,3,413,New Inflow
14676,2011-11-08 13:29:00,6,2548.2400000000002,2500,29,31,-5.0,2543.2400000000002,424.7066666666667,United Kingdom,1,4,5,5,455,Champions
14680,2011-11-14 16:59:00,16,28754.11,13476,73,25,-1821.77,26932.34,1797.131875,United Kingdom,1,4,5,5,455,Champions
14681,2011-09-29 15:52:00,3,498.95,76,6,71,0.0,498.95,166.31666666666666,United Kingdom,1,3,3,3,333,Loyal Customers
14682,2011-06-05 12:12:00,2,52.0,80,1,188,0.0,52.0,26.0,United Kingdom,1,1,3,1,131,Needs Attention
14684,2011-11-14 11:33:00,5,1201.51,821,231,26,0.0,1201.51,240.302,United Kingdom,1,4,4,4,444,Champions
14687,2011-08-25 11:59:00,1,628.38,470,15,107,0.0,628.38,628.38,United Kingdom,1,2,1,3,213,Lost / Low-Value
14688,2011-12-02 12:26:00,21,5579.1,3584,148,8,-523.49,5055.610000000001,265.6714285714286,United Kingdom,1,5,5,5,555,Champions
14689,2011-05-15 11:22:00,1,112.80000000000001,76,13,209,0.0,112.80000000000001,112.80000000000001,United Kingdom,1,1,1,1,111,Lost / Low-Value
14690,2011-10-26 15:39:00,2,355.05,167,40,44,-13.090000000000002,341.96000000000004,177.525,United Kingdom,1,3,3,2,332,Loyal Customers
14691,2011-11-09 12:30:00,5,2114.33,707,50,31,0.0,2114.33,422.866,United Kingdom,1,4,4,5,445,Champions
14692,2011-07-25 15:08:00,4,591.55,265,53,137,-9.5,582.05,147.8875,United Kingdom,1,2,4,3,243,At-Risk High-Value
14693,2011-03-20 12:50:00,1,172.9,34,8,265,0.0,172.9,172.9,United Kingdom,1,1,1,1,111,Lost / Low-Value
14696,2011-12-05 13:43:00,7,2078.95,1630,117,4,-7.98,2070.97,296.99285714285713,United Kingdom,1,5,5,5,555,Champions
14697,2011-05-05 15:39:00,2,188.61,181,22,218,0.0,188.61,94.305,United Kingdom,1,1,3,1,131,Needs Attention
14698,2011-12-08 12:26:00,5,1217.27,602,148,2,0.0,1217.27,243.454,United Kingdom,1,5,4,4,544,Champions
14699,2011-05-09 14:54:00,1,109.13000000000001,77,8,214,0.0,109.13000000000001,109.13000000000001,United Kingdom,1,1,1,1,111,Lost / Low-Value
14700,2011-11-07 14:40:00,3,2195.1,1314,80,32,0.0,2195.1,731.6999999999999,United Kingdom,1,4,3,5,435,Loyal Customers
14701,2011-11-29 12:38:00,9,2526.09,921,268,11,-63.15,2462.94,280.6766666666667,United Kingdom,1,5,5,5,555,Champions
14702,2011-12-08 19:29:00,17,3251.79,1439,196,1,-41.5,3210.29,191.28176470588235,United Kingdom,1,5,5,5,555,Champions
14703,2011-11-25 09:23:00,1,318.17,183,22,15,0.0,318.17,318.17,United Kingdom,1,4,1,2,412,New Inflow
14704,2011-11-20 12:20:00,7,1461.6200000000001,1035,286,20,0.0,1461.6200000000001,208.80285714285716,United Kingdom,1,4,5,4,454,Champions
14705,2011-05-25 12:39:00,1,179.0,100,1,199,0.0,179.0,179.0,United Kingdom,1,1,1,1,111,Lost / Low-Value
14708,2011-12-07 08:21:00,3,1126.3700000000001,621,25,3,-29.700000000000003,1096.67,375.4566666666667,United Kingdom,1,5,3,4,534,Loyal Customers
14709,2011-11-24 15:41:00,13,4921.04,2484,71,15,-9.9,4911.14,378.54153846153844,United Kingdom,1,4,5,5,455,Champions
14710,2011-11-25 14:53:00,4,599.48,375,124,14,0.0,599.48,149.87,United Kingdom,1,4,4,3,443,Loyal Customers
14711,2011-11-29 14:58:00,11,2839.62,966,221,10,-30.6,2809.02,258.1472727272727,United Kingdom,1,5,5,5,555,Champions
14712,2011-11-10 12:59:00,3,917.07,315,21,29,0.0,917.07,305.69,United Kingdom,1,4,3,4,434,Loyal Customers
14713,2011-11-30 16:26:00,11,2662.2,1613,146,9,-2.1,2660.1,242.0181818181818,United Kingdom,1,5,5,5,555,Champions
14714,2011-11-15 13:07:00,1,160.19,229,10,24,0.0,160.19,160.19,United Kingdom,1,4,1,1,411,New Inflow
14715,2011-11-15 12:10:00,4,867.38,521,60,25,0.0,867.38,216.845,United Kingdom,1,4,4,3,443,Loyal Customers
14716,2011-10-27 17:29:00,2,307.51,495,46,43,0.0,307.51,153.755,United Kingdom,1,3,3,2,332,Loyal Customers
14719,2011-12-08 12:43:00,5,1581.84,1025,177,2,-9.95,1571.8899999999999,316.368,United Kingdom,1,5,4,4,544,Champions
14720,2011-12-04 12:02:00,3,663.81,219,34,6,0.0,663.81,221.26999999999998,United Kingdom,1,5,3,3,533,Loyal Customers
14722,2011-07-15 14:58:00,1,180.42,118,28,147,0.0,180.42,180.42,United Kingdom,1,2,1,1,211,Lost / Low-Value
14723,2011-11-29 15:23:00,6,1120.66,671,192,10,0.0,1120.66,186.77666666666667,United Kingdom,1,5,5,4,554,Champions
14725,2011-11-15 12:42:00,1,655.58,588,45,25,0.0,655.58,655.58,United Kingdom,1,4,1,3,413,New Inflow
14727,2011-03-10 14:45:00,1,268.58,62,10,274,0.0,268.58,268.58,United Kingdom,1,1,1,2,112,Lost / Low-Value
14729,2010-12-01 12:43:00,1,313.49,197,69,374,0.0,313.49,313.49,United Kingdom,1,1,1,2,112,Lost / Low-Value
14730,2011-12-08 14:39:00,8,1897.57,1078,317,1,0.0,1897.57,237.19625,United Kingdom,1,5,5,4,554,Champions
14731,2011-10-23 15:54:00,3,380.02,256,38,47,0.0,380.02,126.67333333333333,United Kingdom,1,3,3,2,332,Loyal Customers
14732,2011-12-01 14:34:00,8,2702.4900000000002,1405,105,8,-16.15,2686.34,337.81125000000003,United Kingdom,1,5,5,5,555,Champions
14733,2011-11-23 15:39:00,12,9585.91,3764,102,16,-134.37,9451.539999999999,798.8258333333333,United Kingdom,1,4,5,5,455,Champions
14735,2011-12-06 12:09:00,31,6050.6900000000005,2263,98,4,-258.0,5792.6900000000005,195.18354838709678,United Kingdom,1,5,5,5,555,Champions
14737,2011-12-06 10:16:00,3,1164.55,345,15,4,0.0,1164.55,388.18333333333334,United Kingdom,1,5,3,4,534,Loyal Customers
14738,2011-10-28 08:56:00,7,1314.45,601,39,43,-24.509999999999998,1289.94,187.77857142857144,United Kingdom,1,3,5,4,354,Loyal Customers
14739,2011-12-05 16:54:00,7,3902.28,3820,47,4,-3.18,3899.1000000000004,557.4685714285714,United Kingdom,1,5,5,5,555,Champions
14740,2011-05-26 18:17:00,3,1448.21,735,85,197,-25.0,1423.21,482.7366666666667,United Kingdom,1,1,3,4,134,At-Risk High-Value
14741,2011-11-28 08:48:00,6,1400.3400000000001,841,35,12,0.0,1400.3400000000001,233.39000000000001,United Kingdom,1,5,5,4,554,Champions
14744,2011-11-23 12:51:00,7,1099.98,627,21,16,-11.45,1088.53,157.14000000000001,United Kingdom,1,4,5,4,454,Champions
14745,2011-08-19 10:05:00,5,1220.26,1038,46,113,-53.1,1167.16,244.052,United Kingdom,1,2,4,4,244,At-Risk High-Value
14747,2011-04-04 14:09:00,1,328.2,84,18,249,-33.9,294.3,328.2,United Kingdom,1,1,1,2,112,Lost / Low-Value
14748,2011-11-10 18:33:00,5,1415.75,1223,87,29,-96.9,1318.85,283.15,United Kingdom,1,4,4,4,444,Champions
14752,2011-10-27 11:55:00,1,389.64000000000004,260,5,44,0.0,389.64000000000004,389.64000000000004,United Kingdom,1,3,1,2,312,Needs Attention
14753,2011-09-13 14:50:00,1,563.15,211,30,87,0.0,563.15,563.15,United Kingdom,1,2,1,3,213,Lost / Low-Value
14754,2011-10-26 12:01:00,2,638.05,486,38,45,0.0,638.05,319.025,United Kingdom,1,3,3,3,333,Loyal Customers
14755,2011-11-30 11:24:00,11,5010.28,2219,128,10,-44.900000000000006,4965.38,455.47999999999996,United Kingdom,1,5,5,5,555,Champions
14756,2011-11-24 18:13:00,1,738.96,416,38,15,0.0,738.96,738.96,United Kingdom,1,4,1,3,413,New Inflow
14757,2011-09-25 14:36:00,1,420.5,160,19,75,0.0,420.5,420.5,United Kingdom,1,2,1,2,212,Lost / Low-Value
14758,2011-07-18 08:21:00,4,1484.06,419,54,145,0.0,1484.06,371.015,United Kingdom,1,2,4,4,244,At-Risk High-Value
14759,2011-12-05 12:03:00,3,1625.97,569,92,5,0.0,1625.97,541.99,United Kingdom,1,5,3,4,534,Loyal Customers
14760,2011-02-15 16:27:00,1,89.2,40,5,297,-35.400000000000006,53.8,89.2,United Kingdom,1,1,1,1,111,Lost / Low-Value
14761,2011-10-12 12:10:00,2,255.9,118,11,59,0.0,255.9,127.95,United Kingdom,1,3,3,2,332,Loyal Customers
14762,2011-03-21 08:20:00,1,300.52,341,21,264,0.0,300.52,300.52,United Kingdom,1,1,1,2,112,Lost / Low-Value
14764,2011-10-24 11:54:00,1,278.3,190,6,47,-27.75,250.55,278.3,United Kingdom,1,3,1,2,312,Needs Attention
14765,2011-11-10 19:53:00,3,254.11,135,38,29,0.0,254.11,84.70333333333333,United Kingdom,1,4,3,2,432,Loyal Customers
14766,2011-12-01 16:05:00,6,2473.37,1349,111,8,-50.3,2423.0699999999997,412.2283333333333,United Kingdom,1,5,5,5,555,Champions
14768,2011-11-22 12:54:00,2,192.60000000000002,52,4,17,-53.1,139.50000000000003,96.30000000000001,United Kingdom,1,4,3,1,431,Loyal Customers
14769,2011-12-07 10:24:00,8,10415.33,7238,717,3,-33.15,10382.18,1301.91625,United Kingdom,1,5,5,5,555,Champions
14770,2011-04-21 14:21:00,2,876.4200000000001,490,49,232,0.0,876.4200000000001,438.21000000000004,United Kingdom,1,1,3,3,133,At-Risk High-Value
14772,2011-08-19 15:04:00,1,139.26,82,9,112,0.0,139.26,139.26,United Kingdom,1,2,1,1,211,Lost / Low-Value
14775,2011-10-12 15:27:00,3,1011.9,1174,57,58,0.0,1011.9,337.3,United Kingdom,1,3,3,4,334,Loyal Customers
14776,2011-10-19 15:34:00,11,2538.2999999999997,3134,44,51,-342.71999999999997,2195.58,230.75454545454542,United Kingdom,1,3,5,5,355,Loyal Customers
14778,2011-08-04 15:23:00,2,730.86,306,34,127,0.0,730.86,365.43,United Kingdom,1,2,3,3,233,At-Risk High-Value
14779,2011-03-04 12:42:00,3,386.15,84,40,281,0.0,386.15,128.71666666666667,United Kingdom,1,1,3,2,132,Needs Attention
14780,2011-10-16 12:46:00,2,447.68,310,26,55,0.0,447.68,223.84,United Kingdom,1,3,3,2,332,Loyal Customers
14782,2011-01-24 11:12:00,1,200.10000000000002,114,6,320,0.0,200.10000000000002,200.10000000000002,United Kingdom,1,1,1,1,111,Lost / Low-Value
14784,2011-11-13 13:30:00,2,289.99,237,15,26,0.0,289.99,144.995,United Kingdom,1,4,3,2,432,Loyal Customers
14785,2011-11-29 13:21:00,2,77.4,84,2,10,0.0,77.4,38.7,United Kingdom,1,5,3,1,531,Loyal Customers
14788,2011-12-02 17:06:00,2,679.44,421,26,7,0.0,679.44,339.72,United Kingdom,1,5,3,3,533,Loyal Customers
14789,2011-11-11 08:59:00,1,197.64,116,6,29,0.0,197.64,197.64,United Kingdom,1,4,1,1,411,New Inflow
14790,2011-11-23 09:28:00,4,745.06,699,30,17,0.0,745.06,186.265,United Kingdom,1,4,4,3,443,Loyal Customers
14793,2011-11-18 14:50:00,1,228.99,91,14,21,-14.85,214.14000000000001,228.99,United Kingdom,1,4,1,1,411,New Inflow
14794,2011-12-07 10:11:00,7,1319.91,673,68,3,-47.8,1272.1100000000001,188.55857142857144,United Kingdom,1,5,5,4,554,Champions
14795,2011-06-26 13:04:00,1,131.45000000000002,17,6,166,0.0,131.45000000000002,131.45000000000002,United Kingdom,1,2,1,1,211,Lost / Low-Value
14796,2011-12-08 15:31:00,17,7973.93,5991,402,1,-182.98,7790.950000000001,469.05470588235295,United Kingdom,1,5,5,5,555,Champions
14798,2011-10-18 10:58:00,3,173.74,150,11,53,0.0,173.74,57.913333333333334,United Kingdom,1,3,3,1,331,Loyal Customers
14799,2011-10-19 16:16:00,1,157.7,146,13,51,0.0,157.7,157.7,United Kingdom,1,3,1,1,311,Needs Attention
14800,2011-10-23 12:46:00,12,4331.79,3644,246,48,-103.4,4228.39,360.9825,United Kingdom,1,3,5,5,355,Loyal Customers
14801,2011-10-09 15:24:00,1,189.34,173,56,61,0.0,189.34,189.34,United Kingdom,1,3,1,1,311,Needs Attention
14803,2011-06-30 13:58:00,3,845.5500000000001,370,35,162,0.0,845.5500000000001,281.85,United Kingdom,1,2,3,3,233,At-Risk High-Value
14804,2011-12-01 11:20:00,1,353.27,121,12,9,0.0,353.27,353.27,United Kingdom,1,5,1,2,512,New Inflow
14805,2011-11-24 16:20:00,4,546.4,114,30,15,0.0,546.4,136.6,United Kingdom,1,4,4,3,443,Loyal Customers
14806,2011-09-25 15:32:00,1,193.39000000000001,330,11,75,0.0,193.39000000000001,193.39000000000001,United Kingdom,1,2,1,1,211,Lost / Low-Value
14808,2011-10-31 12:21:00,8,2718.6,2120,176,40,-440.8,2277.7999999999997,339.825,United Kingdom,1,3,5,5,355,Loyal Customers
14810,2011-10-30 11:19:00,11,2085.33,1015,106,41,0.0,2085.33,189.57545454545453,United Kingdom,1,3,5,5,355,Loyal Customers
14813,2010-12-05 11:57:00,2,152.88,66,25,370,0.0,152.88,76.44,United Kingdom,1,1,3,1,131,Needs Attention
14815,2011-11-03 11:36:00,2,778.5,744,53,37,0.0,778.5,389.25,United Kingdom,1,3,3,3,333,Loyal Customers
14816,2011-05-26 13:16:00,1,271.85,5,4,197,0.0,271.85,271.85,United Kingdom,1,1,1,2,112,Lost / Low-Value
14817,2011-05-23 13:35:00,2,1110.34,655,52,200,0.0,1110.34,555.17,United Kingdom,1,1,3,4,134,At-Risk High-Value
14818,2011-09-27 11:01:00,3,657.8,324,41,74,0.0,657.8,219.26666666666665,United Kingdom,1,2,3,3,233,At-Risk High-Value
14819,2011-10-06 13:41:00,2,272.07,109,13,64,0.0,272.07,136.035,United Kingdom,1,3,3,2,332,Loyal Customers
14820,2011-11-18 15:41:00,4,507.29,253,24,21,0.0,507.29,126.8225,United Kingdom,1,4,4,3,443,Loyal Customers
14821,2010-12-08 08:43:00,1,48.800000000000004,20,2,367,0.0,48.800000000000004,48.800000000000004,United Kingdom,1,1,1,1,111,Lost / Low-Value
14823,2011-06-12 13:12:00,3,321.43,88,56,180,0.0,321.43,107.14333333333333,United Kingdom,1,1,3,2,132,Needs Attention
14824,2011-11-29 14:20:00,4,1127.71,525,19,10,0.0,1127.71,281.9275,United Kingdom,1,5,4,4,544,Champions
14825,2011-12-06 11:38:00,12,2221.01,989,82,4,0.0,2221.01,185.08416666666668,United Kingdom,1,5,5,5,555,Champions
14828,2011-05-27 10:16:00,3,2139.76,2172,17,197,0.0,2139.76,713.2533333333334,United Kingdom,1,1,3,5,135,At-Risk High-Value
14829,2011-11-10 16:16:00,4,697.55,452,39,29,-52.9,644.65,174.3875,United Kingdom,1,4,4,3,443,Loyal Customers
14830,2011-10-17 14:29:00,1,188.03,163,38,53,0.0,188.03,188.03,United Kingdom,1,3,1,1,311,Needs Attention
14834,2011-11-22 10:30:00,6,1720.3,734,43,18,-21.95,1698.35,286.71666666666664,United Kingdom,1,4,5,4,454,Champions
14836,2011-11-29 16:45:00,3,102.45,45,5,10,0.0,102.45,34.15,United Kingdom,1,5,3,1,531,Loyal Customers
14837,2011-09-11 10:58:00,4,1649.5,1436,96,90,-8.3,1641.2,412.375,United Kingdom,1,2,4,4,244,At-Risk High-Value
14840,2011-03-17 12:00:00,1,62.85,31,4,268,0.0,62.85,62.85,United Kingdom,1,1,1,1,111,Lost / Low-Value
14841,2011-10-17 15:03:00,6,3295.76,1778,103,53,0.0,3295.76,549.2933333333334,United Kingdom,1,3,5,5,355,Loyal Customers
14842,2011-10-27 12:37:00,4,2824.69,1166,128,44,-367.89,2456.8,706.1725,United Kingdom,1,3,4,5,345,Loyal Customers
14844,2011-10-07 10:41:00,4,3189.81,1833,87,64,0.0,3189.81,797.4525,United Kingdom,1,3,4,5,345,Loyal Customers
14847,2011-07-14 10:52:00,1,309.40000000000003,120,13,149,0.0,309.40000000000003,309.40000000000003,United Kingdom,1,2,1,2,212,Lost / Low-Value
14849,2011-11-18 10:58:00,25,7930.54,5694,159,22,-26.259999999999998,7904.28,317.2216,United Kingdom,1,4,5,5,455,Champions
14850,2011-02-01 11:21:00,1,325.75,293,21,312,-47.6,278.15,325.75,United Kingdom,1,1,1,2,112,Lost / Low-Value
14851,2011-11-16 14:20:00,2,511.35,325,28,23,0.0,511.35,255.675,United Kingdom,1,4,3,3,433,Loyal Customers
14852,2011-10-12 13:20:00,6,2836.69,1747,96,58,0.0,2836.69,472.7816666666667,United Kingdom,1,3,5,5,355,Loyal Customers
14853,2011-11-15 16:56:00,2,475.8,82,8,24,-12.75,463.05,237.9,United Kingdom,1,4,3,2,432,Loyal Customers
14854,2011-09-22 17:00:00,7,2740.03,1820,110,78,-9.94,2730.09,391.4328571428572,United Kingdom,1,2,5,5,255,At-Risk High-Value
14855,2011-08-12 14:02:00,2,645.65,267,13,119,0.0,645.65,322.825,United Kingdom,1,2,3,3,233,At-Risk High-Value
14856,2011-11-03 14:53:00,3,1290.53,711,65,36,0.0,1290.53,430.1766666666667,United Kingdom,1,3,3,4,334,Loyal Customers
14857,2011-10-11 09:23:00,2,1173.1200000000001,464,58,60,-7.47,1165.65,586.5600000000001,United Kingdom,1,3,3,4,334,Loyal Customers
14859,2011-11-27 11:18:00,4,1353.74,671,47,13,-1.7,1352.04,338.435,United Kingdom,1,5,4,4,544,Champions
14860,2011-11-20 14:17:00,1,170.32,232,11,19,-1.7,168.62,170.32,United Kingdom,1,4,1,1,411,New Inflow
14861,2011-10-18 12:54:00,1,125.79,117,6,52,0.0,125.79,125.79,United Kingdom,1,3,1,1,311,Needs Attention
14862,2011-11-14 10:01:00,2,841.2,772,47,26,0.0,841.2,420.6,United Kingdom,1,4,3,3,433,Loyal Customers
14863,2011-11-10 15:04:00,1,266.76,132,11,29,0.0,266.76,266.76,United Kingdom,1,4,1,2,412,New Inflow
14865,2011-12-02 16:25:00,2,52.2,108,4,7,0.0,52.2,26.1,United Kingdom,1,5,3,1,531,Loyal Customers
14866,2011-11-29 11:45:00,11,14353.4,6751,29,11,-192.45000000000002,14160.949999999999,1304.8545454545454,United Kingdom,1,5,5,5,555,Champions
14867,2011-06-07 11:39:00,3,710.28,328,31,186,-8.95,701.3299999999999,236.76,United Kingdom,1,1,3,3,133,At-Risk High-Value
14868,2011-12-06 14:49:00,8,2953.59,1405,96,3,-13.95,2939.6400000000003,369.19875,United Kingdom,1,5,5,5,555,Champions
14869,2011-12-01 12:36:00,2,721.45,549,66,9,-3.75,717.7,360.725,United Kingdom,1,5,3,3,533,Loyal Customers
14870,2011-03-23 10:51:00,1,327.25,119,13,262,0.0,327.25,327.25,United Kingdom,1,1,1,2,112,Lost / Low-Value
14871,2011-12-06 13:42:00,4,501.28000000000003,179,68,3,0.0,501.28000000000003,125.32000000000001,United Kingdom,1,5,4,3,543,Loyal Customers
14873,2011-05-13 13:52:00,1,519.68,168,28,210,0.0,519.68,519.68,United Kingdom,1,1,1,3,113,Lost / Low-Value
14875,2011-08-24 12:20:00,2,1465.32,558,46,108,-7.65,1457.6699999999998,732.66,United Kingdom,1,2,3,4,234,At-Risk High-Value
14878,2011-11-27 11:15:00,9,1476.09,799,62,13,0.0,1476.09,164.01,United Kingdom,1,5,5,4,554,Champions
14880,2011-09-23 13:42:00,3,690.59,365,45,77,0.0,690.59,230.1966666666667,United Kingdom,1,2,3,3,233,At-Risk High-Value
14881,2011-11-20 11:06:00,1,255.4,316,17,20,0.0,255.4,255.4,United Kingdom,1,4,1,2,412,New Inflow
14882,2011-11-13 12:47:00,2,589.7,158,6,27,0.0,589.7,294.85,United Kingdom,1,4,3,3,433,Loyal Customers
14883,2011-11-21 10:23:00,6,761.59,790,39,19,-4.95,756.64,126.93166666666667,United Kingdom,1,4,5,3,453,Loyal Customers
14885,2011-07-31 12:05:00,1,765.3199999999999,724,15,132,0.0,765.3199999999999,765.3199999999999,United Kingdom,1,2,1,3,213,Lost / Low-Value
14886,2011-04-01 08:56:00,1,364.8,160,18,253,0.0,364.8,364.8,United Kingdom,1,1,1,2,112,Lost / Low-Value
14887,2011-09-21 15:32:00,1,1862.0,1100,6,79,0.0,1862.0,1862.0,United Kingdom,1,2,1,4,214,Lost / Low-Value
14888,2011-05-16 14:58:00,1,369.2,184,20,207,0.0,369.2,369.2,United Kingdom,1,1,1,2,112,Lost / Low-Value
14889,2011-01-07 15:19:00,1,135.9,90,10,336,0.0,135.9,135.9,United Kingdom,1,1,1,1,111,Lost / Low-Value
14890,2011-03-31 11:57:00,1,125.65,51,7,254,0.0,125.65,125.65,United Kingdom,1,1,1,1,111,Lost / Low-Value
14891,2011-07-14 18:08:00,2,554.38,505,30,148,0.0,554.38,277.19,United Kingdom,1,2,3,3,233,At-Risk High-Value
14893,2011-11-30 12:31:00,2,1237.8500000000001,799,72,10,0.0,1237.8500000000001,618.9250000000001,United Kingdom,1,5,3,4,534,Loyal Customers
14894,2011-09-15 13:51:00,1,655.75,265,23,85,0.0,655.75,655.75,United Kingdom,1,2,1,3,213,Lost / Low-Value
14895,2011-12-02 09:23:00,20,11138.710000000001,4851,273,8,-118.44999999999999,11020.26,556.9355,United Kingdom,1,5,5,5,555,Champions
14896,2011-05-19 10:20:00,2,468.77000000000004,279,43,205,0.0,468.77000000000004,234.38500000000002,United Kingdom,1,1,3,2,132,Needs Attention
14897,2011-12-02 10:32:00,4,1366.38,468,43,8,0.0,1366.38,341.595,United Kingdom,1,5,4,4,544,Champions
14898,2011-11-16 14:54:00,6,1269.31,1001,86,23,-75.2,1194.11,211.55166666666665,United Kingdom,1,4,5,4,454,Champions
14901,2011-11-28 17:09:00,9,1421.29,661,73,11,-6.3,1414.99,157.92111111111112,United Kingdom,1,5,5,4,554,Champions
14902,2011-11-14 10:34:00,1,332.66,218,20,26,-18.55,314.11,332.66,United Kingdom,1,4,1,2,412,New Inflow
14903,2011-11-18 16:07:00,5,2795.33,1531,227,21,-66.14999999999999,2729.18,559.066,United Kingdom,1,4,4,5,445,Champions
14904,2011-12-07 12:55:00,2,1025.44,1985,66,2,0.0,1025.44,512.72,United Kingdom,1,5,3,4,534,Loyal Customers
14905,2011-07-05 12:41:00,2,616.15,287,14,158,-16.25,599.9,308.075,United Kingdom,1,2,3,3,233,At-Risk High-Value
14907,2011-12-06 14:14:00,7,3501.1,1691,125,3,-22.25,3478.85,500.15714285714284,United Kingdom,1,5,5,5,555,Champions
14908,2011-09-26 12:56:00,1,277.8,132,9,74,0.0,277.8,277.8,United Kingdom,1,2,1,2,212,Lost / Low-Value
14910,2011-12-07 10:06:00,4,434.35,238,25,3,-44.489999999999995,389.86,108.5875,United Kingdom,1,5,4,2,542,Loyal Customers
14911,2011-12-08 15:54:00,199,140336.83,80238,1786,1,-7443.59,132893.24,705.210201005025,EIRE,0,5,5,5,555,Champions
14912,2011-11-23 09:20:00,2,867.85,971,21,17,0.0,867.85,433.925,Italy,0,4,3,3,433,Loyal Customers
14913,2011-11-04 08:29:00,4,1227.43,1743,76,36,0.0,1227.43,306.8575,United Kingdom,1,3,4,4,344,Loyal Customers
14915,2011-09-09 13:34:00,2,307.48,112,12,91,-48.65,258.83000000000004,153.74,United Kingdom,1,2,3,2,232,Needs Attention
14916,2011-09-30 09:20:00,4,1268.98,1136,72,71,-4.140000000000001,1264.84,317.245,United Kingdom,1,3,4,4,344,Loyal Customers
14918,2011-08-16 11:50:00,2,1610.15,675,39,116,0.0,1610.15,805.075,United Kingdom,1,2,3,4,234,At-Risk High-Value
14920,2011-05-11 10:32:00,2,977.77,509,57,213,0.0,977.77,488.885,United Kingdom,1,1,3,4,134,At-Risk High-Value
14921,2011-11-09 13:17:00,2,1316.07,953,78,30,0.0,1316.07,658.035,United Kingdom,1,4,3,4,434,Loyal Customers
14923,2011-10-20 11:51:00,1,749.1,418,44,51,0.0,749.1,749.1,United Kingdom,1,3,1,3,313,Needs Attention
14924,2011-04-08 09:25:00,1,310.05,64,10,246,0.0,310.05,310.05,United Kingdom,1,1,1,2,112,Lost / Low-Value
14929,2011-11-07 17:21:00,1,223.88,136,11,32,0.0,223.88,223.88,United Kingdom,1,4,1,1,411,New Inflow
14930,2011-08-23 10:31:00,3,2362.96,1160,116,109,0.0,2362.96,787.6533333333333,Channel Islands,0,2,3,5,235,At-Risk High-Value
14931,2011-12-05 10:19:00,4,964.6800000000001,416,29,5,0.0,964.6800000000001,241.17000000000002,Channel Islands,0,5,4,4,544,Champions
14932,2010-12-09 11:48:00,1,363.53,80,17,366,0.0,363.53,363.53,Channel Islands,0,1,1,2,112,Lost / Low-Value
14934,2011-09-19 10:10:00,2,1890.94,1042,68,82,-2.1,1888.8400000000001,945.47,Channel Islands,0,2,3,4,234,At-Risk High-Value
14935,2011-02-15 14:44:00,1,1784.71,935,10,297,0.0,1784.71,1784.71,Channel Islands,0,1,1,4,114,Lost / Low-Value
14936,2011-11-06 10:30:00,8,8137.02,4085,210,34,-19.599999999999998,8117.42,1017.1275,Channel Islands,0,3,5,5,355,Loyal Customers
14937,2011-10-14 12:29:00,3,1621.88,484,33,57,-4.25,1617.63,540.6266666666667,Channel Islands,0,3,3,4,334,Loyal Customers
14944,2011-11-10 09:10:00,12,5900.25,2815,101,30,-57.300000000000004,5842.95,491.6875,United Kingdom,1,4,5,5,455,Champions
14946,2011-11-25 13:33:00,1,100.9,22,3,14,0.0,100.9,100.9,United Kingdom,1,4,1,1,411,New Inflow
14947,2011-09-28 15:48:00,2,290.82,179,14,72,0.0,290.82,145.41,United Kingdom,1,2,3,2,232,Needs Attention
14948,2011-11-16 17:16:00,6,1101.97,673,56,23,-35.400000000000006,1066.57,183.66166666666666,United Kingdom,1,4,5,4,454,Champions
14950,2011-11-20 13:48:00,1,371.2,136,19,19,-9.95,361.25,371.2,United Kingdom,1,4,1,2,412,New Inflow
14951,2011-09-21 15:15:00,1,311.69,311,20,79,0.0,311.69,311.69,United Kingdom,1,2,1,2,212,Lost / Low-Value
14952,2011-10-11 10:33:00,11,8099.49,3355,117,60,-186.7,7912.79,736.3172727272727,United Kingdom,1,3,5,5,355,Loyal Customers
14953,2011-11-14 14:59:00,1,285.67,224,54,25,0.0,285.67,285.67,United Kingdom,1,4,1,2,412,New Inflow
14954,2011-11-27 14:30:00,1,294.85,117,75,12,0.0,294.85,294.85,United Kingdom,1,5,1,2,512,New Inflow
14957,2011-03-31 17:59:00,1,58.49,34,12,253,0.0,58.49,58.49,United Kingdom,1,1,1,1,111,Lost / Low-Value
14958,2011-07-15 14:20:00,3,483.73,128,33,147,0.0,483.73,161.24333333333334,United Kingdom,1,2,3,3,233,At-Risk High-Value
14959,2011-10-06 18:23:00,4,695.42,494,37,64,-10.45,684.9699999999999,173.855,United Kingdom,1,3,4,3,343,Loyal Customers
14960,2011-12-01 12:54:00,2,221.27,221,23,8,0.0,221.27,110.635,United Kingdom,1,5,3,1,531,Loyal Customers
14961,2011-11-29 09:42:00,9,7044.68,3708,193,11,-38.1,7006.58,782.7422222222223,United Kingdom,1,5,5,5,555,Champions
14962,2011-03-14 09:42:00,1,126.7,44,5,271,0.0,126.7,126.7,United Kingdom,1,1,1,1,111,Lost / Low-Value
14963,2011-11-30 12:16:00,5,1472.34,1159,149,10,0.0,1472.34,294.46799999999996,United Kingdom,1,5,4,4,544,Champions
14964,2011-04-06 14:13:00,1,206.21,143,13,247,0.0,206.21,206.21,United Kingdom,1,1,1,1,111,Lost / Low-Value
14965,2011-09-04 13:20:00,2,596.09,363,80,96,0.0,596.09,298.045,United Kingdom,1,2,3,3,233,At-Risk High-Value
14966,2011-11-25 12:20:00,1,183.02,179,35,15,0.0,183.02,183.02,United Kingdom,1,4,1,1,411,New Inflow
14967,2011-10-21 11:06:00,1,463.8,140,6,50,0.0,463.8,463.8,United Kingdom,1,3,1,2,312,Needs Attention
14968,2011-11-09 13:58:00,1,147.59,127,37,30,0.0,147.59,147.59,United Kingdom,1,4,1,1,411,New Inflow
14970,2011-10-02 13:44:00,4,1592.06,250,24,68,0.0,1592.06,398.015,United Kingdom,1,3,4,4,344,Loyal Customers
14971,2011-11-04 17:07:00,3,1097.98,639,144,35,0.0,1097.98,365.99333333333334,United Kingdom,1,3,3,4,334,Loyal Customers
14972,2011-08-03 14:54:00,1,114.77,28,18,128,0.0,114.77,114.77,United Kingdom,1,2,1,1,211,Lost / Low-Value
14973,2011-08-24 15:51:00,3,1314.45,369,29,107,0.0,1314.45,438.15000000000003,United Kingdom,1,2,3,4,234,At-Risk High-Value
14974,2011-11-02 13:01:00,1,89.94,37,17,37,0.0,89.94,89.94,United Kingdom,1,3,1,1,311,Needs Attention
14975,2011-10-13 14:08:00,1,279.94,380,11,57,0.0,279.94,279.94,United Kingdom,1,3,1,2,312,Needs Attention
14976,2011-10-13 16:33:00,6,774.86,232,45,57,-25.0,749.86,129.14333333333335,United Kingdom,1,3,5,3,353,Loyal Customers
14978,2011-09-28 13:07:00,5,1921.3700000000001,523,136,72,0.0,1921.3700000000001,384.274,United Kingdom,1,2,4,4,244,At-Risk High-Value
14981,2011-04-07 13:45:00,1,102.12,97,8,246,0.0,102.12,102.12,United Kingdom,1,1,1,1,111,Lost / Low-Value
14984,2011-11-20 14:28:00,2,202.37,58,37,19,0.0,202.37,101.185,United Kingdom,1,4,3,1,431,Loyal Customers
14985,2011-05-25 14:29:00,2,292.01,256,78,198,0.0,292.01,146.005,United Kingdom,1,1,3,2,132,Needs Attention
14987,2011-11-24 09:59:00,2,326.4,128,2,16,0.0,326.4,163.2,United Kingdom,1,4,3,2,432,Loyal Customers
14988,2011-05-12 12:05:00,1,334.54,141,40,212,0.0,334.54,334.54,United Kingdom,1,1,1,2,112,Lost / Low-Value
14995,2011-11-01 11:39:00,2,231.98000000000002,102,53,39,0.0,231.98000000000002,115.99000000000001,United Kingdom,1,3,3,1,331,Loyal Customers
14997,2011-10-24 13:28:00,3,546.1999999999999,1120,25,46,-5.22,540.9799999999999,182.06666666666663,United Kingdom,1,3,3,3,333,Loyal Customers
14998,2011-06-22 17:30:00,2,414.87,258,70,170,0.0,414.87,207.435,United Kingdom,1,2,3,2,232,Needs Attention
15000,2011-10-23 11:42:00,1,490.52,218,76,48,0.0,490.52,490.52,United Kingdom,1,3,1,3,313,Needs Attention
15002,2011-08-16 10:44:00,4,1641.76,862,93,116,0.0,1641.76,410.44,United Kingdom,1,2,4,4,244,At-Risk High-Value
15004,2011-07-15 14:05:00,1,1220.38,622,153,147,0.0,1220.38,1220.38,United Kingdom,1,2,1,4,214,Lost / Low-Value
15005,2011-11-24 12:25:00,28,6293.67,4228,359,16,-134.83,6158.84,224.77392857142857,United Kingdom,1,4,5,5,455,Champions
15006,2011-10-19 15:08:00,1,475.43,285,120,51,0.0,475.43,475.43,United Kingdom,1,3,1,3,313,Needs Attention
15007,2011-07-03 16:00:00,1,156.91,69,12,159,0.0,156.91,156.91,United Kingdom,1,2,1,1,211,Lost / Low-Value
15009,2011-11-27 13:35:00,3,1259.43,639,148,12,0.0,1259.43,419.81,United Kingdom,1,5,3,4,534,Loyal Customers
15010,2011-11-04 12:42:00,1,308.94,184,20,36,0.0,308.94,308.94,United Kingdom,1,3,1,2,312,Needs Attention
15012,2011-10-17 12:22:00,2,405.04,225,110,54,0.0,405.04,202.52,United Kingdom,1,3,3,2,332,Loyal Customers
15014,2011-10-27 20:07:00,2,257.67,149,29,43,0.0,257.67,128.835,United Kingdom,1,3,3,2,332,Loyal Customers
15016,2011-06-20 12:06:00,1,170.04,76,20,173,0.0,170.04,170.04,United Kingdom,1,2,1,1,211,Lost / Low-Value
15017,2011-11-06 10:33:00,1,125.58,63,20,34,0.0,125.58,125.58,United Kingdom,1,3,1,1,311,Needs Attention
15018,2011-11-01 12:47:00,3,496.21,189,30,39,-39.95,456.26,165.40333333333334,United Kingdom,1,3,3,2,332,Loyal Customers
15019,2011-03-18 12:35:00,1,252.81,150,64,267,0.0,252.81,252.81,United Kingdom,1,1,1,2,112,Lost / Low-Value
15021,2011-12-01 11:53:00,9,1871.77,819,287,9,-42.54,1829.23,207.97444444444443,United Kingdom,1,5,5,4,554,Champions
15022,2011-11-28 12:35:00,4,852.39,527,96,12,0.0,852.39,213.0975,United Kingdom,1,5,4,3,543,Loyal Customers
15023,2011-12-06 17:23:00,11,6701.51,2818,346,3,-39.6,6661.91,609.2281818181818,United Kingdom,1,5,5,5,555,Champions
15024,2011-11-30 12:06:00,10,1636.43,902,105,10,0.0,1636.43,163.643,United Kingdom,1,5,5,4,554,Champions
15025,2011-11-06 15:20:00,1,361.96,184,66,33,0.0,361.96,361.96,United Kingdom,1,3,1,2,312,Needs Attention
15026,2011-09-20 13:52:00,3,464.2,225,56,80,0.0,464.2,154.73333333333332,United Kingdom,1,2,3,2,232,Needs Attention
15027,2011-11-09 10:16:00,4,1066.15,565,30,31,-14.2,1051.95,266.5375,United Kingdom,1,4,4,4,444,Champions
15028,2011-12-01 14:06:00,4,627.13,459,35,8,0.0,627.13,156.7825,United Kingdom,1,5,4,3,543,Loyal Customers
15030,2011-09-29 10:50:00,2,518.28,372,7,72,0.0,518.28,259.14,United Kingdom,1,2,3,3,233,At-Risk High-Value
15031,2011-12-05 14:19:00,4,653.19,400,74,4,0.0,653.19,163.2975,United Kingdom,1,5,4,3,543,Loyal Customers
15032,2011-03-28 15:03:00,3,4959.1,2968,29,256,-495.0,4464.1,1653.0333333333335,United Kingdom,1,1,3,5,135,At-Risk High-Value
15033,2011-12-05 12:40:00,10,2553.88,1670,314,5,-15.65,2538.23,255.388,United Kingdom,1,5,5,5,555,Champions
15034,2011-11-24 12:11:00,8,4274.16,2413,299,16,-30.95,4243.21,534.27,United Kingdom,1,4,5,5,455,Champions
15035,2011-09-11 11:08:00,1,252.73000000000002,245,26,90,0.0,252.73000000000002,252.73000000000002,United Kingdom,1,2,1,2,212,Lost / Low-Value
15036,2011-09-28 15:42:00,3,429.56,316,107,72,0.0,429.56,143.18666666666667,United Kingdom,1,2,3,2,232,Needs Attention
15038,2011-10-12 11:33:00,6,685.74,212,105,59,-39.9,645.84,114.29,United Kingdom,1,3,5,3,353,Loyal Customers
15039,2011-11-30 11:31:00,47,19766.59,9131,408,10,-128.0,19638.59,420.5657446808511,United Kingdom,1,5,5,5,555,Champions
15041,2011-06-22 16:16:00,1,179.93,103,66,170,0.0,179.93,179.93,United Kingdom,1,2,1,1,211,Lost / Low-Value
15042,2011-05-24 16:25:00,1,135.93,30,5,199,0.0,135.93,135.93,United Kingdom,1,1,1,1,111,Lost / Low-Value
15043,2011-11-08 14:26:00,1,537.0,300,3,31,0.0,537.0,537.0,United Kingdom,1,4,1,3,413,New Inflow
15044,2011-11-20 13:20:00,17,7634.7300000000005,2785,233,19,-70.85,7563.88,449.1017647058824,United Kingdom,1,4,5,5,455,Champions
15045,2011-07-11 11:33:00,2,735.66,114,11,152,-102.0,633.66,367.83,United Kingdom,1,2,3,3,233,At-Risk High-Value
15046,2011-11-30 15:50:00,15,5071.47,3371,146,9,-149.76,4921.71,338.098,United Kingdom,1,5,5,5,555,Champions
15047,2011-03-15 10:49:00,1,343.62,222,22,270,0.0,343.62,343.62,United Kingdom,1,1,1,2,112,Lost / Low-Value
15048,2011-10-05 14:55:00,4,381.0,192,86,65,-3.4799999999999995,377.52,95.25,United Kingdom,1,3,4,2,342,Loyal Customers
15049,2011-03-11 12:13:00,1,121.17000000000002,63,3,274,0.0,121.17000000000002,121.17000000000002,United Kingdom,1,1,1,1,111,Lost / Low-Value
15050,2011-11-14 16:17:00,3,1737.69,1216,68,25,-54.919999999999995,1682.77,579.23,United Kingdom,1,4,3,4,434,Loyal Customers
15051,2011-11-16 15:38:00,3,1383.36,1010,130,23,0.0,1383.36,461.11999999999995,United Kingdom,1,4,3,4,434,Loyal Customers
15052,2011-01-24 15:52:00,1,207.73000000000002,79,27,319,0.0,207.73000000000002,207.73000000000002,United Kingdom,1,1,1,1,111,Lost / Low-Value
15053,2011-12-05 12:08:00,3,693.95,984,49,5,0.0,693.95,231.3166666666667,United Kingdom,1,5,3,3,533,Loyal Customers
15054,2011-11-27 15:02:00,2,302.1,198,105,12,0.0,302.1,151.05,United Kingdom,1,5,3,2,532,Loyal Customers
15057,2011-03-09 15:17:00,2,1489.5,668,25,275,0.0,1489.5,744.75,United Kingdom,1,1,3,4,134,At-Risk High-Value
15058,2011-11-14 14:57:00,11,2102.54,1054,199,25,0.0,2102.54,191.14,United Kingdom,1,4,5,5,455,Champions
15059,2011-10-30 11:35:00,9,1337.72,604,161,41,-11.9,1325.82,148.63555555555556,United Kingdom,1,3,5,4,354,Loyal Customers
15060,2011-12-01 13:47:00,4,293.0,256,80,8,0.0,293.0,73.25,United Kingdom,1,5,4,2,542,Loyal Customers
15061,2011-12-06 12:06:00,48,54534.14,28920,70,4,-283.8,54250.34,1136.1279166666666,United Kingdom,1,5,5,5,555,Champions
15062,2011-09-29 16:51:00,4,987.86,763,47,71,0.0,987.86,246.965,United Kingdom,1,3,4,4,344,Loyal Customers
15063,2011-05-10 13:25:00,1,370.79999999999995,56,5,213,0.0,370.79999999999995,370.79999999999995,United Kingdom,1,1,1,2,112,Lost / Low-Value
15065,2011-11-02 09:45:00,4,3158.13,1383,148,38,-22.15,3135.98,789.5325,United Kingdom,1,3,4,5,345,Loyal Customers
15066,2011-10-17 13:25:00,1,893.59,317,42,53,-133.0,760.59,893.59,United Kingdom,1,3,1,3,313,Needs Attention
15067,2011-09-22 13:20:00,3,1744.76,954,82,78,0.0,1744.76,581.5866666666667,United Kingdom,1,2,3,4,234,At-Risk High-Value
15068,2011-10-24 14:47:00,2,553.36,364,96,46,0.0,553.36,276.68,United Kingdom,1,3,3,3,333,Loyal Customers
15069,2011-06-13 14:16:00,1,1109.53,520,70,179,0.0,1109.53,1109.53,United Kingdom,1,1,1,4,114,Lost / Low-Value
15070,2010-12-02 11:23:00,1,106.2,36,1,373,0.0,106.2,106.2,United Kingdom,1,1,1,1,111,Lost / Low-Value
15071,2011-09-07 11:43:00,2,982.07,269,25,94,0.0,982.07,491.035,United Kingdom,1,2,3,4,234,At-Risk High-Value
15073,2011-11-30 10:44:00,3,1043.41,491,31,10,-430.97999999999996,612.4300000000001,347.80333333333334,United Kingdom,1,5,3,3,533,Loyal Customers
15074,2011-08-26 14:45:00,1,735.67,431,41,105,0.0,735.67,735.67,United Kingdom,1,2,1,3,213,Lost / Low-Value
15075,2011-09-23 12:27:00,1,773.03,447,27,78,0.0,773.03,773.03,United Kingdom,1,2,1,3,213,Lost / Low-Value
15076,2011-06-20 08:23:00,1,880.85,571,49,173,0.0,880.85,880.85,United Kingdom,1,2,1,3,213,Lost / Low-Value
15078,2011-12-02 15:41:00,32,9743.11,5105,97,7,-119.76,9623.35,304.4721875,United Kingdom,1,5,5,5,555,Champions
15079,2011-05-11 12:45:00,4,895.61,389,46,213,-1.95,893.66,223.9025,United Kingdom,1,1,4,3,143,At-Risk High-Value
15081,2011-11-17 17:08:00,5,504.8,190,26,22,-17.45,487.35,100.96000000000001,United Kingdom,1,4,4,3,443,Loyal Customers
15083,2011-03-28 12:18:00,1,88.2,38,5,257,0.0,88.2,88.2,United Kingdom,1,1,1,1,111,Lost / Low-Value
15087,2011-03-03 10:34:00,1,306.94,470,15,282,0.0,306.94,306.94,United Kingdom,1,1,1,2,112,Lost / Low-Value
15088,2011-11-18 13:14:00,2,1160.07,460,53,21,-19.8,1140.27,580.035,United Kingdom,1,4,3,4,434,Loyal Customers
15089,2011-11-29 16:31:00,6,2420.84,1359,139,10,0.0,2420.84,403.47333333333336,United Kingdom,1,5,5,5,555,Champions
15090,2011-02-04 14:03:00,1,381.32,208,23,308,0.0,381.32,381.32,United Kingdom,1,1,1,2,112,Lost / Low-Value
15091,2011-10-03 12:47:00,1,480.71,346,30,68,-3.75,476.96,480.71,United Kingdom,1,3,1,3,313,Needs Attention
15092,2011-05-08 14:10:00,2,457.81,135,23,215,0.0,457.81,228.905,United Kingdom,1,1,3,2,132,Needs Attention
15093,2011-11-21 13:09:00,6,4597.02,3760,52,18,-186.87999999999997,4410.14,766.1700000000001,United Kingdom,1,4,5,5,455,Champions
15095,2011-08-28 12:01:00,4,1370.6000000000001,1079,30,104,-5.9,1364.7,342.65000000000003,United Kingdom,1,2,4,4,244,At-Risk High-Value
15096,2011-10-28 10:27:00,1,219.39000000000001,120,11,43,0.0,219.39000000000001,219.39000000000001,United Kingdom,1,3,1,1,311,Needs Attention
15097,2011-12-05 14:03:00,1,248.08,170,25,4,0.0,248.08,248.08,United Kingdom,1,5,1,2,512,New Inflow
15098,2011-06-10 15:33:00,3,39916.5,121,1,182,-297.0,39619.5,13305.5,United Kingdom,1,1,3,5,135,At-Risk High-Value
15099,2011-09-16 13:13:00,1,410.48,343,23,84,0.0,410.48,410.48,United Kingdom,1,2,1,2,212,Lost / Low-Value
15100,2011-01-10 10:35:00,3,876.0,80,1,334,-240.89999999999998,635.1,292.0,United Kingdom,1,1,3,3,133,At-Risk High-Value
15101,2011-12-01 10:18:00,2,317.53000000000003,241,8,9,-7.5,310.03000000000003,158.76500000000001,United Kingdom,1,5,3,2,532,Loyal Customers
15103,2011-11-08 14:53:00,2,703.36,329,35,31,0.0,703.36,351.68,United Kingdom,1,4,3,3,433,Loyal Customers
15104,2011-05-27 12:29:00,2,993.54,635,66,197,-24.9,968.64,496.77,United Kingdom,1,1,3,4,134,At-Risk High-Value
15105,2011-11-21 16:54:00,7,2298.93,1211,90,18,0.0,2298.93,328.4185714285714,United Kingdom,1,4,5,5,455,Champions
15106,2011-11-22 09:16:00,5,1422.52,1181,90,18,-14.79,1407.73,284.504,United Kingdom,1,4,4,4,444,Champions
15107,2011-02-01 14:46:00,6,319.5,169,12,311,-59.5,260.0,53.25,United Kingdom,1,1,5,2,152,Needs Attention
15108,2011-07-21 10:24:00,3,1159.25,490,49,142,-8.5,1150.75,386.4166666666667,European Community,0,2,3,4,234,At-Risk High-Value
15109,2011-04-08 09:58:00,1,484.95,131,28,246,-21.2,463.75,484.95,United Kingdom,1,1,1,2,112,Lost / Low-Value
15110,2011-11-16 11:16:00,4,996.1,246,17,24,-22.9,973.2,249.025,United Kingdom,1,4,4,4,444,Champions
15111,2011-11-10 16:58:00,3,1567.48,710,70,29,0.0,1567.48,522.4933333333333,United Kingdom,1,4,3,4,434,Loyal Customers
15113,2011-11-30 08:23:00,3,3509.04,2343,76,10,-169.92000000000002,3339.12,1169.68,United Kingdom,1,5,3,5,535,Loyal Customers
15114,2011-11-09 15:05:00,10,2760.56,3096,136,30,0.0,2760.56,276.056,United Kingdom,1,4,5,5,455,Champions
15115,2011-11-21 14:59:00,1,340.11,157,21,18,0.0,340.11,340.11,United Kingdom,1,4,1,2,412,New Inflow
15116,2011-11-22 12:25:00,4,1352.75,648,37,18,0.0,1352.75,338.1875,United Kingdom,1,4,4,4,444,Champions
15117,2011-11-25 08:12:00,5,1551.78,1948,63,15,-1.65,1550.1299999999999,310.356,United Kingdom,1,4,4,4,444,Champions
15118,2011-07-28 14:54:00,1,244.8,1440,1,134,0.0,244.8,244.8,United Kingdom,1,2,1,2,212,Lost / Low-Value
15119,2011-04-08 09:08:00,1,266.4,88,14,246,0.0,266.4,266.4,United Kingdom,1,1,1,2,112,Lost / Low-Value
15120,2011-07-29 09:48:00,1,358.82,296,21,134,-15.0,343.82,358.82,United Kingdom,1,2,1,2,212,Lost / Low-Value
15121,2011-10-20 14:51:00,2,457.72,199,28,50,0.0,457.72,228.86,United Kingdom,1,3,3,2,332,Loyal Customers
15122,2011-08-17 16:48:00,3,1633.78,800,65,114,-21.650000000000002,1612.1299999999999,544.5933333333334,United Kingdom,1,2,3,4,234,At-Risk High-Value
15123,2011-12-02 13:12:00,2,2199.31,1195,93,7,0.0,2199.31,1099.655,United Kingdom,1,5,3,5,535,Loyal Customers
15124,2011-11-17 10:09:00,2,184.19,233,14,23,0.0,184.19,92.095,United Kingdom,1,4,3,1,431,Loyal Customers
15125,2011-11-14 13:57:00,15,11528.48,6193,102,25,-411.43,11117.05,768.5653333333333,United Kingdom,1,4,5,5,455,Champions
15127,2011-10-05 10:30:00,1,406.53000000000003,251,16,66,0.0,406.53000000000003,406.53000000000003,United Kingdom,1,3,1,2,312,Needs Attention
15128,2011-10-10 13:54:00,4,1471.0,1343,74,60,-47.75,1423.25,367.75,United Kingdom,1,3,4,4,344,Loyal Customers
15129,2011-10-20 14:40:00,11,3447.4,1794,54,50,0.0,3447.4,313.40000000000003,United Kingdom,1,3,5,5,355,Loyal Customers
15130,2011-06-23 10:15:00,1,330.11,197,22,170,0.0,330.11,330.11,United Kingdom,1,2,1,2,212,Lost / Low-Value
15132,2011-11-21 17:10:00,5,977.9300000000001,679,49,18,0.0,977.9300000000001,195.586,United Kingdom,1,4,4,4,444,Champions
15133,2011-08-04 10:44:00,3,982.42,680,27,128,0.0,982.42,327.4733333333333,United Kingdom,1,2,3,4,234,At-Risk High-Value
15134,2011-11-25 08:55:00,8,1387.99,887,44,15,0.0,1387.99,173.49875,United Kingdom,1,4,5,4,454,Champions
15135,2011-04-14 19:16:00,1,139.05,43,9,239,-11.9,127.15,139.05,United Kingdom,1,1,1,1,111,Lost / Low-Value
15136,2011-12-07 12:26:00,4,1286.7,776,61,3,-4.25,1282.45,321.675,United Kingdom,1,5,4,4,544,Champions
15139,2011-04-14 11:39:00,2,178.96,208,13,240,0.0,178.96,89.48,United Kingdom,1,1,3,1,131,Needs Attention
15140,2011-10-18 14:07:00,7,2354.25,1572,74,52,-4.25,2350.0,336.32142857142856,United Kingdom,1,3,5,5,355,Loyal Customers
15142,2011-10-24 12:51:00,1,498.74,365,26,46,0.0,498.74,498.74,United Kingdom,1,3,1,3,313,Needs Attention
15143,2011-04-28 12:03:00,1,259.45,150,14,226,0.0,259.45,259.45,United Kingdom,1,1,1,2,112,Lost / Low-Value
15144,2011-12-01 15:12:00,17,6580.4400000000005,3050,132,8,-50.400000000000006,6530.040000000001,387.084705882353,United Kingdom,1,5,5,5,555,Champions
15145,2011-12-05 17:21:00,4,1194.73,756,54,4,0.0,1194.73,298.6825,United Kingdom,1,5,4,4,544,Champions
15146,2011-06-28 12:09:00,2,1327.16,1473,90,165,-13.5,1313.66,663.58,United Kingdom,1,2,3,4,234,At-Risk High-Value
15147,2011-04-13 15:57:00,1,623.5,366,28,240,-14.85,608.65,623.5,United Kingdom,1,1,1,3,113,Lost / Low-Value
15148,2011-11-29 08:21:00,1,301.29,187,20,11,0.0,301.29,301.29,United Kingdom,1,5,1,2,512,New Inflow
15149,2011-07-29 10:58:00,1,520.8000000000001,128,23,134,0.0,520.8000000000001,520.8000000000001,United Kingdom,1,2,1,3,213,Lost / Low-Value
15150,2011-11-22 12:52:00,10,5291.33,3642,282,17,-10.5,5280.83,529.133,United Kingdom,1,4,5,5,455,Champions
15152,2011-11-30 12:32:00,13,4745.69,2704,196,10,-61.45,4684.24,365.0530769230769,United Kingdom,1,5,5,5,555,Champions
15153,2011-11-08 17:09:00,1,329.25,198,22,31,0.0,329.25,329.25,United Kingdom,1,4,1,2,412,New Inflow
15154,2011-09-25 16:05:00,1,254.28,89,66,75,-29.55,224.73,254.28,United Kingdom,1,2,1,1,211,Lost / Low-Value
15156,2011-12-08 18:22:00,3,961.49,597,51,1,0.0,961.49,320.49666666666667,United Kingdom,1,5,3,4,534,Loyal Customers
15157,2011-12-06 11:28:00,3,1936.07,2392,125,4,-56.23,1879.84,645.3566666666667,United Kingdom,1,5,3,4,534,Loyal Customers
15158,2011-10-25 13:53:00,1,401.40000000000003,198,7,45,0.0,401.40000000000003,401.40000000000003,United Kingdom,1,3,1,2,312,Needs Attention
15159,2011-12-08 12:05:00,30,18641.010000000002,11441,363,2,-67.33,18573.68,621.3670000000001,United Kingdom,1,5,5,5,555,Champions
15160,2010-12-17 14:15:00,1,158.16,84,4,357,0.0,158.16,158.16,United Kingdom,1,1,1,1,111,Lost / Low-Value
15163,2011-11-21 13:10:00,2,304.47,186,29,18,0.0,304.47,152.235,United Kingdom,1,4,3,2,432,Loyal Customers
15164,2011-10-02 12:05:00,3,824.58,351,79,69,0.0,824.58,274.86,United Kingdom,1,3,3,3,333,Loyal Customers
15165,2010-12-01 14:03:00,1,487.75,160,27,373,0.0,487.75,487.75,United Kingdom,1,1,1,3,113,Lost / Low-Value
15167,2011-01-23 12:41:00,1,158.8,65,39,321,0.0,158.8,158.8,United Kingdom,1,1,1,1,111,Lost / Low-Value
15168,2011-11-14 11:26:00,1,106.56,52,5,26,0.0,106.56,106.56,United Kingdom,1,4,1,1,411,New Inflow
15171,2011-01-12 15:36:00,1,1289.5,290,5,331,-255.0,1034.5,1289.5,United Kingdom,1,1,1,4,114,Lost / Low-Value
15172,2011-12-01 11:51:00,5,1624.05,1611,106,9,0.0,1624.05,324.81,United Kingdom,1,5,4,4,544,Champions
15174,2011-01-21 09:06:00,1,135.75,145,11,323,0.0,135.75,135.75,United Kingdom,1,1,1,1,111,Lost / Low-Value
15175,2011-09-29 11:31:00,1,224.14,454,23,72,0.0,224.14,224.14,United Kingdom,1,2,1,1,211,Lost / Low-Value
15178,2011-03-24 15:12:00,1,40.5,30,3,260,0.0,40.5,40.5,United Kingdom,1,1,1,1,111,Lost / Low-Value
15179,2011-11-21 12:53:00,5,2206.9500000000003,1938,91,18,-20.75,2186.2000000000003,441.39000000000004,United Kingdom,1,4,4,5,445,Champions
15180,2010-12-07 14:57:00,1,87.5,36,6,367,0.0,87.5,87.5,United Kingdom,1,1,1,1,111,Lost / Low-Value
15181,2011-10-04 13:58:00,3,689.48,544,11,66,-4.95,684.53,229.82666666666668,United Kingdom,1,3,3,3,333,Loyal Customers
15182,2011-07-08 13:37:00,2,622.85,253,24,154,0.0,622.85,311.425,United Kingdom,1,2,3,3,233,At-Risk High-Value
15184,2011-11-10 13:41:00,2,402.2,199,59,29,0.0,402.2,201.1,United Kingdom,1,4,3,2,432,Loyal Customers
15185,2011-09-30 14:06:00,1,310.62,666,21,70,0.0,310.62,310.62,United Kingdom,1,3,1,2,312,Needs Attention
15186,2011-11-25 14:58:00,2,411.41,215,17,14,0.0,411.41,205.705,United Kingdom,1,4,3,2,432,Loyal Customers
15187,2011-12-08 11:56:00,15,4762.18,1886,60,2,-107.1,4655.08,317.4786666666667,United Kingdom,1,5,5,5,555,Champions
15189,2011-12-08 13:22:00,41,16225.39,6149,80,1,-423.25,15802.14,395.74121951219513,United Kingdom,1,5,5,5,555,Champions
15192,2011-08-12 11:41:00,3,1044.32,918,36,120,0.0,1044.32,348.1066666666666,United Kingdom,1,2,3,4,234,At-Risk High-Value
15193,2011-10-10 08:23:00,1,499.32,144,19,61,0.0,499.32,499.32,United Kingdom,1,3,1,3,313,Needs Attention
15194,2011-12-06 15:10:00,15,7616.53,5703,209,3,-95.36,7521.17,507.76866666666666,United Kingdom,1,5,5,5,555,Champions
15195,2011-12-07 12:20:00,1,3861.0,1404,1,3,0.0,3861.0,3861.0,United Kingdom,1,5,1,5,515,New Inflow
15197,2011-11-29 10:00:00,3,1079.61,469,30,11,-423.16999999999996,656.4399999999999,359.86999999999995,United Kingdom,1,5,3,3,533,Loyal Customers
15198,2011-09-08 14:42:00,2,193.64,120,10,92,0.0,193.64,96.82,United Kingdom,1,2,3,1,231,Needs Attention
15199,2011-10-11 15:12:00,4,1268.7,396,5,59,0.0,1268.7,317.175,United Kingdom,1,3,4,4,344,Loyal Customers
15201,2011-09-13 14:53:00,5,1236.54,1210,35,87,-308.7,927.8399999999999,247.308,United Kingdom,1,2,4,4,244,At-Risk High-Value
15203,2011-11-14 08:16:00,6,1827.8,1753,82,26,0.0,1827.8,304.6333333333333,United Kingdom,1,4,5,4,454,Champions
15204,2010-12-17 13:49:00,1,316.58,258,9,357,0.0,316.58,316.58,United Kingdom,1,1,1,2,112,Lost / Low-Value
15205,2011-09-15 19:36:00,2,653.24,378,37,85,0.0,653.24,326.62,United Kingdom,1,2,3,3,233,At-Risk High-Value
15206,2011-11-29 13:41:00,4,420.3,162,3,10,0.0,420.3,105.075,United Kingdom,1,5,4,2,542,Loyal Customers
15208,2011-12-08 17:24:00,5,870.12,316,25,1,-2.5,867.62,174.024,United Kingdom,1,5,4,3,543,Loyal Customers
15210,2011-04-28 16:11:00,1,331.18,228,20,225,0.0,331.18,331.18,United Kingdom,1,1,1,2,112,Lost / Low-Value
15211,2011-10-10 13:31:00,2,894.4100000000001,240,52,60,0.0,894.4100000000001,447.20500000000004,United Kingdom,1,3,3,3,333,Loyal Customers
15212,2011-04-12 13:45:00,1,101.8,36,5,241,-12.85,88.95,101.8,United Kingdom,1,1,1,1,111,Lost / Low-Value
15213,2011-01-25 12:21:00,2,328.35,272,22,319,-3.3,325.05,164.175,United Kingdom,1,1,3,2,132,Needs Attention
15214,2011-12-08 12:07:00,8,1661.44,1254,109,2,0.0,1661.44,207.68,United Kingdom,1,5,5,4,554,Champions
15215,2011-10-24 11:41:00,3,734.94,225,33,47,-118.95,615.99,244.98000000000002,United Kingdom,1,3,3,3,333,Loyal Customers
15216,2011-09-13 11:41:00,1,96.6,28,2,88,0.0,96.6,96.6,United Kingdom,1,2,1,1,211,Lost / Low-Value
15218,2011-11-29 11:48:00,11,5756.89,3329,77,11,0.0,5756.89,523.3536363636364,United Kingdom,1,5,5,5,555,Champions
15219,2011-06-16 16:57:00,1,305.75,45,9,176,0.0,305.75,305.75,United Kingdom,1,2,1,2,212,Lost / Low-Value
15220,2011-10-19 12:39:00,6,1778.96,1393,110,52,-20.04,1758.92,296.49333333333334,United Kingdom,1,3,5,4,354,Loyal Customers
15221,2010-12-08 13:08:00,1,403.25,43,5,366,-289.15,114.10000000000002,403.25,United Kingdom,1,1,1,1,111,Lost / Low-Value
15222,2011-01-25 08:03:00,1,585.0,440,5,319,0.0,585.0,585.0,United Kingdom,1,1,1,3,113,Lost / Low-Value
15223,2011-04-28 11:31:00,2,755.75,213,14,226,-300.85,454.9,377.875,United Kingdom,1,1,3,2,132,Needs Attention
15224,2010-12-16 15:02:00,2,322.08,152,13,358,-11.6,310.47999999999996,161.04,United Kingdom,1,1,3,2,132,Needs Attention
15225,2011-04-19 14:51:00,1,409.40000000000003,226,23,234,0.0,409.40000000000003,409.40000000000003,United Kingdom,1,1,1,2,112,Lost / Low-Value
15226,2011-02-02 11:41:00,1,154.41,71,8,311,0.0,154.41,154.41,United Kingdom,1,1,1,1,111,Lost / Low-Value
15227,2011-11-03 11:59:00,5,1219.4,750,43,37,0.0,1219.4,243.88000000000002,United Kingdom,1,3,4,4,344,Loyal Customers
15228,2011-10-04 13:56:00,4,3386.71,2255,110,66,-9.75,3376.96,846.6775,United Kingdom,1,3,4,5,345,Loyal Customers
15230,2011-04-14 14:39:00,2,429.6,351,23,239,0.0,429.6,214.8,United Kingdom,1,1,3,2,132,Needs Attention
15232,2011-08-18 16:27:00,2,612.06,686,26,113,0.0,612.06,306.03,United Kingdom,1,2,3,3,233,At-Risk High-Value
15234,2011-03-08 08:53:00,1,197.0,196,14,277,0.0,197.0,197.0,United Kingdom,1,1,1,1,111,Lost / Low-Value
15235,2011-05-06 09:44:00,12,2247.51,1324,132,218,0.0,2247.51,187.29250000000002,United Kingdom,1,1,5,5,155,At-Risk High-Value
15236,2011-02-14 10:52:00,1,321.05,269,15,299,0.0,321.05,321.05,United Kingdom,1,1,1,2,112,Lost / Low-Value
15237,2011-12-08 09:46:00,4,1412.32,1071,94,2,0.0,1412.32,353.08,United Kingdom,1,5,4,4,544,Champions
15238,2011-11-10 14:28:00,3,1071.99,692,49,29,-15.45,1056.54,357.33,United Kingdom,1,4,3,4,434,Loyal Customers
15239,2011-11-29 14:14:00,2,780.59,594,48,10,-16.25,764.34,390.295,United Kingdom,1,5,3,3,533,Loyal Customers
15240,2011-10-26 09:50:00,5,1706.57,1369,58,45,-21.0,1685.57,341.31399999999996,United Kingdom,1,3,4,4,344,Loyal Customers
15241,2011-10-04 09:05:00,8,1756.44,1818,82,67,-17.85,1738.5900000000001,219.555,United Kingdom,1,3,5,4,354,Loyal Customers
15243,2011-09-26 14:12:00,1,316.68,185,22,74,0.0,316.68,316.68,United Kingdom,1,2,1,2,212,Lost / Low-Value
15244,2011-10-05 13:19:00,2,631.57,405,31,65,0.0,631.57,315.785,United Kingdom,1,3,3,3,333,Loyal Customers
15245,2011-07-28 18:56:00,3,2515.84,1784,55,134,0.0,2515.84,838.6133333333333,United Kingdom,1,2,3,5,235,At-Risk High-Value
15246,2011-04-15 14:45:00,2,514.15,247,32,238,0.0,514.15,257.075,United Kingdom,1,1,3,3,133,At-Risk High-Value
15247,2011-08-09 12:52:00,1,356.0,160,6,122,0.0,356.0,356.0,United Kingdom,1,2,1,2,212,Lost / Low-Value
15249,2011-11-08 11:45:00,13,6688.46,3577,211,32,-31.1,6657.36,514.496923076923,United Kingdom,1,4,5,5,455,Champions
15251,2011-11-30 15:02:00,11,10484.99,6171,97,9,-157.88,10327.11,953.180909090909,United Kingdom,1,5,5,5,555,Champions
15252,2011-11-03 13:30:00,2,740.78,522,44,36,0.0,740.78,370.39,United Kingdom,1,3,3,3,333,Loyal Customers
15253,2011-11-23 16:22:00,5,918.2,866,52,16,-2.9,915.3000000000001,183.64000000000001,United Kingdom,1,4,4,4,444,Champions
15254,2011-08-04 15:04:00,1,300.36,275,18,127,0.0,300.36,300.36,United Kingdom,1,2,1,2,212,Lost / Low-Value
15255,2011-10-04 12:43:00,1,890.85,489,47,67,0.0,890.85,890.85,United Kingdom,1,3,1,3,313,Needs Attention
15256,2011-07-14 11:47:00,1,98.45,55,6,149,0.0,98.45,98.45,United Kingdom,1,2,1,1,211,Lost / Low-Value
15257,2011-03-01 12:58:00,1,317.15,46,7,283,-85.0,232.14999999999998,317.15,United Kingdom,1,1,1,1,111,Lost / Low-Value
15258,2011-06-24 12:30:00,2,623.16,142,32,169,0.0,623.16,311.58,United Kingdom,1,2,3,3,233,At-Risk High-Value
15260,2011-08-31 13:55:00,7,1810.77,885,62,100,-30.0,1780.77,258.68142857142857,United Kingdom,1,2,5,4,254,At-Risk High-Value
15261,2011-07-27 15:20:00,1,254.82,270,19,135,0.0,254.82,254.82,United Kingdom,1,2,1,2,212,Lost / Low-Value
15262,2011-01-20 12:16:00,1,178.95000000000002,73,10,324,0.0,178.95000000000002,178.95000000000002,United Kingdom,1,1,1,1,111,Lost / Low-Value
15263,2011-08-25 10:26:00,1,156.51,89,12,107,0.0,156.51,156.51,United Kingdom,1,2,1,1,211,Lost / Low-Value
15264,2011-10-06 13:49:00,1,393.74,265,23,64,0.0,393.74,393.74,United Kingdom,1,3,1,2,312,Needs Attention
15265,2011-07-11 14:46:00,2,1506.1200000000001,612,76,151,0.0,1506.1200000000001,753.0600000000001,United Kingdom,1,2,3,4,234,At-Risk High-Value
15266,2011-01-05 13:40:00,1,119.3,18,6,338,0.0,119.3,119.3,United Kingdom,1,1,1,1,111,Lost / Low-Value
15267,2011-11-17 15:59:00,5,1717.36,944,8,22,0.0,1717.36,343.472,United Kingdom,1,4,4,4,444,Champions
15269,2011-11-16 09:32:00,1,408.8,26,2,24,0.0,408.8,408.8,United Kingdom,1,4,1,2,412,New Inflow
15270,2011-11-24 09:24:00,7,2379.49,1521,22,16,-81.28999999999999,2298.2,339.9271428571428,United Kingdom,1,4,5,5,455,Champions
15271,2011-12-02 14:11:00,15,2493.34,1251,184,7,-21.25,2472.09,166.22266666666667,United Kingdom,1,5,5,5,555,Champions
15272,2011-10-13 12:59:00,2,721.94,310,63,57,0.0,721.94,360.97,United Kingdom,1,3,3,3,333,Loyal Customers
15274,2011-12-05 16:57:00,2,716.57,619,44,4,0.0,716.57,358.285,United Kingdom,1,5,3,3,533,Loyal Customers
15275,2011-11-02 11:20:00,1,615.14,498,41,38,-5.95,609.1899999999999,615.14,United Kingdom,1,3,1,3,313,Needs Attention
15276,2011-10-04 16:39:00,1,128.63,61,49,66,0.0,128.63,128.63,United Kingdom,1,3,1,1,311,Needs Attention
15277,2011-10-24 10:08:00,1,255.89999999999998,205,12,47,0.0,255.89999999999998,255.89999999999998,United Kingdom,1,3,1,2,312,Needs Attention
15279,2010-12-20 10:48:00,1,290.51,189,19,355,-13.100000000000001,277.40999999999997,290.51,United Kingdom,1,1,1,2,112,Lost / Low-Value
15280,2011-06-20 17:14:00,1,113.12,154,16,172,0.0,113.12,113.12,United Kingdom,1,2,1,1,211,Lost / Low-Value
15281,2011-10-12 09:10:00,9,2332.15,1211,121,59,-92.2,2239.9500000000003,259.1277777777778,United Kingdom,1,3,5,5,355,Loyal Customers
15286,2011-10-21 11:08:00,1,240.55,55,3,50,0.0,240.55,240.55,United Kingdom,1,3,1,1,311,Needs Attention
15287,2011-11-17 15:34:00,2,486.69,433,17,22,-1.45,485.24,243.345,United Kingdom,1,4,3,3,433,Loyal Customers
15288,2011-10-27 16:58:00,5,2306.52,775,80,43,0.0,2306.52,461.304,United Kingdom,1,3,4,5,345,Loyal Customers
15289,2011-11-10 13:49:00,3,939.78,1008,43,29,-4.68,935.1,313.26,United Kingdom,1,4,3,4,434,Loyal Customers
15290,2011-12-05 11:39:00,18,7943.22,4501,93,5,-139.45,7803.77,441.29,United Kingdom,1,5,5,5,555,Champions
15291,2011-11-14 11:02:00,14,4623.3,2102,61,26,-71.79,4551.51,330.2357142857143,United Kingdom,1,4,5,5,455,Champions
15292,2011-05-22 15:00:00,1,178.39,55,24,201,0.0,178.39,178.39,United Kingdom,1,1,1,1,111,Lost / Low-Value
15296,2011-10-20 11:47:00,6,3672.86,1766,137,51,-62.55,3610.31,612.1433333333333,United Kingdom,1,3,5,5,355,Loyal Customers
15297,2011-11-29 16:32:00,3,641.94,292,30,10,-6.9,635.0400000000001,213.98000000000002,United Kingdom,1,5,3,3,533,Loyal Customers
15298,2011-12-07 17:17:00,12,4799.9,3116,115,2,-1025.8,3774.0999999999995,399.9916666666666,United Kingdom,1,5,5,5,555,Champions
15299,2011-10-03 14:19:00,6,3907.01,2947,6,67,-6.01,3901.0,651.1683333333334,United Kingdom,1,3,5,5,355,Loyal Customers
15300,2011-10-06 17:08:00,1,496.44,292,28,64,0.0,496.44,496.44,United Kingdom,1,3,1,3,313,Needs Attention
15301,2011-10-20 09:57:00,12,5049.95,2751,167,51,-42.23,5007.72,420.82916666666665,United Kingdom,1,3,5,5,355,Loyal Customers
15303,2011-02-22 13:59:00,1,574.02,248,31,290,0.0,574.02,574.02,United Kingdom,1,1,1,3,113,Lost / Low-Value
15304,2011-10-10 10:23:00,8,694.4,104,8,61,-14.100000000000001,680.3,86.8,United Kingdom,1,3,5,3,353,Loyal Customers
15306,2011-10-06 12:56:00,3,1174.3500000000001,810,57,64,0.0,1174.3500000000001,391.45000000000005,United Kingdom,1,3,3,4,334,Loyal Customers
15307,2011-09-05 11:38:00,1,205.3,37,12,96,0.0,205.3,205.3,United Kingdom,1,2,1,1,211,Lost / Low-Value
15308,2011-03-10 13:08:00,1,310.47,175,19,274,-8.2,302.27000000000004,310.47,United Kingdom,1,1,1,2,112,Lost / Low-Value
15311,2011-12-09 12:00:00,91,60632.75,38147,567,1,-1348.56,59284.19,666.2939560439561,United Kingdom,1,5,5,5,555,Champions
15312,2011-09-25 13:10:00,4,924.85,516,42,75,-3.75,921.1,231.2125,United Kingdom,1,2,4,4,244,At-Risk High-Value
15313,2011-08-21 16:02:00,1,52.0,25,1,110,0.0,52.0,52.0,United Kingdom,1,2,1,1,211,Lost / Low-Value
15314,2011-05-24 14:39:00,1,327.97,313,24,199,0.0,327.97,327.97,United Kingdom,1,1,1,2,112,Lost / Low-Value
15315,2011-10-06 12:51:00,2,570.5,862,35,64,-18.96,551.54,285.25,United Kingdom,1,3,3,3,333,Loyal Customers
15316,2011-01-17 11:34:00,1,165.0,100,1,327,0.0,165.0,165.0,United Kingdom,1,1,1,1,111,Lost / Low-Value
15318,2011-12-06 11:30:00,1,312.62,642,33,4,0.0,312.62,312.62,United Kingdom,1,5,1,2,512,New Inflow
15319,2011-03-01 12:48:00,1,204.5,175,16,284,0.0,204.5,204.5,United Kingdom,1,1,1,1,111,Lost / Low-Value
15320,2011-10-26 13:27:00,1,267.13,326,36,44,0.0,267.13,267.13,United Kingdom,1,3,1,2,312,Needs Attention
15321,2011-09-30 09:40:00,3,2748.31,1181,83,71,-84.83,2663.48,916.1033333333334,United Kingdom,1,3,3,5,335,Loyal Customers
15322,2011-09-15 09:34:00,1,679.68,416,42,86,-76.71,602.9699999999999,679.68,United Kingdom,1,2,1,3,213,Lost / Low-Value
15325,2011-08-28 11:55:00,1,161.74,231,47,104,0.0,161.74,161.74,United Kingdom,1,2,1,1,211,Lost / Low-Value
15326,2011-01-10 11:38:00,1,311.71,386,29,334,0.0,311.71,311.71,United Kingdom,1,1,1,2,112,Lost / Low-Value
15327,2011-10-18 11:55:00,1,208.75,116,10,53,0.0,208.75,208.75,United Kingdom,1,3,1,1,311,Needs Attention
15329,2011-10-31 15:36:00,3,1049.7,486,51,39,-42.2,1007.5,349.90000000000003,United Kingdom,1,3,3,4,334,Loyal Customers
15330,2011-11-07 17:50:00,2,714.9599999999999,1312,10,32,0.0,714.9599999999999,357.47999999999996,United Kingdom,1,4,3,3,433,Loyal Customers
15332,2010-12-08 14:43:00,4,1661.06,652,29,366,0.0,1661.06,415.265,Lithuania,0,1,4,4,144,At-Risk High-Value
15333,2011-05-15 13:27:00,1,1028.56,344,16,208,0.0,1028.56,1028.56,United Kingdom,1,1,1,4,114,Lost / Low-Value
15334,2011-07-06 11:22:00,3,347.87,272,66,157,0.0,347.87,115.95666666666666,United Kingdom,1,2,3,2,232,Needs Attention
15335,2011-10-17 12:50:00,1,170.22,79,34,54,0.0,170.22,170.22,United Kingdom,1,3,1,1,311,Needs Attention
15339,2011-10-04 12:51:00,2,574.07,416,77,66,-16.5,557.57,287.035,United Kingdom,1,3,3,3,333,Loyal Customers
15341,2011-09-20 09:40:00,1,2020.52,812,17,81,0.0,2020.52,2020.52,United Kingdom,1,2,1,5,215,Lost / Low-Value
15342,2011-08-02 10:19:00,1,406.09000000000003,283,24,130,-14.33,391.76000000000005,406.09000000000003,United Kingdom,1,2,1,2,212,Lost / Low-Value
15343,2011-09-13 13:55:00,1,364.5,84,21,87,0.0,364.5,364.5,United Kingdom,1,2,1,2,212,Lost / Low-Value
15344,2011-12-09 10:45:00,3,563.94,116,21,1,-87.36,476.58000000000004,187.98000000000002,United Kingdom,1,5,3,3,533,Loyal Customers
15345,2011-10-25 11:28:00,1,393.54,81,20,46,-25.85,367.69,393.54,United Kingdom,1,3,1,2,312,Needs Attention
15346,2011-01-11 11:18:00,1,252.42000000000002,144,17,333,0.0,252.42000000000002,252.42000000000002,United Kingdom,1,1,1,2,112,Lost / Low-Value
15347,2010-12-08 15:25:00,1,201.60000000000002,130,5,366,0.0,201.60000000000002,201.60000000000002,United Kingdom,1,1,1,1,111,Lost / Low-Value
15348,2011-09-28 13:17:00,1,158.04,84,9,72,0.0,158.04,158.04,United Kingdom,1,2,1,1,211,Lost / Low-Value
15349,2011-07-04 16:06:00,2,463.91,321,65,158,0.0,463.91,231.955,United Kingdom,1,2,3,2,232,Needs Attention
15350,2010-12-01 13:33:00,1,115.65,51,5,373,0.0,115.65,115.65,United Kingdom,1,1,1,1,111,Lost / Low-Value
15351,2011-11-27 12:52:00,7,1934.66,742,157,12,-97.97,1836.69,276.38,United Kingdom,1,5,5,4,554,Champions
15353,2011-03-30 12:15:00,2,770.12,341,59,255,0.0,770.12,385.06,United Kingdom,1,1,3,3,133,At-Risk High-Value
15355,2011-11-10 13:44:00,2,277.05,45,9,29,0.0,277.05,138.525,United Kingdom,1,4,3,2,432,Loyal Customers
15356,2011-11-08 13:11:00,10,2718.03,1643,215,31,0.0,2718.03,271.803,United Kingdom,1,4,5,5,455,Champions
15358,2011-12-05 09:04:00,22,8347.2,7050,292,5,-111.55,8235.650000000001,379.41818181818184,United Kingdom,1,5,5,5,555,Champions
15360,2011-10-31 09:35:00,1,427.93,223,13,40,0.0,427.93,427.93,United Kingdom,1,3,1,2,312,Needs Attention
15361,2010-12-13 09:52:00,1,418.92,336,7,362,0.0,418.92,418.92,United Kingdom,1,1,1,2,112,Lost / Low-Value
15363,2010-12-02 12:28:00,1,326.0,144,16,373,-7.95,318.05,326.0,United Kingdom,1,1,1,2,112,Lost / Low-Value
15364,2011-09-05 09:46:00,2,913.19,493,29,96,0.0,913.19,456.595,United Kingdom,1,2,3,4,234,At-Risk High-Value
15365,2011-11-14 08:29:00,7,2314.32,1084,65,26,-765.15,1549.17,330.6171428571429,United Kingdom,1,4,5,4,454,Champions
15366,2011-09-25 15:01:00,2,602.51,621,37,75,0.0,602.51,301.255,United Kingdom,1,2,3,3,233,At-Risk High-Value
15367,2011-10-13 14:13:00,4,1877.5900000000001,1057,91,57,-9.9,1867.69,469.39750000000004,United Kingdom,1,3,4,4,344,Loyal Customers
15368,2011-11-18 14:42:00,1,446.94000000000005,230,4,21,0.0,446.94000000000005,446.94000000000005,United Kingdom,1,4,1,2,412,New Inflow
15370,2011-10-30 10:58:00,7,2386.05,830,65,41,-25.5,2360.55,340.86428571428576,United Kingdom,1,3,5,5,355,Loyal Customers
15372,2011-07-25 16:39:00,1,2007.4,2924,27,137,0.0,2007.4,2007.4,United Kingdom,1,2,1,5,215,Lost / Low-Value
15373,2011-12-01 15:05:00,12,2415.91,500,74,8,-202.79999999999998,2213.1099999999997,201.32583333333332,United Kingdom,1,5,5,5,555,Champions
15374,2011-08-03 09:59:00,1,168.0,126,3,129,0.0,168.0,168.0,United Kingdom,1,2,1,1,211,Lost / Low-Value
15376,2011-10-30 15:04:00,3,1221.56,615,100,40,0.0,1221.56,407.18666666666667,United Kingdom,1,3,3,4,334,Loyal Customers
15379,2011-06-23 13:13:00,7,3703.29,2305,145,169,-71.4,3631.89,529.0414285714286,United Kingdom,1,2,5,5,255,At-Risk High-Value
15380,2011-12-01 12:13:00,5,1690.26,376,22,9,-7.9,1682.36,338.052,United Kingdom,1,5,4,4,544,Champions
15381,2011-05-10 11:55:00,2,596.85,171,8,214,0.0,596.85,298.425,United Kingdom,1,1,3,3,133,At-Risk High-Value
15382,2011-11-25 10:58:00,6,5955.71,4012,193,15,-27.85,5927.86,992.6183333333333,United Kingdom,1,4,5,5,455,Champions
15384,2011-06-23 10:57:00,2,642.41,596,34,170,-6.65,635.76,321.205,United Kingdom,1,2,3,3,233,At-Risk High-Value
15385,2011-10-30 15:11:00,1,316.88,161,12,40,0.0,316.88,316.88,United Kingdom,1,3,1,2,312,Needs Attention
15386,2011-06-06 13:47:00,1,394.14,446,31,186,0.0,394.14,394.14,United Kingdom,1,1,1,2,112,Lost / Low-Value
15388,2011-03-14 13:53:00,1,140.54,88,10,270,0.0,140.54,140.54,Canada,0,1,1,1,111,Lost / Low-Value
15389,2011-06-20 16:18:00,1,500.0,400,1,172,0.0,500.0,500.0,United Kingdom,1,2,1,3,213,Lost / Low-Value
15392,2011-12-05 11:01:00,4,1535.53,1277,74,5,-19.8,1515.73,383.8825,United Kingdom,1,5,4,4,544,Champions
15393,2011-11-23 16:48:00,2,231.86,150,10,16,0.0,231.86,115.93,United Kingdom,1,4,3,1,431,Loyal Customers
15394,2011-11-30 11:49:00,4,2183.54,910,54,10,0.0,2183.54,545.885,United Kingdom,1,5,4,5,545,Champions
15395,2011-01-18 12:40:00,1,107.45,17,7,326,0.0,107.45,107.45,United Kingdom,1,1,1,1,111,Lost / Low-Value
15396,2011-08-19 10:56:00,1,288.18,122,14,113,0.0,288.18,288.18,United Kingdom,1,2,1,2,212,Lost / Low-Value
15397,2011-02-23 09:25:00,1,94.0,20,6,290,0.0,94.0,94.0,United Kingdom,1,1,1,1,111,Lost / Low-Value
15398,2011-11-23 16:47:00,2,1345.53,769,60,16,-5.9,1339.6299999999999,672.765,United Kingdom,1,4,3,4,434,Loyal Customers
15399,2011-12-08 13:04:00,3,815.77,611,45,1,0.0,815.77,271.92333333333335,United Kingdom,1,5,3,3,533,Loyal Customers
15400,2011-09-08 13:57:00,5,716.2,390,10,92,-49.5,666.7,143.24,United Kingdom,1,2,4,3,243,At-Risk High-Value
15402,2011-07-14 12:17:00,2,626.35,693,34,149,0.0,626.35,313.175,United Kingdom,1,2,3,3,233,At-Risk High-Value
15405,2011-06-03 14:44:00,1,349.1,193,8,189,0.0,349.1,349.1,United Kingdom,1,1,1,2,112,Lost / Low-Value
15406,2011-11-08 13:22:00,2,510.71000000000004,254,51,31,-84.1,426.61,255.35500000000002,United Kingdom,1,4,3,2,432,Loyal Customers
15407,2011-11-06 11:55:00,4,1046.74,552,142,34,0.0,1046.74,261.685,United Kingdom,1,3,4,4,344,Loyal Customers
15408,2011-03-20 15:02:00,1,267.18,106,34,264,0.0,267.18,267.18,United Kingdom,1,1,1,2,112,Lost / Low-Value
15410,2011-09-16 14:47:00,8,3450.84,1200,48,84,0.0,3450.84,431.355,United Kingdom,1,2,5,5,255,At-Risk High-Value
15411,2011-11-13 15:19:00,4,1348.93,529,86,26,-12.5,1336.43,337.2325,United Kingdom,1,4,4,4,444,Champions
15412,2011-06-21 15:24:00,1,190.53,108,10,171,0.0,190.53,190.53,United Kingdom,1,2,1,1,211,Lost / Low-Value
15414,2011-11-30 09:50:00,3,774.9000000000001,443,37,10,0.0,774.9000000000001,258.3,United Kingdom,1,5,3,3,533,Loyal Customers
15415,2011-01-30 14:13:00,1,559.61,551,46,313,0.0,559.61,559.61,United Kingdom,1,1,1,3,113,Lost / Low-Value
15416,2011-10-06 09:38:00,4,3984.32,2090,165,65,-9.95,3974.3700000000003,996.08,United Kingdom,1,3,4,5,345,Loyal Customers
15417,2011-09-15 15:26:00,1,508.8,284,28,85,0.0,508.8,508.8,United Kingdom,1,2,1,3,213,Lost / Low-Value
15419,2011-11-15 09:23:00,1,135.86,230,8,25,0.0,135.86,135.86,United Kingdom,1,4,1,1,411,New Inflow
15421,2011-10-12 09:20:00,4,950.36,500,40,59,0.0,950.36,237.59,United Kingdom,1,3,4,4,344,Loyal Customers
15422,2011-01-20 16:17:00,2,97.7,38,6,323,0.0,97.7,48.85,United Kingdom,1,1,3,1,131,Needs Attention
15423,2011-11-01 14:01:00,1,43.5,101,2,38,0.0,43.5,43.5,United Kingdom,1,3,1,1,311,Needs Attention
15424,2011-03-30 13:02:00,2,383.34,554,17,254,0.0,383.34,191.67,United Kingdom,1,1,3,2,132,Needs Attention
15426,2011-11-20 15:36:00,5,1404.07,656,217,19,-17.49,1386.58,280.81399999999996,United Kingdom,1,4,4,4,444,Champions
15427,2011-11-06 14:29:00,3,1430.54,967,233,33,0.0,1430.54,476.84666666666664,United Kingdom,1,3,3,4,334,Loyal Customers
15428,2011-11-24 16:54:00,1,93.78,102,6,15,0.0,93.78,93.78,United Kingdom,1,4,1,1,411,New Inflow
15429,2011-11-13 12:28:00,2,397.35,380,77,27,-32.45,364.90000000000003,198.675,United Kingdom,1,4,3,2,432,Loyal Customers
15432,2011-11-16 16:30:00,1,171.19000000000003,65,10,23,0.0,171.19000000000003,171.19000000000003,United Kingdom,1,4,1,1,411,New Inflow
15433,2011-05-10 10:45:00,2,533.3,534,40,214,-115.43,417.86999999999995,266.65,United Kingdom,1,1,3,2,132,Needs Attention
15434,2011-12-01 13:33:00,5,1041.48,647,40,8,-44.0,997.48,208.296,United Kingdom,1,5,4,4,544,Champions
15435,2011-11-17 16:39:00,1,149.29,54,29,22,0.0,149.29,149.29,United Kingdom,1,4,1,1,411,New Inflow
15436,2011-11-27 16:05:00,3,1067.75,574,243,12,0.0,1067.75,355.9166666666667,United Kingdom,1,5,3,4,534,Loyal Customers
15437,2011-03-22 13:11:00,1,200.16,79,44,262,0.0,200.16,200.16,United Kingdom,1,1,1,1,111,Lost / Low-Value
15438,2011-07-31 14:19:00,1,156.57999999999998,59,25,131,0.0,156.57999999999998,156.57999999999998,United Kingdom,1,2,1,1,211,Lost / Low-Value
15440,2011-10-16 12:16:00,3,383.68,197,50,55,0.0,383.68,127.89333333333333,United Kingdom,1,3,3,2,332,Loyal Customers
15442,2011-04-05 12:24:00,1,594.0,120,2,249,0.0,594.0,594.0,United Kingdom,1,1,1,3,113,Lost / Low-Value
15443,2011-12-08 10:40:00,7,3213.59,1639,237,2,-24.75,3188.84,459.0842857142857,United Kingdom,1,5,5,5,555,Champions
15444,2011-11-30 17:37:00,2,1411.21,759,191,9,0.0,1411.21,705.605,United Kingdom,1,5,3,4,534,Loyal Customers
15445,2011-03-20 15:06:00,1,113.5,58,5,264,0.0,113.5,113.5,United Kingdom,1,1,1,1,111,Lost / Low-Value
15447,2011-01-13 11:26:00,1,155.17000000000002,85,9,331,0.0,155.17000000000002,155.17000000000002,United Kingdom,1,1,1,1,111,Lost / Low-Value
15448,2011-01-31 10:42:00,1,494.64,232,28,313,0.0,494.64,494.64,United Kingdom,1,1,1,3,113,Lost / Low-Value
15449,2011-11-13 15:02:00,3,974.52,812,47,26,-3.3,971.22,324.84,United Kingdom,1,4,3,4,434,Loyal Customers
15450,2011-11-09 17:11:00,1,429.84,376,30,30,0.0,429.84,429.84,United Kingdom,1,4,1,2,412,New Inflow
15452,2011-11-10 12:13:00,3,528.48,280,47,30,0.0,528.48,176.16,United Kingdom,1,4,3,3,433,Loyal Customers
15453,2011-12-08 10:59:00,7,1371.77,837,169,2,0.0,1371.77,195.96714285714285,United Kingdom,1,5,5,4,554,Champions
15454,2010-12-12 14:21:00,1,179.1,86,23,362,0.0,179.1,179.1,United Kingdom,1,1,1,1,111,Lost / Low-Value
15456,2011-03-01 13:51:00,3,434.59,633,48,283,0.0,434.59,144.86333333333332,United Kingdom,1,1,3,2,132,Needs Attention
15457,2011-03-22 15:31:00,1,237.07,132,56,262,0.0,237.07,237.07,United Kingdom,1,1,1,1,111,Lost / Low-Value
15458,2011-11-14 13:08:00,1,161.64,156,7,25,0.0,161.64,161.64,United Kingdom,1,4,1,1,411,New Inflow
15460,2010-12-20 16:08:00,1,214.26,107,53,354,0.0,214.26,214.26,United Kingdom,1,1,1,1,111,Lost / Low-Value
15462,2011-09-06 13:11:00,3,234.6,172,9,94,0.0,234.6,78.2,United Kingdom,1,2,3,1,231,Needs Attention
15463,2011-11-10 12:57:00,1,126.14,106,7,29,0.0,126.14,126.14,United Kingdom,1,4,1,1,411,New Inflow
15464,2011-01-05 15:56:00,1,1044.65,348,155,338,0.0,1044.65,1044.65,United Kingdom,1,1,1,4,114,Lost / Low-Value
15465,2011-11-20 10:11:00,18,7354.62,1257,43,20,-409.59999999999997,6945.0199999999995,408.59,United Kingdom,1,4,5,5,455,Champions
15466,2011-09-15 14:08:00,1,334.53,246,56,85,0.0,334.53,334.53,United Kingdom,1,2,1,2,212,Lost / Low-Value
15467,2011-11-30 14:17:00,3,524.88,310,41,9,-13.0,511.88,174.96,United Kingdom,1,5,3,3,533,Loyal Customers
15468,2011-10-19 13:49:00,2,467.51,155,24,51,-29.05,438.46,233.755,United Kingdom,1,3,3,2,332,Loyal Customers
15469,2011-10-20 16:21:00,2,538.55,153,24,50,-34.05,504.49999999999994,269.275,United Kingdom,1,3,3,3,333,Loyal Customers
15471,2011-12-07 14:12:00,1,454.48,256,67,2,0.0,454.48,454.48,United Kingdom,1,5,1,2,512,New Inflow
15472,2011-08-18 15:17:00,1,371.56,251,76,113,0.0,371.56,371.56,United Kingdom,1,2,1,2,212,Lost / Low-Value
15473,2011-11-25 15:15:00,7,1771.2,672,4,14,-306.0,1465.2,253.02857142857144,United Kingdom,1,4,5,4,454,Champions
15475,2011-09-23 15:20:00,1,454.11,319,29,77,0.0,454.11,454.11,United Kingdom,1,2,1,2,212,Lost / Low-Value
15478,2011-10-30 14:19:00,2,1399.92,575,34,40,0.0,1399.92,699.96,United Kingdom,1,3,3,4,334,Loyal Customers
15480,2011-08-15 14:32:00,1,905.5,303,45,116,0.0,905.5,905.5,Malta,0,2,1,3,213,Lost / Low-Value
15482,2011-11-24 10:46:00,11,10839.76,5003,45,16,-4486.24,6353.52,985.4327272727273,United Kingdom,1,4,5,5,455,Champions
15483,2011-07-01 13:07:00,4,225.26,291,74,161,0.0,225.26,56.315,United Kingdom,1,2,4,1,241,Needs Attention
15484,2011-12-08 15:03:00,4,3590.41,3150,135,1,-31.2,3559.21,897.6025,United Kingdom,1,5,4,5,545,Champions
15485,2011-11-09 14:31:00,3,2564.5,1281,59,30,0.0,2564.5,854.8333333333334,United Kingdom,1,4,3,5,435,Loyal Customers
15488,2011-09-08 10:11:00,1,91.32000000000001,73,2,93,0.0,91.32000000000001,91.32000000000001,United Kingdom,1,2,1,1,211,Lost / Low-Value
15489,2011-11-17 08:53:00,3,1134.28,608,47,23,-44.25000000000001,1090.03,378.0933333333333,United Kingdom,1,4,3,4,434,Loyal Customers
15491,2011-09-05 15:56:00,6,3100.09,1646,108,95,-9.24,3090.8500000000004,516.6816666666667,United Kingdom,1,2,5,5,255,At-Risk High-Value
15492,2011-11-11 14:53:00,2,659.46,483,32,28,0.0,659.46,329.73,United Kingdom,1,4,3,3,433,Loyal Customers
15493,2011-11-07 12:04:00,5,1953.41,551,177,33,-34.55,1918.8600000000001,390.682,United Kingdom,1,3,4,4,344,Loyal Customers
15494,2011-11-18 14:51:00,2,1280.58,1139,120,21,0.0,1280.58,640.29,United Kingdom,1,4,3,4,434,Loyal Customers
15497,2011-11-22 11:51:00,2,1262.2,624,13,18,-2.5,1259.7,631.1,United Kingdom,1,4,3,4,434,Loyal Customers
15498,2011-12-07 12:48:00,27,13316.4,6105,360,3,-63.85,13252.55,493.2,United Kingdom,1,5,5,5,555,Champions
15500,2011-12-01 13:47:00,4,1131.56,572,64,8,0.0,1131.56,282.89,United Kingdom,1,5,4,4,544,Champions
15502,2011-11-24 12:48:00,10,6923.98,4232,163,16,-1375.4,5548.58,692.3979999999999,United Kingdom,1,4,5,5,455,Champions
15503,2010-12-12 10:57:00,1,141.04,70,66,363,0.0,141.04,141.04,United Kingdom,1,1,1,1,111,Lost / Low-Value
15504,2011-09-19 13:45:00,1,52.83,33,13,81,0.0,52.83,52.83,United Kingdom,1,2,1,1,211,Lost / Low-Value
15505,2011-10-18 07:56:00,5,3610.96,2390,90,53,-113.82,3497.14,722.192,United Kingdom,1,3,4,5,345,Loyal Customers
15506,2011-11-17 12:11:00,3,972.08,842,121,23,0.0,972.08,324.0266666666667,United Kingdom,1,4,3,4,434,Loyal Customers
15507,2011-06-21 11:19:00,1,475.86,160,41,172,0.0,475.86,475.86,United Kingdom,1,2,1,3,213,Lost / Low-Value
15508,2011-06-03 15:43:00,6,1000.27,440,78,189,0.0,1000.27,166.71166666666667,United Kingdom,1,1,5,4,154,At-Risk High-Value
15510,2011-01-13 12:10:00,1,250.0,2,1,331,0.0,250.0,250.0,United Kingdom,1,1,1,2,112,Lost / Low-Value
15511,2011-11-28 09:43:00,5,900.53,269,117,12,0.0,900.53,180.106,United Kingdom,1,5,4,3,543,Loyal Customers
15512,2011-07-07 10:20:00,2,121.0,68,7,156,0.0,121.0,60.5,United Kingdom,1,2,3,1,231,Needs Attention
15513,2011-11-06 14:36:00,19,14758.22,5709,183,33,-238.14,14520.08,776.7484210526316,United Kingdom,1,3,5,5,355,Loyal Customers
15514,2011-11-27 14:40:00,11,4023.7200000000003,2098,96,12,-1116.2700000000002,2907.45,365.7927272727273,United Kingdom,1,5,5,5,555,Champions
15516,2011-10-26 10:51:00,3,62.43,27,15,45,0.0,62.43,20.81,United Kingdom,1,3,3,1,331,Loyal Customers
15517,2011-04-20 14:02:00,1,267.03,293,27,233,0.0,267.03,267.03,United Kingdom,1,1,1,2,112,Lost / Low-Value
15518,2011-10-06 13:05:00,8,1921.55,1263,135,64,-23.799999999999997,1897.75,240.19375,United Kingdom,1,3,5,4,354,Loyal Customers
15520,2011-12-08 10:58:00,1,343.5,314,18,2,0.0,343.5,343.5,United Kingdom,1,5,1,2,512,New Inflow
15521,2011-10-30 13:42:00,8,3000.2,1836,116,40,-300.55,2699.6499999999996,375.025,United Kingdom,1,3,5,5,355,Loyal Customers
15522,2011-11-07 11:26:00,2,397.99,572,47,33,0.0,397.99,198.995,United Kingdom,1,3,3,2,332,Loyal Customers
15523,2011-09-16 16:29:00,1,412.01000000000005,132,10,84,0.0,412.01000000000005,412.01000000000005,United Kingdom,1,2,1,2,212,Lost / Low-Value
15524,2011-11-15 12:09:00,1,440.0,4,1,25,0.0,440.0,440.0,United Kingdom,1,4,1,2,412,New Inflow
15525,2011-12-07 14:43:00,3,731.87,385,132,2,-14.899999999999999,716.97,243.95666666666668,United Kingdom,1,5,3,3,533,Loyal Customers
15526,2011-11-06 15:04:00,2,148.44,24,4,33,0.0,148.44,74.22,United Kingdom,1,3,3,1,331,Loyal Customers
15527,2011-11-21 12:17:00,8,2428.53,991,127,19,-16.85,2411.6800000000003,303.56625,United Kingdom,1,4,5,5,455,Champions
15528,2011-03-30 16:14:00,1,229.33,123,26,254,0.0,229.33,229.33,United Kingdom,1,1,1,1,111,Lost / Low-Value
15529,2011-11-17 11:29:00,11,3960.05,3454,414,23,-27.45,3932.6000000000004,360.00454545454545,United Kingdom,1,4,5,5,455,Champions
15530,2011-11-18 12:25:00,4,1497.31,938,90,22,0.0,1497.31,374.3275,United Kingdom,1,4,4,4,444,Champions
15531,2011-12-01 18:43:00,2,1972.39,1085,196,8,0.0,1972.39,986.195,United Kingdom,1,5,3,4,534,Loyal Customers
15532,2011-11-14 14:51:00,4,1554.83,513,204,25,-63.849999999999994,1490.98,388.7075,United Kingdom,1,4,4,4,444,Champions
15533,2011-11-20 15:35:00,3,807.57,289,73,19,-60.65,746.9200000000001,269.19,United Kingdom,1,4,3,3,433,Loyal Customers
15535,2011-06-19 16:02:00,4,502.9,135,55,173,-76.5,426.4,125.725,United Kingdom,1,2,4,2,242,Needs Attention
15537,2011-06-29 13:10:00,1,110.92,29,24,163,0.0,110.92,110.92,United Kingdom,1,2,1,1,211,Lost / Low-Value
15539,2011-12-02 13:36:00,1,538.46,410,41,7,0.0,538.46,538.46,United Kingdom,1,5,1,3,513,New Inflow
15540,2011-11-28 13:51:00,1,213.3,200,15,11,0.0,213.3,213.3,United Kingdom,1,5,1,1,511,New Inflow
15541,2011-08-17 14:58:00,1,85.13000000000001,49,29,114,0.0,85.13000000000001,85.13000000000001,United Kingdom,1,2,1,1,211,Lost / Low-Value
15543,2011-02-24 15:26:00,1,127.86,86,26,288,0.0,127.86,127.86,United Kingdom,1,1,1,1,111,Lost / Low-Value
15544,2011-11-30 16:43:00,9,3546.71,3109,122,9,-4.199999999999999,3542.51,394.0788888888889,United Kingdom,1,5,5,5,555,Champions
15545,2011-10-16 13:24:00,2,288.96999999999997,162,78,54,0.0,288.96999999999997,144.48499999999999,United Kingdom,1,3,3,2,332,Loyal Customers
15547,2011-12-02 12:52:00,14,4910.6,3999,441,7,0.0,4910.6,350.75714285714287,United Kingdom,1,5,5,5,555,Champions
15549,2011-09-23 16:22:00,3,1677.71,691,103,77,-37.5,1640.21,559.2366666666667,United Kingdom,1,2,3,4,234,At-Risk High-Value
15550,2011-12-05 15:38:00,4,575.63,295,43,4,0.0,575.63,143.9075,United Kingdom,1,5,4,3,543,Loyal Customers
15551,2011-11-03 12:37:00,1,436.06,218,29,37,0.0,436.06,436.06,United Kingdom,1,3,1,2,312,Needs Attention
15552,2011-05-06 14:47:00,1,90.12,60,17,217,0.0,90.12,90.12,United Kingdom,1,1,1,1,111,Lost / Low-Value
15553,2011-10-10 14:02:00,1,428.93,449,51,60,0.0,428.93,428.93,United Kingdom,1,3,1,2,312,Needs Attention
15554,2011-03-07 09:00:00,1,217.2,74,14,278,0.0,217.2,217.2,United Kingdom,1,1,1,1,111,Lost / Low-Value
15555,2011-11-27 16:19:00,16,4791.87,4397,400,12,-46.12,4745.75,299.491875,United Kingdom,1,5,5,5,555,Champions
15556,2011-11-15 16:08:00,1,279.77,236,31,24,0.0,279.77,279.77,United Kingdom,1,4,1,2,412,New Inflow
15557,2011-11-11 12:46:00,1,468.91,213,16,29,0.0,468.91,468.91,United Kingdom,1,4,1,2,412,New Inflow
15561,2011-11-28 11:07:00,4,800.5899999999999,267,27,12,-77.85,722.7399999999999,200.14749999999998,United Kingdom,1,5,4,3,543,Loyal Customers
15562,2010-12-23 09:55:00,1,134.55,39,1,352,0.0,134.55,134.55,United Kingdom,1,1,1,1,111,Lost / Low-Value
15563,2011-11-17 12:59:00,3,1361.44,1441,87,22,-50.75,1310.69,453.81333333333333,United Kingdom,1,4,3,4,434,Loyal Customers
15565,2011-10-20 14:33:00,2,173.16000000000003,60,8,50,0.0,173.16000000000003,86.58000000000001,United Kingdom,1,3,3,1,331,Loyal Customers
15567,2011-11-21 10:48:00,1,186.01,223,7,19,0.0,186.01,186.01,United Kingdom,1,4,1,1,411,New Inflow
15568,2011-12-07 11:27:00,3,758.29,461,27,3,0.0,758.29,252.76333333333332,United Kingdom,1,5,3,3,533,Loyal Customers
15569,2011-08-28 10:15:00,5,1375.71,666,27,104,0.0,1375.71,275.142,United Kingdom,1,2,4,4,244,At-Risk High-Value
15570,2011-12-02 14:47:00,12,4148.82,2063,231,7,-55.55,4093.2699999999995,345.73499999999996,United Kingdom,1,5,5,5,555,Champions
15571,2011-11-28 10:02:00,4,650.4300000000001,264,47,12,0.0,650.4300000000001,162.60750000000002,United Kingdom,1,5,4,3,543,Loyal Customers
15572,2011-12-05 10:09:00,7,2533.42,1213,166,5,0.0,2533.42,361.9171428571429,United Kingdom,1,5,5,5,555,Champions
15573,2011-11-08 11:38:00,2,583.24,354,87,32,0.0,583.24,291.62,United Kingdom,1,4,3,3,433,Loyal Customers
15574,2011-06-15 12:01:00,4,675.64,332,131,178,0.0,675.64,168.91,United Kingdom,1,2,4,3,243,At-Risk High-Value
15576,2011-11-02 12:03:00,1,921.37,394,43,38,0.0,921.37,921.37,United Kingdom,1,3,1,4,314,Needs Attention
15577,2011-07-11 17:03:00,3,258.88,89,39,151,0.0,258.88,86.29333333333334,United Kingdom,1,2,3,2,232,Needs Attention
15578,2011-06-30 13:03:00,1,127.1,52,13,162,0.0,127.1,127.1,United Kingdom,1,2,1,1,211,Lost / Low-Value
15579,2011-10-02 12:45:00,2,327.6,117,45,69,0.0,327.6,163.8,United Kingdom,1,3,3,2,332,Loyal Customers
15581,2011-07-06 14:04:00,10,717.4300000000001,280,133,156,0.0,717.4300000000001,71.74300000000001,United Kingdom,1,2,5,3,253,At-Risk High-Value
15582,2011-11-15 09:55:00,3,682.9100000000001,453,39,25,0.0,682.9100000000001,227.63666666666668,United Kingdom,1,4,3,3,433,Loyal Customers
15584,2011-11-16 10:55:00,4,720.86,313,89,24,-2.5,718.36,180.215,United Kingdom,1,4,4,3,443,Loyal Customers
15585,2011-06-16 08:38:00,1,455.3,320,31,177,0.0,455.3,455.3,United Kingdom,1,2,1,2,212,Lost / Low-Value
15587,2011-10-20 13:37:00,4,913.68,312,3,50,0.0,913.68,228.42,United Kingdom,1,3,4,4,344,Loyal Customers
15589,2011-03-29 09:54:00,3,478.53,243,28,256,-21.95,456.58,159.51,United Kingdom,1,1,3,2,132,Needs Attention
15592,2011-10-24 08:59:00,1,388.58,354,24,47,0.0,388.58,388.58,United Kingdom,1,3,1,2,312,Needs Attention
15593,2011-09-30 11:46:00,1,199.8,60,5,71,0.0,199.8,199.8,United Kingdom,1,3,1,1,311,Needs Attention
15594,2011-11-24 08:53:00,5,1771.78,983,85,16,-4.25,1767.53,354.356,United Kingdom,1,4,4,4,444,Champions
15596,2011-08-31 10:55:00,5,1406.59,561,51,101,-63.25,1343.34,281.318,United Kingdom,1,2,4,4,244,At-Risk High-Value
15597,2011-11-04 13:26:00,1,324.57,279,22,35,-8.850000000000001,315.71999999999997,324.57,United Kingdom,1,3,1,2,312,Needs Attention
15598,2011-10-17 16:04:00,1,240.68,160,14,53,-5.0,235.68,240.68,United Kingdom,1,3,1,1,311,Needs Attention
15599,2011-11-13 11:44:00,2,761.74,718,50,27,0.0,761.74,380.87,United Kingdom,1,4,3,3,433,Loyal Customers
15601,2011-11-28 15:15:00,14,6776.56,4983,230,11,-31.2,6745.360000000001,484.04,United Kingdom,1,5,5,5,555,Champions
15602,2011-12-01 14:14:00,9,1297.8700000000001,1137,30,8,-195.5,1102.3700000000001,144.20777777777778,United Kingdom,1,5,5,4,554,Champions
15603,2011-09-22 10:04:00,1,48.480000000000004,96,2,79,0.0,48.480000000000004,48.480000000000004,United Kingdom,1,2,1,1,211,Lost / Low-Value
15604,2011-10-18 14:47:00,1,216.39000000000001,159,17,52,0.0,216.39000000000001,216.39000000000001,United Kingdom,1,3,1,1,311,Needs Attention
15605,2011-11-03 14:17:00,5,1198.23,441,61,36,0.0,1198.23,239.64600000000002,United Kingdom,1,3,4,4,344,Loyal Customers
15606,2011-10-09 15:47:00,9,2920.16,892,48,61,-497.52000000000004,2422.64,324.4622222222222,United Kingdom,1,3,5,5,355,Loyal Customers
15607,2011-01-07 12:44:00,1,104.76,202,13,337,0.0,104.76,104.76,United Kingdom,1,1,1,1,111,Lost / Low-Value
15608,2011-11-11 13:20:00,4,1093.68,714,59,28,0.0,1093.68,273.42,United Kingdom,1,4,4,4,444,Champions
15609,2011-06-08 13:00:00,1,298.48,148,16,184,-28.45,270.03000000000003,298.48,United Kingdom,1,1,1,2,112,Lost / Low-Value
15610,2011-10-19 10:36:00,1,112.46000000000001,66,6,52,0.0,112.46000000000001,112.46000000000001,United Kingdom,1,3,1,1,311,Needs Attention
15611,2011-11-30 12:36:00,11,1570.45,502,22,10,-23.060000000000002,1547.39,142.76818181818183,United Kingdom,1,5,5,4,554,Champions
15612,2011-11-03 14:52:00,2,195.15,52,4,36,0.0,195.15,97.575,United Kingdom,1,3,3,1,331,Loyal Customers
15615,2011-11-29 14:42:00,23,10399.74,5508,184,10,-39.7,10360.039999999999,452.1626086956522,United Kingdom,1,5,5,5,555,Champions
15618,2011-11-07 08:34:00,4,776.85,453,38,33,-29.82,747.03,194.2125,United Kingdom,1,3,4,3,343,Loyal Customers
15619,2011-11-29 08:14:00,1,336.4,136,3,11,0.0,336.4,336.4,United Kingdom,1,5,1,2,512,New Inflow
15620,2011-10-14 12:41:00,3,1553.18,915,92,57,-28.78,1524.4,517.7266666666667,United Kingdom,1,3,3,4,334,Loyal Customers
15621,2011-12-05 14:01:00,4,1293.03,501,11,4,-134.26,1158.77,323.2575,United Kingdom,1,5,4,4,544,Champions
15622,2011-10-27 16:44:00,9,3709.56,1674,169,43,-485.03,3224.5299999999997,412.17333333333335,United Kingdom,1,3,5,5,355,Loyal Customers
15623,2011-07-21 17:26:00,1,301.03000000000003,125,19,141,0.0,301.03000000000003,301.03000000000003,United Kingdom,1,2,1,2,212,Lost / Low-Value
15624,2011-08-15 11:38:00,4,588.13,357,26,117,0.0,588.13,147.0325,United Kingdom,1,2,4,3,243,At-Risk High-Value
15625,2011-08-28 10:21:00,4,1534.26,1188,44,104,-29.7,1504.56,383.565,United Kingdom,1,2,4,4,244,At-Risk High-Value
15626,2011-09-26 10:03:00,2,675.8,766,49,75,0.0,675.8,337.9,United Kingdom,1,2,3,3,233,At-Risk High-Value
15628,2011-12-05 10:24:00,9,2870.2400000000002,1894,85,5,-4.6,2865.6400000000003,318.91555555555556,United Kingdom,1,5,5,5,555,Champions
15630,2011-10-25 15:36:00,2,1186.35,800,57,45,-5.95,1180.3999999999999,593.175,United Kingdom,1,3,3,4,334,Loyal Customers
15632,2011-11-24 09:51:00,8,3285.31,2109,107,16,-138.0,3147.31,410.66375,United Kingdom,1,4,5,5,455,Champions
15634,2011-11-22 16:28:00,1,243.55,99,15,17,0.0,243.55,243.55,United Kingdom,1,4,1,2,412,New Inflow
15636,2011-09-11 11:17:00,2,724.76,284,20,90,0.0,724.76,362.38,United Kingdom,1,2,3,3,233,At-Risk High-Value
15637,2011-10-18 08:28:00,1,223.36,128,15,53,0.0,223.36,223.36,United Kingdom,1,3,1,1,311,Needs Attention
15639,2011-07-28 14:30:00,1,425.32,323,25,134,0.0,425.32,425.32,United Kingdom,1,2,1,2,212,Lost / Low-Value
15640,2011-12-05 14:35:00,15,12416.11,6572,240,4,-79.37,12336.74,827.7406666666667,United Kingdom,1,5,5,5,555,Champions
15641,2011-08-26 14:04:00,4,1887.2,1562,102,105,0.0,1887.2,471.8,United Kingdom,1,2,4,4,244,At-Risk High-Value
15643,2011-06-01 07:38:00,3,664.0,246,31,192,-16.6,647.4,221.33333333333334,United Kingdom,1,1,3,3,133,At-Risk High-Value
15644,2011-06-26 14:54:00,4,803.54,550,166,166,0.0,803.54,200.885,United Kingdom,1,2,4,3,243,At-Risk High-Value
15645,2011-11-21 11:55:00,1,611.59,255,49,19,0.0,611.59,611.59,United Kingdom,1,4,1,3,413,New Inflow
15646,2011-07-05 09:53:00,3,447.64000000000004,394,35,158,-22.5,425.14000000000004,149.21333333333334,United Kingdom,1,2,3,2,232,Needs Attention
15648,2011-05-19 15:53:00,2,639.5,218,23,204,-54.75,584.75,319.75,United Kingdom,1,1,3,3,133,At-Risk High-Value
15649,2011-01-07 13:34:00,2,816.0,192,1,336,0.0,816.0,408.0,United Kingdom,1,1,3,3,133,At-Risk High-Value
15651,2011-11-03 08:41:00,3,646.3,479,27,37,0.0,646.3,215.4333333333333,United Kingdom,1,3,3,3,333,Loyal Customers
15652,2011-09-09 14:22:00,1,337.74,208,21,91,0.0,337.74,337.74,United Kingdom,1,2,1,2,212,Lost / Low-Value
15653,2011-09-08 10:49:00,2,877.44,1200,4,93,0.0,877.44,438.72,United Kingdom,1,2,3,3,233,At-Risk High-Value
15654,2011-11-30 13:08:00,2,922.53,475,15,9,0.0,922.53,461.265,United Kingdom,1,5,3,4,534,Loyal Customers
15655,2011-04-10 15:25:00,1,560.6700000000001,324,34,243,-49.35,511.32000000000005,560.6700000000001,United Kingdom,1,1,1,3,113,Lost / Low-Value
15656,2011-10-25 14:56:00,4,748.5,343,46,45,0.0,748.5,187.125,United Kingdom,1,3,4,3,343,Loyal Customers
15657,2011-11-17 12:19:00,1,30.0,24,1,23,0.0,30.0,30.0,United Kingdom,1,4,1,1,411,New Inflow
15658,2011-06-02 15:22:00,5,1024.1000000000001,242,40,190,-65.2,958.9000000000001,204.82000000000002,United Kingdom,1,1,4,4,144,At-Risk High-Value
15659,2011-10-27 09:23:00,1,306.45,111,11,44,0.0,306.45,306.45,United Kingdom,1,3,1,2,312,Needs Attention
15660,2011-11-14 16:58:00,9,1600.86,1050,55,25,-48.85,1552.01,177.87333333333333,United Kingdom,1,4,5,4,454,Champions
15661,2011-01-26 13:56:00,2,309.8,236,4,317,0.0,309.8,154.9,United Kingdom,1,1,3,2,132,Needs Attention
15663,2011-08-25 15:50:00,1,138.14,106,9,106,0.0,138.14,138.14,United Kingdom,1,2,1,1,211,Lost / Low-Value
15664,2011-10-20 10:57:00,1,386.43,157,17,51,-27.8,358.63,386.43,United Kingdom,1,3,1,2,312,Needs Attention
15665,2011-06-24 14:57:00,2,2222.21,1654,92,168,0.0,2222.21,1111.105,United Kingdom,1,2,3,5,235,At-Risk High-Value
15667,2011-10-31 10:56:00,1,301.32000000000005,240,13,40,0.0,301.32000000000005,301.32000000000005,United Kingdom,1,3,1,2,312,Needs Attention
15668,2011-05-06 10:39:00,1,76.32000000000001,72,1,218,0.0,76.32000000000001,76.32000000000001,United Kingdom,1,1,1,1,111,Lost / Low-Value
15669,2011-10-30 16:03:00,4,684.34,342,31,40,-6.65,677.69,171.085,United Kingdom,1,3,4,3,343,Loyal Customers
15670,2011-02-16 10:50:00,1,173.05,91,12,297,0.0,173.05,173.05,United Kingdom,1,1,1,1,111,Lost / Low-Value
15671,2011-11-21 12:43:00,7,2657.13,1699,52,19,-21.64,2635.4900000000002,379.59000000000003,United Kingdom,1,4,5,5,455,Champions
15673,2011-09-12 16:12:00,4,2726.23,1451,107,88,0.0,2726.23,681.5575,United Kingdom,1,2,4,5,245,At-Risk High-Value
15674,2011-09-27 15:17:00,4,2111.89,1274,87,73,-367.87,1744.02,527.9725,United Kingdom,1,2,4,4,244,At-Risk High-Value
15675,2011-09-19 13:48:00,3,323.69,527,20,81,0.0,323.69,107.89666666666666,United Kingdom,1,2,3,2,232,Needs Attention
15676,2011-11-21 12:40:00,3,3435.76,2252,191,19,-111.67,3324.09,1145.2533333333333,United Kingdom,1,4,3,5,435,Loyal Customers
15677,2011-10-21 15:36:00,1,657.23,319,33,49,0.0,657.23,657.23,United Kingdom,1,3,1,3,313,Needs Attention
15678,2011-10-18 09:25:00,1,352.7,184,12,53,0.0,352.7,352.7,United Kingdom,1,3,1,2,312,Needs Attention
15679,2011-11-15 16:19:00,4,781.28,1170,98,24,0.0,781.28,195.32,United Kingdom,1,4,4,3,443,Loyal Customers
15680,2011-11-30 13:46:00,3,1333.68,952,61,9,0.0,1333.68,444.56,United Kingdom,1,5,3,4,534,Loyal Customers
15681,2011-11-14 16:30:00,5,1426.16,816,32,25,-479.8,946.3600000000001,285.232,United Kingdom,1,4,4,4,444,Champions
15683,2011-08-14 12:56:00,1,193.75,131,10,117,0.0,193.75,193.75,United Kingdom,1,2,1,1,211,Lost / Low-Value
15687,2011-12-01 08:33:00,9,2993.1,1310,119,9,-11.6,2981.5,332.56666666666666,United Kingdom,1,5,5,5,555,Champions
15689,2011-08-12 09:37:00,2,254.1,84,8,120,0.0,254.1,127.05,United Kingdom,1,2,3,2,232,Needs Attention
15690,2011-12-05 15:59:00,2,239.76,408,19,4,0.0,239.76,119.88,United Kingdom,1,5,3,1,531,Loyal Customers
15691,2011-04-01 15:13:00,1,136.8,72,2,252,0.0,136.8,136.8,United Kingdom,1,1,1,1,111,Lost / Low-Value
15692,2011-11-11 14:12:00,1,191.04,138,12,28,0.0,191.04,191.04,United Kingdom,1,4,1,1,411,New Inflow
15694,2011-12-09 09:44:00,13,6464.4,1676,41,1,-55.8,6408.599999999999,497.2615384615384,United Kingdom,1,5,5,5,555,Champions
15695,2011-03-18 08:32:00,2,409.98,212,22,267,0.0,409.98,204.99,United Kingdom,1,1,3,2,132,Needs Attention
15696,2011-11-06 14:02:00,8,2711.11,1015,140,33,-92.0,2619.11,338.88875,United Kingdom,1,3,5,5,355,Loyal Customers
15699,2011-11-22 08:26:00,1,309.65,113,18,18,0.0,309.65,309.65,United Kingdom,1,4,1,2,412,New Inflow
15700,2011-06-20 16:53:00,2,696.68,357,85,172,-32.65,664.03,348.34,United Kingdom,1,2,3,3,233,At-Risk High-Value
15701,2011-12-07 14:39:00,4,1529.0,912,193,2,0.0,1529.0,382.25,United Kingdom,1,5,4,4,544,Champions
15703,2011-03-20 10:51:00,1,211.5,66,5,265,0.0,211.5,211.5,United Kingdom,1,1,1,1,111,Lost / Low-Value
15704,2011-07-22 13:35:00,4,2293.62,1028,79,140,0.0,2293.62,573.405,United Kingdom,1,2,4,5,245,At-Risk High-Value
15705,2011-05-22 15:37:00,1,143.1,62,6,201,0.0,143.1,143.1,United Kingdom,1,1,1,1,111,Lost / Low-Value
15706,2011-10-07 10:09:00,4,1060.56,321,50,64,-58.75,1001.81,265.14,United Kingdom,1,3,4,4,344,Loyal Customers
15707,2011-11-04 14:35:00,4,916.98,594,126,35,0.0,916.98,229.245,United Kingdom,1,3,4,4,344,Loyal Customers
15708,2011-10-30 10:54:00,7,3235.25,1217,124,41,-34.519999999999996,3200.73,462.17857142857144,United Kingdom,1,3,5,5,355,Loyal Customers
15709,2011-03-01 10:38:00,1,133.25,121,6,284,0.0,133.25,133.25,United Kingdom,1,1,1,1,111,Lost / Low-Value
15712,2011-11-30 14:09:00,5,1072.3600000000001,486,41,9,0.0,1072.3600000000001,214.47200000000004,United Kingdom,1,5,4,4,544,Champions
15713,2011-07-19 13:34:00,2,356.7,150,18,143,-9.95,346.75,178.35,United Kingdom,1,2,3,2,232,Needs Attention
15714,2011-11-28 11:26:00,2,330.03000000000003,186,34,12,0.0,330.03000000000003,165.01500000000001,United Kingdom,1,5,3,2,532,Loyal Customers
15716,2011-07-17 11:59:00,4,1101.11,738,101,146,0.0,1101.11,275.2775,United Kingdom,1,2,4,4,244,At-Risk High-Value
15717,2011-04-19 13:21:00,1,150.3,70,7,234,0.0,150.3,150.3,United Kingdom,1,1,1,1,111,Lost / Low-Value
15719,2011-11-07 12:29:00,13,5028.42,2717,298,33,-1.65,5026.77,386.8015384615385,United Kingdom,1,3,5,5,355,Loyal Customers
15720,2011-11-15 14:48:00,1,598.73,281,128,24,0.0,598.73,598.73,United Kingdom,1,4,1,3,413,New Inflow
15721,2011-11-28 12:14:00,1,471.40000000000003,388,80,12,0.0,471.40000000000003,471.40000000000003,United Kingdom,1,5,1,2,512,New Inflow
15722,2011-11-04 11:43:00,5,2211.21,1023,45,36,-41.35,2169.86,442.242,United Kingdom,1,3,4,5,345,Loyal Customers
15723,2010-12-10 11:12:00,1,190.70000000000002,73,37,365,0.0,190.70000000000002,190.70000000000002,United Kingdom,1,1,1,1,111,Lost / Low-Value
15724,2011-05-22 14:40:00,2,218.25,73,11,201,-5.95,212.3,109.125,United Kingdom,1,1,3,1,131,Needs Attention
15725,2011-11-24 14:51:00,1,415.25,221,32,15,0.0,415.25,415.25,United Kingdom,1,4,1,2,412,New Inflow
15727,2011-11-23 12:36:00,7,5159.06,3063,213,17,0.0,5159.06,737.0085714285715,United Kingdom,1,4,5,5,455,Champions
15729,2011-05-11 12:36:00,1,85.0,28,5,213,-23.0,62.0,85.0,United Kingdom,1,1,1,1,111,Lost / Low-Value
15730,2011-10-05 12:31:00,3,1120.88,689,68,66,-12.5,1108.38,373.6266666666667,United Kingdom,1,3,3,4,334,Loyal Customers
15732,2011-05-11 14:24:00,2,294.12,215,13,212,0.0,294.12,147.06,United Kingdom,1,1,3,2,132,Needs Attention
15733,2011-03-02 09:05:00,1,162.3,62,10,283,0.0,162.3,162.3,United Kingdom,1,1,1,1,111,Lost / Low-Value
15734,2011-08-17 10:50:00,2,1339.45,346,25,115,0.0,1339.45,669.725,United Kingdom,1,2,3,4,234,At-Risk High-Value
15737,2011-11-25 11:21:00,8,1188.1200000000001,597,60,15,-66.91,1121.21,148.51500000000001,United Kingdom,1,4,5,4,454,Champions
15738,2011-11-21 08:26:00,16,4812.42,2982,46,19,-23.65,4788.77,300.77625,United Kingdom,1,4,5,5,455,Champions
15739,2011-10-04 13:42:00,1,449.12,472,8,66,0.0,449.12,449.12,United Kingdom,1,3,2,2,322,Needs Attention
15740,2011-10-21 14:29:00,1,154.88,152,9,49,0.0,154.88,154.88,United Kingdom,1,3,2,1,321,Needs Attention
15743,2011-11-23 17:19:00,4,775.96,214,59,16,0.0,775.96,193.99,United Kingdom,1,4,4,3,443,Loyal Customers
15744,2011-09-23 09:52:00,1,34.8,120,3,78,0.0,34.8,34.8,United Kingdom,1,2,2,1,221,Lost / Low-Value
15745,2011-11-20 13:45:00,4,1094.5900000000001,421,57,19,-23.35,1071.2400000000002,273.64750000000004,United Kingdom,1,4,4,4,444,Champions
15746,2011-07-28 15:21:00,1,196.88,178,28,134,-13.919999999999998,182.96,196.88,United Kingdom,1,2,2,1,221,Lost / Low-Value
15747,2011-11-27 12:26:00,3,946.64,466,52,13,0.0,946.64,315.5466666666667,United Kingdom,1,5,3,4,534,Loyal Customers
15748,2011-10-30 12:51:00,1,144.36,50,19,40,0.0,144.36,144.36,United Kingdom,1,3,2,1,321,Needs Attention
15749,2011-04-18 13:20:00,3,44534.3,18028,5,235,-22998.4,21535.9,14844.766666666668,United Kingdom,1,1,3,5,135,At-Risk High-Value
15750,2011-12-07 12:34:00,8,2463.05,1783,214,3,-14.25,2448.8,307.88125,United Kingdom,1,5,5,5,555,Champions
15752,2011-10-31 11:37:00,7,2626.6,1960,236,40,-8.45,2618.15,375.2285714285714,United Kingdom,1,3,5,5,355,Loyal Customers
15753,2011-02-08 12:41:00,1,79.2,144,1,305,0.0,79.2,79.2,United Kingdom,1,1,2,1,121,Lost / Low-Value
15754,2011-10-19 14:40:00,3,458.57,199,24,51,-2.9,455.67,152.85666666666665,United Kingdom,1,3,3,2,332,Loyal Customers
15755,2011-11-29 14:57:00,6,2364.25,1427,127,10,-45.37,2318.88,394.0416666666667,United Kingdom,1,5,5,5,555,Champions
15756,2011-10-09 13:30:00,4,528.01,241,160,61,0.0,528.01,132.0025,United Kingdom,1,3,4,3,343,Loyal Customers
15757,2011-10-05 12:14:00,2,714.42,491,43,66,0.0,714.42,357.21,United Kingdom,1,3,3,3,333,Loyal Customers
15758,2011-11-15 10:48:00,1,205.25,47,9,25,0.0,205.25,205.25,United Kingdom,1,4,2,1,421,New Inflow
15759,2011-05-05 15:13:00,3,253.04000000000002,60,5,218,0.0,253.04000000000002,84.34666666666668,United Kingdom,1,1,4,2,142,Needs Attention
15762,2011-10-05 16:15:00,2,583.75,251,37,65,0.0,583.75,291.875,United Kingdom,1,3,3,3,333,Loyal Customers
15763,2011-11-08 09:44:00,2,1086.92,271,58,32,-38.25,1048.67,543.46,United Kingdom,1,4,3,4,434,Loyal Customers
15764,2011-09-12 17:58:00,6,3279.9700000000003,2050,150,88,-34.5,3245.4700000000003,546.6616666666667,United Kingdom,1,2,5,5,255,At-Risk High-Value
15766,2011-10-06 17:03:00,1,315.06,170,11,64,0.0,315.06,315.06,United Kingdom,1,3,2,2,322,Needs Attention
15768,2011-08-16 10:48:00,3,621.83,244,23,116,0.0,621.83,207.27666666666667,United Kingdom,1,2,4,3,243,At-Risk High-Value
15769,2011-12-02 13:52:00,26,56252.72,29672,26,7,-4429.0,51823.72,2163.566153846154,United Kingdom,1,5,5,5,555,Champions
15773,2011-12-04 12:48:00,1,635.6800000000001,311,10,6,0.0,635.6800000000001,635.6800000000001,United Kingdom,1,5,2,3,523,New Inflow
15774,2011-10-02 12:04:00,1,270.8,87,25,69,0.0,270.8,270.8,United Kingdom,1,3,2,2,322,Needs Attention
15775,2011-04-08 12:56:00,1,104.9,68,7,245,0.0,104.9,104.9,United Kingdom,1,1,2,1,121,Lost / Low-Value
15776,2011-07-29 13:46:00,1,241.62,138,18,133,0.0,241.62,241.62,United Kingdom,1,2,2,1,221,Lost / Low-Value
15777,2011-04-12 16:43:00,4,1047.1100000000001,378,18,241,-25.5,1021.6100000000001,261.77750000000003,United Kingdom,1,1,4,4,144,At-Risk High-Value
15780,2011-06-09 12:01:00,3,475.28000000000003,220,26,184,0.0,475.28000000000003,158.42666666666668,United Kingdom,1,1,4,3,143,At-Risk High-Value
15781,2011-11-14 14:57:00,3,345.46000000000004,180,20,25,-11.9,333.56000000000006,115.15333333333335,United Kingdom,1,4,4,2,442,Loyal Customers
15782,2011-11-30 10:49:00,3,2614.74,864,34,10,-20.8,2593.9399999999996,871.5799999999999,United Kingdom,1,5,4,5,545,Champions
15783,2011-11-29 09:50:00,1,246.3,212,14,11,0.0,246.3,246.3,United Kingdom,1,5,2,2,522,New Inflow
15785,2011-11-07 11:33:00,5,2328.9700000000003,1612,58,33,-25.22,2303.7500000000005,465.79400000000004,United Kingdom,1,3,4,5,345,Loyal Customers
15786,2011-10-24 14:13:00,3,4919.0,3340,257,46,-98.0,4821.0,1639.6666666666667,United Kingdom,1,3,4,5,345,Loyal Customers
15787,2011-11-13 14:55:00,3,933.26,534,156,26,0.0,933.26,311.08666666666664,United Kingdom,1,4,4,4,444,Champions
15789,2010-12-16 14:35:00,1,351.3,438,25,358,0.0,351.3,351.3,United Kingdom,1,1,2,2,122,Lost / Low-Value
15790,2011-11-29 14:53:00,1,218.75,113,34,10,0.0,218.75,218.75,United Kingdom,1,5,2,1,521,New Inflow
15791,2011-10-27 10:14:00,2,1612.69,731,66,44,-8.25,1604.44,806.345,United Kingdom,1,3,3,4,334,Loyal Customers
15793,2011-11-25 09:31:00,3,965.61,553,6,15,-16.65,948.96,321.87,United Kingdom,1,4,4,4,444,Champions
15795,2011-07-13 10:43:00,1,610.01,581,42,150,0.0,610.01,610.01,United Kingdom,1,2,2,3,223,Lost / Low-Value
15796,2011-12-08 19:55:00,8,2707.61,859,69,1,-2.95,2704.6600000000003,338.45125,United Kingdom,1,5,5,5,555,Champions
15797,2011-08-18 17:04:00,3,2192.4,872,7,113,0.0,2192.4,730.8000000000001,United Kingdom,1,2,4,5,245,At-Risk High-Value
15799,2011-09-25 12:46:00,3,884.14,955,94,76,0.0,884.14,294.7133333333333,United Kingdom,1,2,4,3,243,At-Risk High-Value
15800,2011-08-24 14:23:00,2,696.89,332,116,107,0.0,696.89,348.445,United Kingdom,1,2,3,3,233,At-Risk High-Value
15801,2011-10-24 13:52:00,3,1063.95,570,61,46,-21.759999999999998,1042.19,354.65000000000003,United Kingdom,1,3,4,4,344,Loyal Customers
15803,2011-10-19 14:56:00,1,415.82000000000005,290,8,51,0.0,415.82000000000005,415.82000000000005,United Kingdom,1,3,2,2,322,Needs Attention
15804,2011-12-09 12:31:00,13,4206.39,2565,170,1,-357.84000000000003,3848.55,323.5684615384616,United Kingdom,1,5,5,5,555,Champions
15805,2011-11-16 16:32:00,17,5488.18,3367,220,23,-76.31,5411.87,322.83411764705886,United Kingdom,1,4,5,5,455,Champions
15806,2011-10-24 14:35:00,3,784.58,602,24,46,0.0,784.58,261.5266666666667,United Kingdom,1,3,4,3,343,Loyal Customers
15807,2011-10-20 14:10:00,3,903.9,430,48,50,0.0,903.9,301.3,United Kingdom,1,3,4,3,343,Loyal Customers
15808,2011-02-06 14:33:00,4,3651.27,1305,142,306,-10.2,3641.07,912.8175,United Kingdom,1,1,4,5,145,At-Risk High-Value
15809,2011-11-03 16:40:00,5,515.77,301,31,36,-116.56,399.21,103.154,United Kingdom,1,3,4,2,342,Loyal Customers
15810,2011-09-22 09:38:00,4,1391.98,861,66,79,-246.55,1145.43,347.995,United Kingdom,1,2,4,4,244,At-Risk High-Value
15811,2011-11-17 15:31:00,6,2218.62,1071,117,22,-47.3,2171.3199999999997,369.77,United Kingdom,1,4,5,5,455,Champions
15812,2011-08-24 14:19:00,5,1801.14,922,36,107,0.0,1801.14,360.228,United Kingdom,1,2,4,4,244,At-Risk High-Value
15813,2011-05-16 08:13:00,2,1303.9099999999999,603,40,208,0.0,1303.9099999999999,651.9549999999999,United Kingdom,1,1,3,4,134,At-Risk High-Value
15814,2011-11-23 08:17:00,4,1945.3300000000002,1271,63,17,-102.6,1842.7300000000002,486.33250000000004,United Kingdom,1,4,4,4,444,Champions
15815,2011-10-07 12:42:00,5,2100.6,1856,33,64,0.0,2100.6,420.12,United Kingdom,1,3,4,5,345,Loyal Customers
15819,2011-10-21 14:50:00,4,1905.45,1357,96,49,0.0,1905.45,476.3625,United Kingdom,1,3,4,4,344,Loyal Customers
15820,2011-01-24 12:00:00,1,206.98,128,17,320,0.0,206.98,206.98,United Kingdom,1,1,2,1,121,Lost / Low-Value
15821,2011-10-26 15:48:00,2,570.96,202,57,44,0.0,570.96,285.48,United Kingdom,1,3,3,3,333,Loyal Customers
15822,2011-12-06 14:50:00,2,885.47,375,28,3,0.0,885.47,442.735,United Kingdom,1,5,3,3,533,Loyal Customers
15825,2011-06-20 13:27:00,1,532.94,220,20,172,0.0,532.94,532.94,United Kingdom,1,2,2,3,223,Lost / Low-Value
15826,2011-10-14 16:05:00,3,1654.31,963,64,56,-4.95,1649.36,551.4366666666666,United Kingdom,1,3,4,4,344,Loyal Customers
15827,2011-09-27 15:35:00,14,1836.09,882,72,73,-187.55,1648.54,131.1492857142857,United Kingdom,1,2,5,4,254,At-Risk High-Value
15829,2011-09-01 16:45:00,2,636.14,996,44,99,0.0,636.14,318.07,United Kingdom,1,2,3,3,233,At-Risk High-Value
15830,2011-11-02 10:40:00,1,576.0,415,39,38,-28.3,547.7,576.0,United Kingdom,1,3,2,3,323,Needs Attention
15831,2011-10-12 13:14:00,3,794.64,1092,63,58,-54.0,740.64,264.88,United Kingdom,1,3,4,3,343,Loyal Customers
15832,2011-03-30 15:29:00,1,836.79,465,54,254,0.0,836.79,836.79,United Kingdom,1,1,2,3,123,Lost / Low-Value
15834,2011-09-30 14:41:00,4,2222.65,959,241,70,-148.85,2073.8,555.6625,United Kingdom,1,3,4,5,345,Loyal Customers
15835,2011-10-26 15:47:00,4,954.09,439,47,44,0.0,954.09,238.5225,United Kingdom,1,3,4,4,344,Loyal Customers
15836,2011-10-20 17:13:00,1,137.37,26,10,50,-19.9,117.47,137.37,United Kingdom,1,3,2,1,321,Needs Attention
15837,2011-10-06 09:01:00,1,391.98,189,24,65,0.0,391.98,391.98,United Kingdom,1,3,2,2,322,Needs Attention
15838,2011-11-28 14:00:00,19,33643.08,18368,54,11,-280.8,33362.28,1770.6884210526316,United Kingdom,1,5,5,5,555,Champions
15839,2011-11-06 13:54:00,3,1048.49,675,56,33,-27.75,1020.74,349.49666666666667,United Kingdom,1,3,4,4,344,Loyal Customers
15840,2011-10-12 09:08:00,2,355.56,396,26,59,-9.9,345.66,177.78,United Kingdom,1,3,3,2,332,Loyal Customers
15841,2011-09-28 12:15:00,4,1224.06,942,36,73,-14.96,1209.1,306.015,United Kingdom,1,2,4,4,244,At-Risk High-Value
15843,2011-02-09 10:19:00,1,118.95,27,8,304,0.0,118.95,118.95,United Kingdom,1,1,2,1,121,Lost / Low-Value
15844,2011-10-24 15:19:00,1,130.73999999999998,134,11,46,0.0,130.73999999999998,130.73999999999998,United Kingdom,1,3,2,1,321,Needs Attention
15845,2011-11-22 09:42:00,8,3711.77,1926,97,18,-60.9,3650.87,463.97125,United Kingdom,1,4,5,5,455,Champions
15847,2011-11-01 14:41:00,2,389.27,449,22,38,0.0,389.27,194.635,United Kingdom,1,3,3,2,332,Loyal Customers
15850,2011-11-20 14:14:00,2,234.88,298,87,19,0.0,234.88,117.44,United Kingdom,1,4,3,1,431,Loyal Customers
15852,2011-06-06 11:22:00,2,160.71,48,22,187,0.0,160.71,80.355,United Kingdom,1,1,3,1,131,Needs Attention
15853,2011-10-19 10:38:00,1,110.8,135,29,52,0.0,110.8,110.8,United Kingdom,1,3,2,1,321,Needs Attention
15854,2011-12-05 13:39:00,12,2969.12,926,105,4,0.0,2969.12,247.42666666666665,United Kingdom,1,5,5,5,555,Champions
15855,2011-07-26 10:20:00,5,712.24,470,59,137,0.0,712.24,142.448,United Kingdom,1,2,4,3,243,At-Risk High-Value
15856,2011-12-05 17:09:00,27,16142.380000000001,10863,294,4,-213.9,15928.480000000001,597.8659259259259,United Kingdom,1,5,5,5,555,Champions
15857,2011-11-21 12:18:00,1,297.0,308,14,19,0.0,297.0,297.0,United Kingdom,1,4,2,2,422,New Inflow
15858,2011-11-24 12:48:00,5,1427.57,1163,145,16,0.0,1427.57,285.514,United Kingdom,1,4,4,4,444,Champions
15860,2011-10-30 11:25:00,8,965.16,437,105,41,0.0,965.16,120.645,United Kingdom,1,3,5,4,354,Loyal Customers
15861,2011-11-27 15:59:00,8,3146.92,2528,339,12,-165.0,2981.92,393.365,United Kingdom,1,5,5,5,555,Champions
15862,2011-12-01 13:28:00,4,832.88,585,142,8,0.0,832.88,208.22,United Kingdom,1,5,4,3,543,Loyal Customers
15863,2011-11-14 12:49:00,2,68.84,19,18,26,0.0,68.84,34.42,United Kingdom,1,4,3,1,431,Loyal Customers
15864,2011-11-17 13:32:00,6,1936.32,1192,16,22,-166.54,1769.78,322.71999999999997,United Kingdom,1,4,5,4,454,Champions
15865,2011-10-30 12:43:00,3,895.13,368,37,41,0.0,895.13,298.37666666666667,United Kingdom,1,3,4,3,343,Loyal Customers
15866,2011-08-30 14:09:00,1,211.89,124,43,101,0.0,211.89,211.89,United Kingdom,1,2,2,1,221,Lost / Low-Value
15867,2011-12-04 13:32:00,15,3803.6,2039,301,5,-14.85,3788.75,253.57333333333332,United Kingdom,1,5,5,5,555,Champions
15869,2011-03-07 17:23:00,2,149.64,175,13,277,0.0,149.64,74.82,United Kingdom,1,1,3,1,131,Needs Attention
15870,2011-11-07 10:58:00,1,351.44,333,68,33,0.0,351.44,351.44,United Kingdom,1,3,2,2,322,Needs Attention
15872,2011-11-25 11:55:00,2,316.25,187,101,15,0.0,316.25,158.125,United Kingdom,1,4,3,2,432,Loyal Customers
15874,2011-10-07 12:31:00,7,4405.88,2534,110,64,-75.21,4330.67,629.4114285714286,United Kingdom,1,3,5,5,355,Loyal Customers
15877,2011-12-08 11:53:00,2,490.33,368,122,2,-52.5,437.83,245.165,United Kingdom,1,5,3,2,532,Loyal Customers
15880,2010-12-05 13:00:00,1,329.03,202,95,369,-30.0,299.03,329.03,United Kingdom,1,1,2,2,122,Lost / Low-Value
15881,2011-01-31 16:59:00,5,501.39,260,26,312,-63.15,438.24,100.27799999999999,United Kingdom,1,1,4,2,142,Needs Attention
15882,2011-05-25 11:35:00,4,514.08,264,22,199,-21.0,493.08000000000004,128.52,United Kingdom,1,1,4,3,143,At-Risk High-Value
15883,2011-12-07 17:05:00,2,396.48,223,42,2,0.0,396.48,198.24,United Kingdom,1,5,3,2,532,Loyal Customers
15885,2011-09-07 14:56:00,1,349.35,109,16,93,0.0,349.35,349.35,United Kingdom,1,2,2,2,222,Lost / Low-Value
15886,2011-10-10 14:25:00,1,181.09,147,12,60,0.0,181.09,181.09,United Kingdom,1,3,2,1,321,Needs Attention
15888,2011-09-20 12:30:00,1,162.64,67,10,81,-27.04,135.6,162.64,United Kingdom,1,2,2,1,221,Lost / Low-Value
15889,2011-07-06 11:10:00,2,400.77,200,78,157,0.0,400.77,200.385,United Kingdom,1,2,3,2,232,Needs Attention
15891,2011-04-27 12:35:00,1,509.13,417,59,227,0.0,509.13,509.13,United Kingdom,1,1,2,3,123,Lost / Low-Value
15894,2011-03-31 13:50:00,2,257.6,163,34,253,0.0,257.6,128.8,United Kingdom,1,1,3,2,132,Needs Attention
15895,2011-07-13 10:27:00,1,179.17,94,11,150,0.0,179.17,179.17,United Kingdom,1,2,2,1,221,Lost / Low-Value
15897,2011-05-29 13:50:00,2,208.59,223,17,194,0.0,208.59,104.295,United Kingdom,1,1,3,1,131,Needs Attention
15898,2011-12-08 15:23:00,5,1383.83,567,70,1,-4.2,1379.6299999999999,276.76599999999996,United Kingdom,1,5,4,4,544,Champions
15899,2010-12-06 10:36:00,1,56.25,39,4,369,0.0,56.25,56.25,United Kingdom,1,1,2,1,121,Lost / Low-Value
15900,2011-11-16 12:19:00,1,337.28000000000003,216,44,24,0.0,337.28000000000003,337.28000000000003,United Kingdom,1,4,2,2,422,New Inflow
15901,2011-11-23 12:43:00,3,349.75,372,101,17,0.0,349.75,116.58333333333333,United Kingdom,1,4,4,2,442,Loyal Customers
15903,2011-11-30 08:08:00,7,5126.76,2410,46,10,-0.42,5126.34,732.3942857142857,United Kingdom,1,5,5,5,555,Champions
15904,2011-12-01 14:50:00,1,164.68,84,30,8,0.0,164.68,164.68,United Kingdom,1,5,2,1,521,New Inflow
15906,2011-11-20 12:24:00,7,1567.69,544,113,20,-45.900000000000006,1521.79,223.9557142857143,United Kingdom,1,4,5,4,454,Champions
15907,2011-12-06 12:21:00,3,881.87,477,174,4,0.0,881.87,293.95666666666665,United Kingdom,1,5,4,3,543,Loyal Customers
15909,2011-06-19 10:38:00,1,191.94,98,7,174,0.0,191.94,191.94,United Kingdom,1,2,2,1,221,Lost / Low-Value
15910,2011-12-09 10:51:00,8,1228.88,1013,215,1,0.0,1228.88,153.61,United Kingdom,1,5,5,4,554,Champions
15912,2011-06-14 14:29:00,2,264.62,185,19,178,0.0,264.62,132.31,United Kingdom,1,2,3,2,232,Needs Attention
15916,2011-11-23 13:46:00,8,1502.8600000000001,752,124,16,-36.85,1466.0100000000002,187.85750000000002,United Kingdom,1,4,5,4,454,Champions
15917,2011-04-06 10:40:00,1,123.1,42,12,248,0.0,123.1,123.1,United Kingdom,1,1,2,1,121,Lost / Low-Value
15918,2011-06-02 11:42:00,2,334.23,153,33,191,0.0,334.23,167.115,United Kingdom,1,1,3,2,132,Needs Attention
15919,2011-11-20 11:28:00,2,525.69,385,103,20,0.0,525.69,262.845,United Kingdom,1,4,3,3,433,Loyal Customers
15920,2011-07-08 15:25:00,3,163.55,94,52,154,0.0,163.55,54.51666666666667,United Kingdom,1,2,4,1,241,Needs Attention
15921,2011-06-20 11:03:00,1,323.03000000000003,162,24,173,0.0,323.03000000000003,323.03000000000003,United Kingdom,1,2,2,2,222,Lost / Low-Value
15922,2010-12-01 13:51:00,1,369.5,138,11,373,-5.9,363.6,369.5,United Kingdom,1,1,2,2,122,Lost / Low-Value
15923,2010-12-02 12:16:00,1,127.08,122,21,373,0.0,127.08,127.08,United Kingdom,1,1,2,1,121,Lost / Low-Value
15925,2011-05-29 15:35:00,1,207.15,93,12,194,0.0,207.15,207.15,United Kingdom,1,1,2,1,121,Lost / Low-Value
15930,2011-10-03 14:52:00,1,426.63,139,21,67,0.0,426.63,426.63,United Kingdom,1,3,2,2,322,Needs Attention
15932,2011-12-05 17:13:00,8,2495.87,2325,93,4,-34.019999999999996,2461.85,311.98375,United Kingdom,1,5,5,5,555,Champions
15933,2011-11-18 13:14:00,3,1107.46,885,63,21,0.0,1107.46,369.15333333333336,United Kingdom,1,4,4,4,444,Champions
15935,2011-04-14 13:27:00,1,108.03999999999999,114,11,239,0.0,108.03999999999999,108.03999999999999,United Kingdom,1,1,2,1,121,Lost / Low-Value
15937,2011-10-06 15:48:00,1,145.35000000000002,73,7,64,0.0,145.35000000000002,145.35000000000002,United Kingdom,1,3,2,1,321,Needs Attention
15938,2011-08-19 12:56:00,5,404.58000000000004,240,13,112,0.0,404.58000000000004,80.91600000000001,United Kingdom,1,2,4,2,242,Needs Attention
15939,2011-09-11 11:30:00,14,6100.01,4727,27,90,-12.75,6087.26,435.71500000000003,United Kingdom,1,2,5,5,255,At-Risk High-Value
15940,2011-02-01 16:18:00,1,35.8,4,1,311,0.0,35.8,35.8,United Kingdom,1,1,2,1,121,Lost / Low-Value
15942,2011-07-29 09:01:00,1,337.44,232,14,134,0.0,337.44,337.44,United Kingdom,1,2,2,2,222,Lost / Low-Value
15944,2011-03-08 10:33:00,1,325.1,50,6,277,0.0,325.1,325.1,United Kingdom,1,1,2,2,122,Lost / Low-Value
15945,2010-12-09 13:14:00,1,181.0,52,2,365,0.0,181.0,181.0,United Kingdom,1,1,2,1,121,Lost / Low-Value
15947,2011-09-18 10:46:00,1,1708.24,898,29,83,0.0,1708.24,1708.24,United Kingdom,1,2,2,4,224,Lost / Low-Value
15948,2011-12-01 15:32:00,2,955.24,567,51,8,0.0,955.24,477.62,United Kingdom,1,5,3,4,534,Loyal Customers
15949,2011-11-23 09:09:00,2,364.72,284,12,17,0.0,364.72,182.36,United Kingdom,1,4,3,2,432,Loyal Customers
15950,2011-11-08 11:09:00,4,1744.71,719,86,32,-60.25,1684.46,436.1775,United Kingdom,1,4,4,4,444,Champions
15951,2011-12-01 08:34:00,2,708.22,313,36,9,-38.650000000000006,669.57,354.11,United Kingdom,1,5,3,3,533,Loyal Customers
15952,2011-11-06 11:18:00,4,781.91,391,65,34,0.0,781.91,195.4775,United Kingdom,1,3,4,3,343,Loyal Customers
15953,2011-11-24 15:32:00,8,1657.28,891,63,15,-24.849999999999998,1632.43,207.16,United Kingdom,1,4,5,4,454,Champions
15955,2011-11-15 14:15:00,14,4416.26,2135,137,24,-26.45,4389.81,315.44714285714286,United Kingdom,1,4,5,5,455,Champions
15957,2011-11-08 12:14:00,1,428.89,211,40,32,0.0,428.89,428.89,United Kingdom,1,4,2,2,422,New Inflow
15958,2011-09-26 13:41:00,1,104.35,33,7,74,0.0,104.35,104.35,United Kingdom,1,2,2,1,221,Lost / Low-Value
15963,2011-11-20 11:33:00,2,470.76,298,26,20,0.0,470.76,235.38,United Kingdom,1,4,3,2,432,Loyal Customers
15965,2011-11-22 16:44:00,4,808.87,434,88,17,0.0,808.87,202.2175,United Kingdom,1,4,4,3,443,Loyal Customers
15967,2011-11-16 15:41:00,2,397.68,205,73,23,0.0,397.68,198.84,United Kingdom,1,4,3,2,432,Loyal Customers
15969,2011-12-07 11:06:00,3,666.1,124,20,3,-83.2,582.9,222.03333333333333,United Kingdom,1,5,4,3,543,Loyal Customers
15970,2011-02-09 12:08:00,1,314.09999999999997,116,11,304,0.0,314.09999999999997,314.09999999999997,United Kingdom,1,1,2,2,122,Lost / Low-Value
15971,2011-11-22 12:50:00,12,4194.9,1716,9,18,0.0,4194.9,349.575,United Kingdom,1,4,5,5,455,Champions
15973,2010-12-08 11:42:00,1,307.82000000000005,106,4,367,-208.04999999999998,99.77000000000007,307.82000000000005,United Kingdom,1,1,2,1,121,Lost / Low-Value
15974,2011-10-31 13:13:00,7,3442.15,2262,141,39,-12.6,3429.55,491.7357142857143,United Kingdom,1,3,5,5,355,Loyal Customers
15975,2011-09-16 13:33:00,1,371.01,243,24,84,0.0,371.01,371.01,United Kingdom,1,2,2,2,222,Lost / Low-Value
15976,2011-06-27 13:00:00,2,427.64,275,83,165,0.0,427.64,213.82,United Kingdom,1,2,3,2,232,Needs Attention
15977,2011-11-22 13:29:00,2,1054.73,1016,48,17,0.0,1054.73,527.365,United Kingdom,1,4,3,4,434,Loyal Customers
15978,2011-09-23 15:21:00,1,1098.78,888,49,77,0.0,1098.78,1098.78,United Kingdom,1,2,2,4,224,Lost / Low-Value
15980,2011-09-12 09:41:00,3,2398.86,1560,40,89,0.0,2398.86,799.62,United Kingdom,1,2,4,5,245,At-Risk High-Value
15981,2011-11-15 08:00:00,8,3408.48,1866,53,25,0.0,3408.48,426.06,United Kingdom,1,4,5,5,455,Champions
15983,2011-11-17 17:34:00,4,1465.12,886,82,22,0.0,1465.12,366.28,United Kingdom,1,4,4,4,444,Champions
15984,2011-12-07 12:16:00,10,2780.63,1815,217,3,-20.7,2759.9300000000003,278.063,United Kingdom,1,5,5,5,555,Champions
15985,2011-08-08 16:31:00,2,1142.42,1086,29,123,-105.0,1037.42,571.21,United Kingdom,1,2,3,4,234,At-Risk High-Value
15986,2011-11-09 15:17:00,1,168.12,268,14,30,0.0,168.12,168.12,United Kingdom,1,4,2,1,421,New Inflow
15987,2011-11-27 15:38:00,7,1432.77,1533,110,12,0.0,1432.77,204.68142857142857,United Kingdom,1,5,5,4,554,Champions
15988,2011-11-20 13:23:00,1,156.78,180,26,19,0.0,156.78,156.78,United Kingdom,1,4,2,1,421,New Inflow
15990,2011-10-26 15:58:00,2,792.11,443,52,44,0.0,792.11,396.055,United Kingdom,1,3,3,3,333,Loyal Customers
15992,2011-12-06 11:00:00,1,41.989999999999995,17,3,4,0.0,41.989999999999995,41.989999999999995,United Kingdom,1,5,2,1,521,New Inflow
15993,2011-12-01 10:45:00,7,2768.97,2031,334,9,-40.75,2728.22,395.5671428571428,United Kingdom,1,5,5,5,555,Champions
15994,2011-10-16 12:28:00,1,414.27,173,31,55,0.0,414.27,414.27,United Kingdom,1,3,2,2,322,Needs Attention
15996,2011-09-12 15:14:00,6,1032.58,380,103,88,-15.9,1016.68,172.09666666666666,United Kingdom,1,2,5,4,254,At-Risk High-Value
15998,2011-11-03 12:45:00,5,3080.22,2032,370,37,-5.8,3074.4199999999996,616.044,United Kingdom,1,3,4,5,345,Loyal Customers
16000,2011-12-07 12:17:00,3,12393.7,5110,9,3,0.0,12393.7,4131.233333333334,United Kingdom,1,5,4,5,545,Champions
16003,2011-11-10 09:57:00,5,2735.37,1185,82,30,0.0,2735.37,547.074,United Kingdom,1,4,4,5,445,Champions
16005,2011-11-27 13:47:00,4,578.71,280,173,12,0.0,578.71,144.6775,United Kingdom,1,5,4,3,543,Loyal Customers
16006,2011-05-12 13:12:00,1,101.4,84,8,211,0.0,101.4,101.4,United Kingdom,1,1,2,1,121,Lost / Low-Value
16007,2011-10-23 11:05:00,4,1693.81,1388,221,48,0.0,1693.81,423.4525,United Kingdom,1,3,4,4,344,Loyal Customers
16008,2011-11-16 10:32:00,3,478.78,323,29,24,0.0,478.78,159.59333333333333,United Kingdom,1,4,4,3,443,Loyal Customers
16009,2011-11-17 16:51:00,4,972.11,366,68,22,0.0,972.11,243.0275,United Kingdom,1,4,4,4,444,Champions
16010,2011-04-08 10:14:00,3,392.4,202,62,246,0.0,392.4,130.79999999999998,United Kingdom,1,1,4,2,142,Needs Attention
16011,2011-12-01 16:31:00,16,3352.96,2035,99,8,0.0,3352.96,209.56,United Kingdom,1,5,5,5,555,Champions
16012,2011-11-04 13:25:00,3,1415.29,799,87,35,0.0,1415.29,471.7633333333333,United Kingdom,1,3,4,4,344,Loyal Customers
16013,2011-12-06 10:36:00,47,37130.6,15536,30,4,-3677.15,33453.45,790.0127659574467,United Kingdom,1,5,5,5,555,Champions
16014,2011-11-02 12:04:00,3,646.83,258,123,38,-9.25,637.58,215.61,United Kingdom,1,3,4,3,343,Loyal Customers
16015,2011-12-06 10:58:00,3,704.26,906,145,4,-14.850000000000001,689.41,234.75333333333333,United Kingdom,1,5,4,3,543,Loyal Customers
16016,2011-12-06 14:35:00,8,1465.51,602,156,3,-25.45,1440.06,183.18875,United Kingdom,1,5,5,4,554,Champions
16017,2011-10-23 12:56:00,1,211.88,102,26,47,0.0,211.88,211.88,United Kingdom,1,3,2,1,321,Needs Attention
16018,2011-10-31 14:13:00,2,408.9,190,26,39,0.0,408.9,204.45,United Kingdom,1,3,3,2,332,Loyal Customers
16019,2011-10-24 11:51:00,9,3786.24,1733,133,47,-336.0,3450.24,420.6933333333333,United Kingdom,1,3,5,5,355,Loyal Customers
16020,2011-11-23 11:18:00,3,851.01,487,42,17,0.0,851.01,283.67,United Kingdom,1,4,4,3,443,Loyal Customers
16022,2011-03-24 13:16:00,1,602.63,255,68,260,0.0,602.63,602.63,United Kingdom,1,1,2,3,123,Lost / Low-Value
16023,2011-10-24 16:34:00,3,719.81,358,90,46,0.0,719.81,239.93666666666664,United Kingdom,1,3,4,3,343,Loyal Customers
16024,2011-11-27 13:26:00,1,245.75,377,60,12,0.0,245.75,245.75,United Kingdom,1,5,2,2,522,New Inflow
16025,2011-11-10 11:45:00,1,439.65999999999997,338,28,30,0.0,439.65999999999997,439.65999999999997,United Kingdom,1,4,2,2,422,New Inflow
16026,2011-10-27 13:53:00,1,236.09,243,30,43,0.0,236.09,236.09,United Kingdom,1,3,2,1,321,Needs Attention
16027,2011-09-09 10:47:00,6,934.62,1147,11,92,0.0,934.62,155.77,United Kingdom,1,2,5,4,254,At-Risk High-Value
16029,2011-11-01 10:27:00,62,72708.09,40107,43,39,-12338.16,60369.92999999999,1172.711129032258,United Kingdom,1,3,5,5,355,Loyal Customers
16030,2011-02-03 11:28:00,1,331.24,283,28,310,0.0,331.24,331.24,United Kingdom,1,1,2,2,122,Lost / Low-Value
16031,2011-09-08 13:07:00,2,547.9,421,91,92,0.0,547.9,273.95,United Kingdom,1,2,3,3,233,At-Risk High-Value
16033,2011-12-04 12:44:00,20,8778.82,3529,538,6,-88.79,8690.029999999999,438.941,United Kingdom,1,5,5,5,555,Champions
16034,2011-05-27 16:17:00,3,437.70000000000005,242,18,196,0.0,437.70000000000005,145.9,United Kingdom,1,1,4,2,142,Needs Attention
16036,2011-09-13 14:53:00,2,758.9200000000001,716,55,87,0.0,758.9200000000001,379.46000000000004,United Kingdom,1,2,3,3,233,At-Risk High-Value
16037,2011-03-15 09:13:00,3,855.02,428,37,270,0.0,855.02,285.00666666666666,United Kingdom,1,1,4,3,143,At-Risk High-Value
16038,2011-12-02 12:40:00,3,471.78,244,24,8,-17.45,454.33,157.26,United Kingdom,1,5,4,2,542,Loyal Customers
16040,2011-10-05 13:47:00,3,1313.55,684,57,65,0.0,1313.55,437.84999999999997,United Kingdom,1,3,4,4,344,Loyal Customers
16041,2011-11-09 12:25:00,3,3166.4,1584,6,31,0.0,3166.4,1055.4666666666667,United Kingdom,1,4,4,5,445,Champions
16042,2011-11-17 17:50:00,5,1177.47,743,68,22,-49.9,1127.57,235.494,United Kingdom,1,4,4,4,444,Champions
16043,2011-11-02 12:50:00,4,773.99,503,30,38,0.0,773.99,193.4975,United Kingdom,1,3,4,3,343,Loyal Customers
16045,2011-08-12 12:41:00,4,1340.7,897,71,120,0.0,1340.7,335.175,United Kingdom,1,2,4,4,244,At-Risk High-Value
16048,2010-12-01 15:28:00,2,256.44,144,8,373,-12.75,243.69,128.22,United Kingdom,1,1,3,2,132,Needs Attention
16049,2011-10-30 13:19:00,3,1074.81,763,248,40,0.0,1074.81,358.27,United Kingdom,1,3,4,4,344,Loyal Customers
16050,2011-06-19 11:44:00,1,137.9,278,10,174,0.0,137.9,137.9,United Kingdom,1,2,2,1,221,Lost / Low-Value
16052,2011-10-16 15:13:00,1,362.06,282,34,54,0.0,362.06,362.06,United Kingdom,1,3,2,2,322,Needs Attention
16053,2011-11-07 11:21:00,2,1511.95,1793,81,33,0.0,1511.95,755.975,United Kingdom,1,3,3,4,334,Loyal Customers
16054,2011-07-17 13:08:00,1,783.9,380,70,145,0.0,783.9,783.9,United Kingdom,1,2,2,3,223,Lost / Low-Value
16055,2011-05-03 09:26:00,1,134.8,22,8,221,0.0,134.8,134.8,United Kingdom,1,1,2,1,121,Lost / Low-Value
16056,2011-10-25 15:19:00,1,650.75,345,66,45,0.0,650.75,650.75,United Kingdom,1,3,2,3,323,Needs Attention
16057,2011-11-23 15:23:00,7,2263.12,863,109,16,-122.89999999999999,2140.22,323.30285714285714,United Kingdom,1,4,5,5,455,Champions
16059,2011-10-05 09:56:00,6,1453.16,641,126,66,0.0,1453.16,242.19333333333336,United Kingdom,1,3,5,4,354,Loyal Customers
16062,2011-11-30 12:15:00,4,1153.62,800,50,10,0.0,1153.62,288.405,United Kingdom,1,5,4,4,544,Champions
16063,2011-03-24 14:56:00,1,335.32,262,23,260,0.0,335.32,335.32,United Kingdom,1,1,2,2,122,Lost / Low-Value
16065,2010-12-09 13:03:00,1,367.14,228,71,365,0.0,367.14,367.14,United Kingdom,1,1,2,2,122,Lost / Low-Value
16066,2011-11-23 11:54:00,5,1521.04,935,77,17,0.0,1521.04,304.20799999999997,United Kingdom,1,4,4,4,444,Champions
16070,2011-11-17 15:50:00,2,852.15,457,32,22,0.0,852.15,426.075,United Kingdom,1,4,3,3,433,Loyal Customers
16071,2011-10-26 11:14:00,1,326.24,180,21,45,0.0,326.24,326.24,United Kingdom,1,3,2,2,322,Needs Attention
16072,2011-02-24 14:32:00,1,584.3199999999999,140,23,288,0.0,584.3199999999999,584.3199999999999,United Kingdom,1,1,2,3,123,Lost / Low-Value
16073,2011-02-15 15:41:00,1,122.4,48,1,297,-28.05,94.35000000000001,122.4,United Kingdom,1,1,2,1,121,Lost / Low-Value
16076,2011-12-06 14:59:00,10,2234.73,1435,71,3,-61.199999999999996,2173.53,223.473,United Kingdom,1,5,5,5,555,Champions
16078,2011-03-01 09:47:00,1,79.2,16,1,284,0.0,79.2,79.2,United Kingdom,1,1,2,1,121,Lost / Low-Value
16079,2011-11-23 12:48:00,3,1352.0,864,18,17,0.0,1352.0,450.6666666666667,United Kingdom,1,4,4,4,444,Champions
16080,2011-09-19 10:42:00,2,217.16,128,10,82,-40.56,176.6,108.58,United Kingdom,1,2,3,1,231,Needs Attention
16081,2011-10-14 13:06:00,5,2799.42,1473,175,56,0.0,2799.42,559.884,United Kingdom,1,3,4,5,345,Loyal Customers
16083,2011-08-31 10:47:00,2,1317.62,908,31,101,0.0,1317.62,658.81,United Kingdom,1,2,3,4,234,At-Risk High-Value
16084,2011-02-13 16:05:00,1,436.18,216,38,299,0.0,436.18,436.18,United Kingdom,1,1,2,2,122,Lost / Low-Value
16085,2011-11-16 13:24:00,5,981.51,636,123,23,0.0,981.51,196.302,United Kingdom,1,4,4,4,444,Champions
16086,2011-10-11 13:09:00,5,1121.39,511,24,59,-2.08,1119.3100000000002,224.27800000000002,United Kingdom,1,3,4,4,344,Loyal Customers
16091,2011-07-08 08:45:00,2,315.06,154,16,155,0.0,315.06,157.53,United Kingdom,1,2,3,2,232,Needs Attention
16092,2011-08-17 10:46:00,3,817.86,628,37,115,-38.5,779.36,272.62,United Kingdom,1,2,4,3,243,At-Risk High-Value
16093,2011-08-25 11:09:00,1,17.0,20,1,107,0.0,17.0,17.0,United Kingdom,1,2,2,1,221,Lost / Low-Value
16094,2011-11-28 12:45:00,4,1078.23,647,48,12,-36.4,1041.83,269.5575,United Kingdom,1,5,4,4,544,Champions
16096,2011-03-20 13:38:00,1,320.62,155,12,264,0.0,320.62,320.62,United Kingdom,1,1,2,2,122,Lost / Low-Value
16097,2011-04-13 13:47:00,1,185.04999999999998,87,10,240,0.0,185.04999999999998,185.04999999999998,United Kingdom,1,1,2,1,121,Lost / Low-Value
16098,2011-09-13 09:59:00,7,2005.63,613,34,88,0.0,2005.63,286.5185714285714,United Kingdom,1,2,5,5,255,At-Risk High-Value
16099,2011-10-20 13:13:00,3,731.9,434,29,50,0.0,731.9,243.96666666666667,United Kingdom,1,3,4,3,343,Loyal Customers
16101,2011-09-30 10:18:00,1,1290.7,757,76,71,-44.74,1245.96,1290.7,United Kingdom,1,3,2,4,324,Needs Attention
16102,2011-10-28 13:19:00,3,1842.14,942,41,42,0.0,1842.14,614.0466666666667,United Kingdom,1,3,4,4,344,Loyal Customers
16103,2011-12-02 14:16:00,6,1429.64,558,30,7,0.0,1429.64,238.27333333333334,United Kingdom,1,5,5,4,554,Champions
16104,2011-10-09 10:23:00,1,298.21,122,28,62,0.0,298.21,298.21,United Kingdom,1,3,2,2,322,Needs Attention
16105,2011-04-05 10:13:00,1,336.96,330,13,249,0.0,336.96,336.96,United Kingdom,1,1,2,2,122,Lost / Low-Value
16106,2011-10-05 10:37:00,1,108.38,74,6,66,0.0,108.38,108.38,United Kingdom,1,3,2,1,321,Needs Attention
16107,2011-11-22 09:40:00,7,3204.1600000000003,1176,16,18,0.0,3204.1600000000003,457.7371428571429,United Kingdom,1,4,5,5,455,Champions
16108,2011-09-16 11:48:00,1,842.5,615,48,85,-26.4,816.1,842.5,United Kingdom,1,2,2,3,223,Lost / Low-Value
16109,2011-05-05 09:17:00,2,611.88,612,18,219,0.0,611.88,305.94,United Kingdom,1,1,3,3,133,At-Risk High-Value
16110,2011-10-25 14:35:00,3,1320.95,720,283,45,0.0,1320.95,440.31666666666666,United Kingdom,1,3,4,4,344,Loyal Customers
16112,2011-07-19 14:28:00,4,195.74,574,15,143,0.0,195.74,48.935,United Kingdom,1,2,4,1,241,Needs Attention
16113,2011-06-09 16:16:00,1,161.38,176,30,183,0.0,161.38,161.38,United Kingdom,1,1,2,1,121,Lost / Low-Value
16114,2011-06-22 10:13:00,1,135.75000000000003,43,8,171,0.0,135.75000000000003,135.75000000000003,United Kingdom,1,2,2,1,221,Lost / Low-Value
16115,2011-11-30 11:32:00,8,1660.8799999999999,994,169,10,0.0,1660.8799999999999,207.60999999999999,United Kingdom,1,5,5,4,554,Champions
16116,2011-05-12 12:01:00,1,612.78,248,34,212,-19.9,592.88,612.78,United Kingdom,1,1,2,3,123,Lost / Low-Value
16117,2011-06-03 11:42:00,1,232.21,130,30,190,0.0,232.21,232.21,United Kingdom,1,1,2,1,121,Lost / Low-Value
16119,2011-12-01 15:11:00,2,423.36,240,14,8,0.0,423.36,211.68,United Kingdom,1,5,3,2,532,Loyal Customers
16120,2011-10-11 14:22:00,4,1309.14,878,26,59,-15.0,1294.14,327.285,United Kingdom,1,3,4,4,344,Loyal Customers
16121,2011-10-13 12:59:00,2,854.66,576,170,57,0.0,854.66,427.33,United Kingdom,1,3,3,3,333,Loyal Customers
16122,2011-09-27 15:34:00,4,684.42,1128,26,73,0.0,684.42,171.105,United Kingdom,1,2,4,3,243,At-Risk High-Value
16123,2011-10-19 09:18:00,1,307.78000000000003,170,16,52,0.0,307.78000000000003,307.78000000000003,United Kingdom,1,3,2,2,322,Needs Attention
16124,2011-01-26 14:45:00,1,249.0,48,11,317,-61.849999999999994,187.15,249.0,United Kingdom,1,1,2,1,121,Lost / Low-Value
16125,2010-12-07 15:48:00,1,289.35,124,13,367,0.0,289.35,289.35,United Kingdom,1,1,2,2,122,Lost / Low-Value
16126,2011-11-10 16:03:00,4,6287.77,2125,57,29,0.0,6287.77,1571.9425,United Kingdom,1,4,4,5,445,Champions
16127,2011-10-31 13:58:00,1,656.25,323,40,39,0.0,656.25,656.25,United Kingdom,1,3,2,3,323,Needs Attention
16128,2011-11-22 11:14:00,5,1880.22,988,76,18,0.0,1880.22,376.044,United Kingdom,1,4,4,4,444,Champions
16131,2011-10-19 11:53:00,6,3506.54,1802,55,52,0.0,3506.54,584.4233333333333,United Kingdom,1,3,5,5,355,Loyal Customers
16133,2011-12-06 11:24:00,33,14589.04,8887,219,4,-283.38,14305.660000000002,442.09212121212124,United Kingdom,1,5,5,5,555,Champions
16134,2011-11-18 10:05:00,2,618.09,371,34,22,-14.399999999999999,603.69,309.045,United Kingdom,1,4,3,3,433,Loyal Customers
16135,2011-03-22 12:30:00,1,517.55,209,21,263,0.0,517.55,517.55,United Kingdom,1,1,2,3,123,Lost / Low-Value
16136,2011-10-11 09:10:00,3,709.38,440,35,60,0.0,709.38,236.46,United Kingdom,1,3,4,3,343,Loyal Customers
16139,2011-11-21 08:37:00,3,635.4100000000001,330,25,19,0.0,635.4100000000001,211.80333333333337,United Kingdom,1,4,4,3,443,Loyal Customers
16140,2011-10-05 12:15:00,2,725.1800000000001,730,32,66,-17.0,708.1800000000001,362.59000000000003,United Kingdom,1,3,3,3,333,Loyal Customers
16141,2011-09-12 13:11:00,1,620.4,238,30,88,0.0,620.4,620.4,United Kingdom,1,2,2,3,223,Lost / Low-Value
16142,2011-04-04 10:16:00,1,535.34,422,37,250,0.0,535.34,535.34,United Kingdom,1,1,2,3,123,Lost / Low-Value
16143,2011-12-06 14:13:00,6,2424.94,919,75,3,-5.1,2419.84,404.1566666666667,United Kingdom,1,5,5,5,555,Champions
16144,2011-04-07 10:09:00,1,175.2,16,1,247,0.0,175.2,175.2,United Kingdom,1,1,2,1,121,Lost / Low-Value
16145,2011-12-01 10:33:00,11,3799.4900000000002,3123,134,9,-57.510000000000005,3741.98,345.40818181818184,United Kingdom,1,5,5,5,555,Champions
16146,2011-07-05 14:20:00,3,734.13,427,26,157,0.0,734.13,244.71,United Kingdom,1,2,4,3,243,At-Risk High-Value
16147,2011-07-29 09:57:00,1,375.0,246,22,134,0.0,375.0,375.0,United Kingdom,1,2,2,2,222,Lost / Low-Value
16148,2011-02-16 14:01:00,1,76.32000000000001,72,1,296,0.0,76.32000000000001,76.32000000000001,United Kingdom,1,1,2,1,121,Lost / Low-Value
16149,2011-12-05 11:29:00,2,280.52,308,18,5,0.0,280.52,140.26,United Kingdom,1,5,3,2,532,Loyal Customers
16150,2011-10-28 12:39:00,5,2053.02,1047,91,43,-146.95,1906.07,410.604,United Kingdom,1,3,4,4,344,Loyal Customers
16152,2011-03-16 09:47:00,1,1829.04,642,29,269,0.0,1829.04,1829.04,United Kingdom,1,1,2,4,124,Lost / Low-Value
16153,2011-10-21 10:50:00,5,1824.23,1073,78,50,0.0,1824.23,364.846,United Kingdom,1,3,4,4,344,Loyal Customers
16156,2011-12-01 12:42:00,9,3092.04,1273,108,9,-89.8,3002.24,343.56,United Kingdom,1,5,5,5,555,Champions
16157,2011-11-24 11:41:00,3,656.69,347,12,16,-12.45,644.24,218.89666666666668,United Kingdom,1,4,4,3,443,Loyal Customers
16159,2011-03-03 12:27:00,1,348.2,236,14,282,0.0,348.2,348.2,United Kingdom,1,1,2,2,122,Lost / Low-Value
16160,2011-10-05 14:19:00,2,1025.44,1162,20,65,-15.99,1009.45,512.72,United Kingdom,1,3,3,4,334,Loyal Customers
16161,2011-12-08 12:10:00,19,5533.67,2583,286,2,-178.84,5354.83,291.2457894736842,United Kingdom,1,5,5,5,555,Champions
16162,2011-04-01 15:03:00,1,37.4,4,2,252,0.0,37.4,37.4,United Kingdom,1,1,2,1,121,Lost / Low-Value
16163,2011-04-21 15:15:00,2,856.6,192,5,232,-415.00000000000006,441.59999999999997,428.3,United Kingdom,1,1,3,2,132,Needs Attention
16164,2011-11-22 15:04:00,3,822.48,433,27,17,-19.95,802.53,274.16,United Kingdom,1,4,4,3,443,Loyal Customers
16168,2011-11-29 12:45:00,27,3787.6,1892,57,11,-17.0,3770.6,140.28148148148148,United Kingdom,1,5,5,5,555,Champions
16169,2011-12-01 15:28:00,4,1822.97,1325,71,8,0.0,1822.97,455.7425,United Kingdom,1,5,4,4,544,Champions
16170,2011-10-20 08:21:00,6,1885.05,1770,106,51,-4.63,1880.4199999999998,314.175,United Kingdom,1,3,5,4,354,Loyal Customers
16171,2011-10-11 14:51:00,1,73.19999999999999,24,3,59,0.0,73.19999999999999,73.19999999999999,United Kingdom,1,3,2,1,321,Needs Attention
16172,2011-09-05 13:22:00,5,1140.21,787,52,95,0.0,1140.21,228.042,United Kingdom,1,2,4,4,244,At-Risk High-Value
16173,2011-11-24 10:53:00,6,1418.32,575,70,16,-11.75,1406.57,236.38666666666666,United Kingdom,1,4,5,4,454,Champions
16174,2011-08-05 13:26:00,3,1009.55,651,19,126,0.0,1009.55,336.51666666666665,United Kingdom,1,2,4,4,244,At-Risk High-Value
16175,2011-09-06 14:32:00,4,1037.5900000000001,533,45,94,0.0,1037.5900000000001,259.39750000000004,United Kingdom,1,2,4,4,244,At-Risk High-Value
16177,2011-10-20 12:57:00,1,331.95,95,15,50,0.0,331.95,331.95,United Kingdom,1,3,2,2,322,Needs Attention
16178,2011-07-24 16:05:00,1,197.9,94,8,138,0.0,197.9,197.9,United Kingdom,1,2,2,1,221,Lost / Low-Value
16179,2011-10-10 09:41:00,1,215.83,99,11,61,0.0,215.83,215.83,United Kingdom,1,3,2,1,321,Needs Attention
16180,2011-08-31 16:28:00,8,10254.18,5867,90,100,-36.7,10217.48,1281.7725,United Kingdom,1,2,5,5,255,At-Risk High-Value
16181,2011-09-27 13:38:00,1,305.54,152,11,73,0.0,305.54,305.54,United Kingdom,1,2,2,2,222,Lost / Low-Value
16182,2011-09-28 13:23:00,4,6617.65,3791,17,72,0.0,6617.65,1654.4125,United Kingdom,1,2,4,5,245,At-Risk High-Value
16183,2011-10-03 14:59:00,1,338.71000000000004,113,15,67,0.0,338.71000000000004,338.71000000000004,United Kingdom,1,3,2,2,322,Needs Attention
16184,2011-10-06 17:43:00,6,1158.79,561,26,64,-3.25,1155.54,193.13166666666666,United Kingdom,1,3,5,4,354,Loyal Customers
16185,2011-11-23 09:41:00,2,529.41,260,31,17,0.0,529.41,264.705,United Kingdom,1,4,3,3,433,Loyal Customers
16186,2011-11-17 12:43:00,12,4006.94,3020,87,23,-15.0,3991.94,333.9116666666667,United Kingdom,1,4,5,5,455,Champions
16187,2011-11-08 09:50:00,15,6911.4400000000005,5048,160,32,-70.2,6841.240000000001,460.7626666666667,United Kingdom,1,4,5,5,455,Champions
16188,2011-10-26 12:19:00,4,981.86,782,65,45,0.0,981.86,245.465,United Kingdom,1,3,4,4,344,Loyal Customers
16189,2011-11-24 11:47:00,2,215.48,134,9,16,0.0,215.48,107.74,United Kingdom,1,4,3,1,431,Loyal Customers
16190,2011-10-30 15:59:00,1,215.08,88,6,40,0.0,215.08,215.08,United Kingdom,1,3,2,1,321,Needs Attention
16191,2011-12-07 11:26:00,13,5180.52,3351,65,3,-263.95000000000005,4916.570000000001,398.5015384615385,United Kingdom,1,5,5,5,555,Champions
16193,2011-04-17 11:45:00,1,314.45,219,19,237,0.0,314.45,314.45,United Kingdom,1,1,2,2,122,Lost / Low-Value
16198,2011-09-25 14:58:00,1,400.68,128,14,75,0.0,400.68,400.68,United Kingdom,1,2,2,2,222,Lost / Low-Value
16200,2011-12-05 14:40:00,2,1068.8700000000001,516,149,4,0.0,1068.8700000000001,534.4350000000001,United Kingdom,1,5,3,4,534,Loyal Customers
16201,2011-12-06 16:02:00,4,1863.47,1286,74,3,-41.95,1821.52,465.8675,United Kingdom,1,5,4,4,544,Champions
16202,2010-12-14 10:43:00,1,365.27,191,18,361,0.0,365.27,365.27,United Kingdom,1,1,2,2,122,Lost / Low-Value
16203,2011-10-12 12:31:00,4,592.9,262,27,59,-3.75,589.15,148.225,United Kingdom,1,3,4,3,343,Loyal Customers
16204,2011-11-16 13:40:00,1,384.18,218,45,23,0.0,384.18,384.18,United Kingdom,1,4,2,2,422,New Inflow
16205,2011-11-09 09:32:00,4,751.03,512,72,31,0.0,751.03,187.7575,United Kingdom,1,4,4,3,443,Loyal Customers
16206,2011-10-16 10:41:00,4,537.0600000000001,272,52,55,0.0,537.0600000000001,134.26500000000001,United Kingdom,1,3,4,3,343,Loyal Customers
16207,2011-11-14 13:51:00,1,394.38,140,19,25,0.0,394.38,394.38,United Kingdom,1,4,2,2,422,New Inflow
16208,2011-10-26 11:36:00,2,664.26,333,61,45,0.0,664.26,332.13,United Kingdom,1,3,3,3,333,Loyal Customers
16209,2011-09-12 11:58:00,5,2262.62,1179,37,89,0.0,2262.62,452.524,United Kingdom,1,2,4,5,245,At-Risk High-Value
16210,2011-12-08 12:36:00,17,21076.3,7558,73,2,0.0,21076.3,1239.7823529411764,United Kingdom,1,5,5,5,555,Champions
16211,2011-09-12 12:11:00,1,547.02,154,23,89,-4.25,542.77,547.02,United Kingdom,1,2,2,3,223,Lost / Low-Value
16212,2011-11-20 13:00:00,2,690.34,244,40,19,-9.15,681.19,345.17,United Kingdom,1,4,3,3,433,Loyal Customers
16213,2011-09-22 10:03:00,1,159.0,48,6,79,0.0,159.0,159.0,United Kingdom,1,2,2,1,221,Lost / Low-Value
16214,2011-06-22 11:30:00,3,1062.75,420,36,171,0.0,1062.75,354.25,United Kingdom,1,2,4,4,244,At-Risk High-Value
16215,2011-09-20 10:18:00,1,242.35,104,14,81,0.0,242.35,242.35,United Kingdom,1,2,2,1,221,Lost / Low-Value
16216,2011-03-17 15:34:00,1,914.9300000000001,254,37,267,0.0,914.9300000000001,914.9300000000001,United Kingdom,1,1,2,4,124,Lost / Low-Value
16217,2011-04-18 13:31:00,2,304.25,91,13,235,-37.8,266.45,152.125,United Kingdom,1,1,3,2,132,Needs Attention
16218,2011-11-10 09:59:00,7,3084.68,2088,56,30,-29.810000000000002,3054.87,440.6685714285714,United Kingdom,1,4,5,5,455,Champions
16221,2011-11-03 11:43:00,3,860.86,714,90,37,0.0,860.86,286.9533333333333,United Kingdom,1,3,4,3,343,Loyal Customers
16222,2011-01-25 13:38:00,1,773.55,325,120,318,0.0,773.55,773.55,United Kingdom,1,1,2,3,123,Lost / Low-Value
16224,2011-10-13 17:51:00,4,1295.3,1116,90,57,0.0,1295.3,323.825,United Kingdom,1,3,4,4,344,Loyal Customers
16225,2011-10-26 08:30:00,5,1096.32,493,109,45,0.0,1096.32,219.26399999999998,United Kingdom,1,3,4,4,344,Loyal Customers
16226,2011-05-20 14:41:00,3,255.12,192,6,203,0.0,255.12,85.04,United Kingdom,1,1,4,2,142,Needs Attention
16227,2011-04-28 13:33:00,1,314.22,90,6,225,-5.9,308.32000000000005,314.22,United Kingdom,1,1,2,2,122,Lost / Low-Value
16229,2011-09-13 17:16:00,2,1010.6,318,46,87,0.0,1010.6,505.3,United Kingdom,1,2,3,4,234,At-Risk High-Value
16230,2011-06-03 10:06:00,2,542.03,365,32,190,0.0,542.03,271.015,United Kingdom,1,1,3,3,133,At-Risk High-Value
16232,2011-10-27 12:16:00,4,990.88,550,24,44,-7.649999999999999,983.23,247.72,United Kingdom,1,3,4,4,344,Loyal Customers
16233,2011-09-29 17:27:00,3,536.6800000000001,174,22,71,-114.54999999999998,422.1300000000001,178.89333333333335,United Kingdom,1,3,4,2,342,Loyal Customers
16235,2011-10-30 10:56:00,4,857.3100000000001,329,41,41,-8.9,848.4100000000001,214.32750000000001,United Kingdom,1,3,4,3,343,Loyal Customers
16236,2011-09-22 14:10:00,1,432.2,184,20,78,0.0,432.2,432.2,United Kingdom,1,2,2,2,222,Lost / Low-Value
16239,2011-10-14 08:29:00,2,414.2,228,18,57,-41.300000000000004,372.9,207.1,United Kingdom,1,3,3,2,332,Loyal Customers
16240,2011-11-15 14:30:00,2,3718.8,1641,126,24,-24.990000000000002,3693.8100000000004,1859.4,United Kingdom,1,4,3,5,435,Loyal Customers
16241,2011-11-30 11:08:00,13,2590.31,1443,347,10,0.0,2590.31,199.2546153846154,United Kingdom,1,5,5,5,555,Champions
16242,2011-12-01 15:12:00,7,3579.86,1969,184,8,-4.95,3574.9100000000003,511.40857142857146,United Kingdom,1,5,5,5,555,Champions
16243,2011-11-06 12:32:00,2,409.1,110,49,34,0.0,409.1,204.55,United Kingdom,1,3,3,2,332,Loyal Customers
16244,2011-05-12 10:18:00,2,1522.75,855,88,212,0.0,1522.75,761.375,United Kingdom,1,1,3,4,134,At-Risk High-Value
16245,2011-11-16 10:14:00,3,1413.66,1014,80,24,-61.300000000000004,1352.3600000000001,471.22,United Kingdom,1,4,4,4,444,Champions
16247,2011-06-22 14:23:00,1,114.56,182,16,170,0.0,114.56,114.56,United Kingdom,1,2,2,1,221,Lost / Low-Value
16248,2011-10-09 11:32:00,1,152.94,78,7,62,0.0,152.94,152.94,United Kingdom,1,3,2,1,321,Needs Attention
16249,2011-10-18 10:07:00,5,1800.07,950,67,53,0.0,1800.07,360.014,United Kingdom,1,3,4,4,344,Loyal Customers
16250,2011-03-23 15:07:00,2,389.44,208,22,261,0.0,389.44,194.72,United Kingdom,1,1,3,2,132,Needs Attention
16253,2011-10-04 09:09:00,2,3683.86,3233,114,67,0.0,3683.86,1841.93,United Kingdom,1,3,3,5,335,Loyal Customers
16255,2011-11-23 12:40:00,8,2619.91,1767,146,17,-10.61,2609.2999999999997,327.48875,United Kingdom,1,4,5,5,455,Champions
16256,2011-03-18 12:18:00,1,752.4300000000001,581,13,267,-19.8,732.6300000000001,752.4300000000001,United Kingdom,1,1,2,3,123,Lost / Low-Value
16257,2011-06-16 10:11:00,1,46.95,2,2,177,0.0,46.95,46.95,United Kingdom,1,2,2,1,221,Lost / Low-Value
16258,2011-10-25 13:30:00,5,5203.51,2994,111,45,0.0,5203.51,1040.702,United Kingdom,1,3,4,5,345,Loyal Customers
16260,2011-10-20 09:40:00,1,1035.45,311,18,51,0.0,1035.45,1035.45,United Kingdom,1,3,2,4,324,Needs Attention
16261,2011-11-22 17:23:00,4,728.54,301,98,17,0.0,728.54,182.135,United Kingdom,1,4,4,3,443,Loyal Customers
16265,2011-11-30 16:41:00,9,5447.0,2646,164,9,-23.85,5423.15,605.2222222222222,United Kingdom,1,5,5,5,555,Champions
16266,2011-09-27 12:08:00,7,861.89,398,44,74,0.0,861.89,123.12714285714286,United Kingdom,1,2,5,3,253,At-Risk High-Value
16268,2011-09-29 18:30:00,2,667.65,533,45,71,0.0,667.65,333.825,United Kingdom,1,3,3,3,333,Loyal Customers
16270,2010-12-21 14:26:00,1,1141.24,688,54,353,0.0,1141.24,1141.24,United Kingdom,1,1,2,4,124,Lost / Low-Value
16271,2011-11-24 12:12:00,4,1389.64,1023,88,16,-5.95,1383.69,347.41,United Kingdom,1,4,4,4,444,Champions
16272,2011-08-15 10:54:00,1,411.7,224,25,117,0.0,411.7,411.7,United Kingdom,1,2,2,2,222,Lost / Low-Value
16274,2010-12-01 15:35:00,1,331.55,151,63,373,0.0,331.55,331.55,United Kingdom,1,1,2,2,122,Lost / Low-Value
16275,2011-05-27 12:41:00,1,559.87,336,33,197,0.0,559.87,559.87,United Kingdom,1,1,2,3,123,Lost / Low-Value
16276,2011-06-16 09:34:00,1,810.6,420,6,177,0.0,810.6,810.6,United Kingdom,1,2,2,3,223,Lost / Low-Value
16278,2011-08-31 17:12:00,1,566.38,114,23,100,-28.55,537.83,566.38,United Kingdom,1,2,2,3,223,Lost / Low-Value
16279,2011-11-18 15:00:00,3,1502.78,1046,102,21,-12.9,1489.8799999999999,500.9266666666667,United Kingdom,1,4,4,4,444,Champions
16281,2011-09-28 14:57:00,1,2062.06,934,17,72,0.0,2062.06,2062.06,United Kingdom,1,2,2,5,225,Lost / Low-Value
16282,2011-01-04 11:42:00,1,168.3,114,11,340,0.0,168.3,168.3,United Kingdom,1,1,2,1,121,Lost / Low-Value
16283,2011-12-04 12:08:00,5,1569.11,1234,116,6,-39.300000000000004,1529.81,313.822,United Kingdom,1,5,4,4,544,Champions
16284,2011-11-08 16:12:00,2,812.68,535,87,31,0.0,812.68,406.34,United Kingdom,1,4,3,3,433,Loyal Customers
16287,2011-06-23 09:08:00,1,142.5,298,8,170,0.0,142.5,142.5,United Kingdom,1,2,2,1,221,Lost / Low-Value
16292,2011-08-10 12:24:00,1,302.25,191,17,122,-21.349999999999998,280.9,302.25,United Kingdom,1,2,2,2,222,Lost / Low-Value
16293,2011-11-18 09:58:00,10,2248.9900000000002,982,102,22,-12.25,2236.7400000000002,224.89900000000003,United Kingdom,1,4,5,5,455,Champions
16295,2011-11-30 08:17:00,4,1328.55,841,70,10,0.0,1328.55,332.1375,United Kingdom,1,5,4,4,544,Champions
16297,2011-03-16 08:29:00,1,301.9,206,20,269,-23.349999999999998,278.54999999999995,301.9,United Kingdom,1,1,2,2,122,Lost / Low-Value
16298,2011-11-17 11:59:00,3,598.2,198,22,23,0.0,598.2,199.4,United Kingdom,1,4,4,3,443,Loyal Customers
16302,2011-08-05 09:44:00,1,233.22,158,11,127,-20.4,212.82,233.22,United Kingdom,1,2,2,1,221,Lost / Low-Value
16303,2011-11-14 10:49:00,3,5360.63,2659,119,26,-54.8,5305.83,1786.8766666666668,United Kingdom,1,4,4,5,445,Champions
16305,2011-07-24 12:18:00,1,361.22,256,22,139,0.0,361.22,361.22,United Kingdom,1,2,2,2,222,Lost / Low-Value
16306,2011-05-10 12:12:00,6,632.27,487,36,214,-30.0,602.27,105.37833333333333,United Kingdom,1,1,5,3,153,At-Risk High-Value
16308,2011-11-02 11:24:00,4,2560.0,8000,1,38,0.0,2560.0,640.0,United Kingdom,1,3,4,5,345,Loyal Customers
16309,2011-08-25 15:35:00,2,706.57,467,39,106,-19.9,686.6700000000001,353.285,United Kingdom,1,2,3,3,233,At-Risk High-Value
16311,2011-11-22 08:54:00,2,616.26,394,35,18,0.0,616.26,308.13,United Kingdom,1,4,3,3,433,Loyal Customers
16313,2011-12-06 13:02:00,2,274.15000000000003,165,16,3,0.0,274.15000000000003,137.07500000000002,United Kingdom,1,5,3,2,532,Loyal Customers
16315,2011-01-13 11:57:00,1,226.37,75,14,331,0.0,226.37,226.37,United Kingdom,1,1,2,1,121,Lost / Low-Value
16316,2011-10-06 13:48:00,8,2938.91,1484,120,64,-183.35000000000002,2755.56,367.36375,United Kingdom,1,3,5,5,355,Loyal Customers
16317,2011-08-12 12:46:00,3,1341.65,890,64,120,0.0,1341.65,447.2166666666667,United Kingdom,1,2,4,4,244,At-Risk High-Value
16318,2011-11-04 13:05:00,1,328.15000000000003,199,19,35,0.0,328.15000000000003,328.15000000000003,United Kingdom,1,3,2,2,322,Needs Attention
16319,2011-05-06 11:27:00,1,404.40000000000003,72,3,218,0.0,404.40000000000003,404.40000000000003,United Kingdom,1,1,2,2,122,Lost / Low-Value
16320,2011-06-20 15:25:00,2,1038.46,732,56,172,0.0,1038.46,519.23,Unspecified,0,2,3,4,234,At-Risk High-Value
16321,2011-09-28 14:55:00,5,373.65000000000003,135,7,72,-142.95000000000002,230.70000000000002,74.73,Australia,0,2,4,1,241,Needs Attention
16322,2011-12-08 15:41:00,2,326.75,231,28,1,0.0,326.75,163.375,United Kingdom,1,5,3,2,532,Loyal Customers
16323,2011-05-27 14:48:00,1,207.50000000000003,50,1,196,0.0,207.50000000000003,207.50000000000003,United Kingdom,1,1,2,1,121,Lost / Low-Value
16324,2011-08-03 12:58:00,3,408.59000000000003,270,100,128,0.0,408.59000000000003,136.1966666666667,United Kingdom,1,2,4,2,242,Needs Attention
16325,2011-10-24 08:48:00,3,594.24,194,14,47,-83.7,510.54,198.08,United Kingdom,1,3,4,3,343,Loyal Customers
16326,2011-12-04 10:11:00,14,3039.2200000000003,682,158,6,-25.0,3014.2200000000003,217.08714285714288,United Kingdom,1,5,5,5,555,Champions
16327,2011-11-25 13:23:00,6,3789.67,2524,141,14,0.0,3789.67,631.6116666666667,United Kingdom,1,4,5,5,455,Champions
16330,2011-11-22 12:24:00,3,251.91,147,39,18,-9.7,242.21,83.97,United Kingdom,1,4,4,1,441,Loyal Customers
16332,2011-11-11 14:22:00,7,1582.8,797,125,28,-10.0,1572.8,226.1142857142857,United Kingdom,1,4,5,4,454,Champions
16333,2011-12-02 12:19:00,22,26626.8,32184,9,8,0.0,26626.8,1210.3090909090909,United Kingdom,1,5,5,5,555,Champions
16337,2011-11-03 10:03:00,1,151.05,87,10,37,0.0,151.05,151.05,United Kingdom,1,3,2,1,321,Needs Attention
16338,2011-07-05 13:56:00,1,214.8,94,11,157,0.0,214.8,214.8,United Kingdom,1,2,2,1,221,Lost / Low-Value
16339,2011-02-28 13:41:00,1,94.05,21,17,284,0.0,94.05,94.05,United Kingdom,1,1,2,1,121,Lost / Low-Value
16340,2011-08-24 14:53:00,1,534.31,486,124,107,0.0,534.31,534.31,United Kingdom,1,2,2,3,223,Lost / Low-Value
16341,2011-11-15 09:12:00,4,1971.8700000000001,1398,60,25,-12.49,1959.38,492.96750000000003,United Kingdom,1,4,4,4,444,Champions
16342,2011-09-25 14:36:00,4,322.41,157,10,75,0.0,322.41,80.6025,United Kingdom,1,2,4,2,242,Needs Attention
16343,2011-11-23 17:45:00,2,328.58,175,29,16,0.0,328.58,164.29,United Kingdom,1,4,3,2,432,Loyal Customers
16344,2011-07-04 15:50:00,1,101.10000000000001,18,1,158,0.0,101.10000000000001,101.10000000000001,United Kingdom,1,2,2,1,221,Lost / Low-Value
16345,2011-10-26 16:03:00,1,565.46,288,35,44,0.0,565.46,565.46,United Kingdom,1,3,2,3,323,Needs Attention
16347,2011-11-28 13:14:00,2,847.45,341,61,11,0.0,847.45,423.725,United Kingdom,1,5,3,3,533,Loyal Customers
16348,2011-11-07 15:44:00,7,1413.31,799,156,32,0.0,1413.31,201.90142857142857,United Kingdom,1,4,5,4,454,Champions
16349,2011-02-22 12:40:00,1,53.5,9,9,291,0.0,53.5,53.5,United Kingdom,1,1,2,1,121,Lost / Low-Value
16350,2011-11-18 15:53:00,4,1116.47,545,40,21,-16.0,1100.47,279.1175,United Kingdom,1,4,4,4,444,Champions
16351,2011-01-11 10:26:00,1,153.9,90,8,333,0.0,153.9,153.9,United Kingdom,1,1,2,1,121,Lost / Low-Value
16352,2011-11-22 10:32:00,2,494.44,300,28,18,0.0,494.44,247.22,United Kingdom,1,4,3,3,433,Loyal Customers
16353,2011-12-06 12:23:00,23,6675.71,2006,51,4,0.0,6675.71,290.24826086956523,United Kingdom,1,5,5,5,555,Champions
16354,2011-10-07 14:28:00,2,395.8,150,38,63,0.0,395.8,197.9,United Kingdom,1,3,3,2,332,Loyal Customers
16356,2011-05-26 11:51:00,3,211.77,93,20,198,-1.45,210.32000000000002,70.59,United Kingdom,1,1,4,1,141,Needs Attention
16357,2011-11-06 16:04:00,3,658.88,246,31,33,0.0,658.88,219.62666666666667,United Kingdom,1,3,4,3,343,Loyal Customers
16358,2011-12-08 15:09:00,4,2027.5,1302,82,1,-2.55,2024.95,506.875,United Kingdom,1,5,4,5,545,Champions
16359,2011-12-02 17:04:00,9,1750.92,1183,39,7,-290.55,1460.3700000000001,194.54666666666668,United Kingdom,1,5,5,4,554,Champions
16360,2011-12-05 12:16:00,6,3450.41,2110,365,5,-100.84,3349.5699999999997,575.0683333333333,United Kingdom,1,5,5,5,555,Champions
16361,2011-11-30 12:32:00,4,891.21,418,87,10,0.0,891.21,222.8025,United Kingdom,1,5,4,3,543,Loyal Customers
16362,2011-11-07 13:01:00,5,709.99,340,58,32,-82.7,627.29,141.998,United Kingdom,1,4,4,3,443,Loyal Customers
16363,2011-10-17 14:14:00,1,109.36000000000001,52,5,53,0.0,109.36000000000001,109.36000000000001,United Kingdom,1,3,2,1,321,Needs Attention
16364,2011-11-28 11:27:00,2,705.79,279,48,12,0.0,705.79,352.895,United Kingdom,1,5,3,3,533,Loyal Customers
16365,2011-11-22 11:24:00,9,1540.42,504,45,18,0.0,1540.42,171.1577777777778,United Kingdom,1,4,5,4,454,Champions
16366,2011-11-21 08:19:00,1,327.3,256,18,19,0.0,327.3,327.3,United Kingdom,1,4,2,2,422,New Inflow
16367,2011-11-02 13:13:00,2,800.67,643,123,37,0.0,800.67,400.335,United Kingdom,1,3,3,3,333,Loyal Customers
16368,2011-12-07 13:12:00,2,479.91,251,58,2,0.0,479.91,239.955,United Kingdom,1,5,3,3,533,Loyal Customers
16369,2011-11-21 16:25:00,3,1543.33,1026,90,18,0.0,1543.33,514.4433333333333,United Kingdom,1,4,4,4,444,Champions
16370,2011-09-18 15:55:00,4,1301.91,640,143,82,0.0,1301.91,325.4775,United Kingdom,1,2,4,4,244,At-Risk High-Value
16372,2011-11-06 13:08:00,2,355.73,158,86,33,0.0,355.73,177.865,United Kingdom,1,3,3,2,332,Loyal Customers
16374,2011-10-04 15:21:00,2,458.78,236,100,66,0.0,458.78,229.39,United Kingdom,1,3,3,2,332,Loyal Customers
16376,2011-12-01 11:38:00,2,974.96,691,104,9,-9.49,965.47,487.48,United Kingdom,1,5,3,4,534,Loyal Customers
16377,2011-03-17 15:41:00,1,676.2,1500,5,267,0.0,676.2,676.2,United Kingdom,1,1,2,3,123,Lost / Low-Value
16378,2011-04-06 15:07:00,3,362.95,267,22,247,0.0,362.95,120.98333333333333,United Kingdom,1,1,4,2,142,Needs Attention
16379,2011-12-05 15:38:00,4,2157.4,1410,87,4,-25.5,2131.9,539.35,United Kingdom,1,5,4,5,545,Champions
16380,2011-10-09 15:40:00,1,1743.1499999999999,1428,28,61,0.0,1743.1499999999999,1743.1499999999999,United Kingdom,1,3,2,4,324,Needs Attention
16383,2011-09-26 12:45:00,2,643.76,467,80,75,0.0,643.76,321.88,United Kingdom,1,2,3,3,233,At-Risk High-Value
16384,2011-09-11 11:19:00,2,584.5,260,33,90,0.0,584.5,292.25,United Kingdom,1,2,3,3,233,At-Risk High-Value
16385,2011-10-10 13:12:00,3,554.86,258,52,60,0.0,554.86,184.95333333333335,United Kingdom,1,3,4,3,343,Loyal Customers
16386,2011-11-11 12:28:00,2,302.57,205,76,29,0.0,302.57,151.285,United Kingdom,1,4,3,2,432,Loyal Customers
16387,2011-01-21 11:34:00,1,94.36,44,4,323,0.0,94.36,94.36,United Kingdom,1,1,2,1,121,Lost / Low-Value
16389,2011-10-17 14:41:00,4,1382.0700000000002,1242,33,53,-19.8,1362.2700000000002,345.51750000000004,United Kingdom,1,3,4,4,344,Loyal Customers
16392,2011-03-15 12:11:00,1,217.89000000000001,201,41,270,0.0,217.89000000000001,217.89000000000001,United Kingdom,1,1,2,1,121,Lost / Low-Value
16393,2011-12-07 12:51:00,13,3040.96,1573,120,2,-105.16,2935.8,233.92000000000002,United Kingdom,1,5,5,5,555,Champions
16394,2011-10-14 09:48:00,5,1555.34,2604,61,57,-143.28,1412.06,311.068,United Kingdom,1,3,4,4,344,Loyal Customers
16395,2011-10-10 12:50:00,5,1482.06,1472,150,61,0.0,1482.06,296.412,United Kingdom,1,3,4,4,344,Loyal Customers
16398,2011-07-08 15:16:00,2,1705.8,758,75,154,-74.65,1631.1499999999999,852.9,United Kingdom,1,2,3,4,234,At-Risk High-Value
16399,2011-11-20 16:12:00,2,406.22,245,67,19,0.0,406.22,203.11,United Kingdom,1,4,3,2,432,Loyal Customers
16400,2011-09-06 12:27:00,1,303.93,172,28,95,0.0,303.93,303.93,United Kingdom,1,2,2,2,222,Lost / Low-Value
16401,2011-12-08 18:15:00,12,4098.32,3882,66,1,-35.129999999999995,4063.1899999999996,341.52666666666664,United Kingdom,1,5,5,5,555,Champions
16402,2011-03-20 12:25:00,2,293.45,146,55,265,0.0,293.45,146.725,United Kingdom,1,1,3,2,132,Needs Attention
16403,2011-01-31 13:39:00,1,177.5,114,10,312,-16.45,161.05,177.5,United Kingdom,1,1,2,1,121,Lost / Low-Value
16404,2011-09-30 14:55:00,1,443.05,157,23,70,0.0,443.05,443.05,United Kingdom,1,3,2,2,322,Needs Attention
16405,2011-02-10 15:24:00,2,167.25,187,3,302,0.0,167.25,83.625,United Kingdom,1,1,3,1,131,Needs Attention
16406,2011-11-21 11:57:00,1,154.35,116,54,19,0.0,154.35,154.35,United Kingdom,1,4,2,1,421,New Inflow
16407,2011-11-27 11:05:00,10,2079.68,1093,99,13,0.0,2079.68,207.968,United Kingdom,1,5,5,5,555,Champions
16409,2011-11-03 16:45:00,5,2022.98,1304,145,36,0.0,2022.98,404.596,United Kingdom,1,3,4,5,345,Loyal Customers
16411,2011-11-20 13:23:00,2,211.7,131,41,19,0.0,211.7,105.85,United Kingdom,1,4,3,1,431,Loyal Customers
16412,2011-10-17 12:35:00,1,135.99,63,25,54,0.0,135.99,135.99,United Kingdom,1,3,2,1,321,Needs Attention
16413,2011-10-14 12:08:00,1,262.2,148,30,57,0.0,262.2,262.2,United Kingdom,1,3,2,2,322,Needs Attention
16414,2011-11-18 09:42:00,2,126.25,27,5,22,0.0,126.25,63.125,United Kingdom,1,4,3,1,431,Loyal Customers
16415,2011-10-26 13:35:00,1,200.27,178,45,44,0.0,200.27,200.27,United Kingdom,1,3,2,1,321,Needs Attention
16416,2011-11-13 12:50:00,3,1051.4,672,59,27,-20.0,1031.4,350.4666666666667,United Kingdom,1,4,4,4,444,Champions
16418,2011-10-26 12:39:00,3,631.12,280,76,45,0.0,631.12,210.37333333333333,United Kingdom,1,3,4,3,343,Loyal Customers
16419,2011-08-19 12:33:00,6,958.71,428,36,113,-12.75,945.96,159.785,United Kingdom,1,2,5,4,254,At-Risk High-Value
16422,2011-11-22 14:00:00,51,34684.4,33704,68,17,-373.4,34311.0,680.086274509804,United Kingdom,1,4,5,5,455,Champions
16423,2011-11-15 09:21:00,1,346.12,230,18,25,0.0,346.12,346.12,United Kingdom,1,4,2,2,422,New Inflow
16424,2011-06-01 13:40:00,1,133.56,88,5,191,-51.0,82.56,133.56,United Kingdom,1,1,2,1,121,Lost / Low-Value
16425,2011-02-10 14:30:00,1,302.7,199,21,302,0.0,302.7,302.7,United Kingdom,1,1,2,2,122,Lost / Low-Value
16426,2011-12-07 14:01:00,10,1863.76,1215,211,2,0.0,1863.76,186.376,United Kingdom,1,5,5,4,554,Champions
16427,2011-03-21 17:10:00,2,241.06,156,8,263,0.0,241.06,120.53,United Kingdom,1,1,3,1,131,Needs Attention
16429,2011-08-25 13:54:00,1,284.55,9,2,106,0.0,284.55,284.55,United Kingdom,1,2,2,2,222,Lost / Low-Value
16430,2011-10-13 14:47:00,1,300.85,103,6,57,0.0,300.85,300.85,United Kingdom,1,3,2,2,322,Needs Attention
16431,2011-05-10 14:09:00,3,623.28,442,51,213,0.0,623.28,207.76,United Kingdom,1,1,4,3,143,At-Risk High-Value
16432,2011-10-06 13:59:00,1,287.40000000000003,276,8,64,0.0,287.40000000000003,287.40000000000003,United Kingdom,1,3,2,2,322,Needs Attention
16433,2011-11-11 14:09:00,1,184.26,106,17,28,0.0,184.26,184.26,United Kingdom,1,4,2,1,421,New Inflow
16434,2011-11-10 14:28:00,7,1511.8,760,88,29,0.0,1511.8,215.97142857142856,United Kingdom,1,4,5,4,454,Champions
16438,2011-12-04 10:51:00,5,798.35,463,74,6,0.0,798.35,159.67000000000002,United Kingdom,1,5,4,3,543,Loyal Customers
16440,2011-12-02 12:02:00,5,3640.67,2018,186,8,0.0,3640.67,728.134,United Kingdom,1,5,4,5,545,Champions
16441,2011-10-03 17:48:00,2,381.2,173,22,67,0.0,381.2,190.6,United Kingdom,1,3,3,2,332,Loyal Customers
16442,2011-12-08 11:43:00,3,609.3,443,161,2,0.0,609.3,203.1,United Kingdom,1,5,4,3,543,Loyal Customers
16444,2011-10-24 13:50:00,4,654.67,407,68,46,-8.95,645.7199999999999,163.6675,United Kingdom,1,3,4,3,343,Loyal Customers
16445,2011-11-06 12:32:00,1,230.51,111,62,34,0.0,230.51,230.51,United Kingdom,1,3,2,1,321,Needs Attention
16446,2011-12-09 09:15:00,2,168472.5,80997,3,1,-168469.6,2.8999999999941792,84236.25,United Kingdom,1,5,3,1,531,Loyal Customers
16447,2011-07-27 12:45:00,1,255.91,221,34,136,0.0,255.91,255.91,United Kingdom,1,2,2,2,222,Lost / Low-Value
16448,2011-05-25 16:28:00,1,182.99,76,19,198,0.0,182.99,182.99,United Kingdom,1,1,2,1,121,Lost / Low-Value
16449,2011-05-26 10:25:00,2,707.69,367,40,198,-33.0,674.69,353.845,United Kingdom,1,1,3,3,133,At-Risk High-Value
16450,2011-07-13 11:47:00,1,311.92,200,11,150,0.0,311.92,311.92,United Kingdom,1,2,2,2,222,Lost / Low-Value
16451,2011-09-13 09:17:00,1,266.97,120,14,88,0.0,266.97,266.97,United Kingdom,1,2,2,2,222,Lost / Low-Value
16454,2011-10-06 16:57:00,1,5.9,2,1,64,0.0,5.9,5.9,United Kingdom,1,3,2,1,321,Needs Attention
16455,2011-10-07 12:17:00,7,1841.18,988,69,64,0.0,1841.18,263.0257142857143,United Kingdom,1,3,5,4,354,Loyal Customers
16456,2011-09-01 13:50:00,5,2158.18,1147,80,99,0.0,2158.18,431.63599999999997,United Kingdom,1,2,4,5,245,At-Risk High-Value
16457,2011-05-05 13:19:00,1,208.36,140,9,218,0.0,208.36,208.36,United Kingdom,1,1,2,1,121,Lost / Low-Value
16458,2011-12-07 09:34:00,18,3482.7400000000002,2154,52,3,0.0,3482.7400000000002,193.48555555555558,United Kingdom,1,5,5,5,555,Champions
16460,2011-11-11 13:46:00,3,811.23,876,128,28,0.0,811.23,270.41,United Kingdom,1,4,4,3,443,Loyal Customers
16461,2011-06-15 12:07:00,1,142.92,48,31,178,0.0,142.92,142.92,United Kingdom,1,2,2,1,221,Lost / Low-Value
16462,2011-09-27 10:24:00,3,136.0,16,1,74,-34.0,102.0,45.333333333333336,United Kingdom,1,2,4,1,241,Needs Attention
16463,2011-11-18 14:01:00,4,1422.4,1163,74,21,-38.7,1383.7,355.6,United Kingdom,1,4,4,4,444,Champions
16464,2011-11-20 12:11:00,3,1298.66,952,152,20,0.0,1298.66,432.8866666666667,United Kingdom,1,4,4,4,444,Champions
16466,2011-11-06 11:35:00,7,1595.96,785,103,34,0.0,1595.96,227.99428571428572,United Kingdom,1,3,5,4,354,Loyal Customers
16468,2011-09-26 14:13:00,1,74.9,31,2,74,0.0,74.9,74.9,United Kingdom,1,2,2,1,221,Lost / Low-Value
16469,2011-11-16 12:25:00,4,625.42,260,148,24,0.0,625.42,156.355,United Kingdom,1,4,4,3,443,Loyal Customers
16470,2011-10-19 12:11:00,4,752.77,522,120,52,-4.95,747.8199999999999,188.1925,United Kingdom,1,3,4,3,343,Loyal Customers
16471,2011-03-10 09:41:00,1,223.95000000000002,141,13,275,0.0,223.95000000000002,223.95000000000002,United Kingdom,1,1,2,1,121,Lost / Low-Value
16473,2011-06-28 09:10:00,3,316.11,196,18,165,-1.25,314.86,105.37,United Kingdom,1,2,4,2,242,Needs Attention
16474,2011-12-02 13:02:00,7,1810.49,907,236,7,-60.03,1750.46,258.64142857142855,United Kingdom,1,5,5,4,554,Champions
16475,2011-09-12 14:37:00,4,544.3,319,23,88,0.0,544.3,136.075,United Kingdom,1,2,4,3,243,At-Risk High-Value
16477,2011-10-07 09:44:00,7,2494.46,1415,111,64,0.0,2494.46,356.3514285714286,United Kingdom,1,3,5,5,355,Loyal Customers
16478,2011-11-14 15:51:00,3,331.0,224,15,25,0.0,331.0,110.33333333333333,United Kingdom,1,4,4,2,442,Loyal Customers
16479,2011-11-29 13:40:00,2,300.83,102,35,10,0.0,300.83,150.415,United Kingdom,1,5,3,2,532,Loyal Customers
16480,2011-09-25 11:40:00,1,769.29,455,51,76,0.0,769.29,769.29,United Kingdom,1,2,2,3,223,Lost / Low-Value
16482,2011-11-24 12:33:00,1,220.62,346,18,16,0.0,220.62,220.62,United Kingdom,1,4,2,1,421,New Inflow
16483,2011-05-31 13:08:00,1,139.35,44,19,192,0.0,139.35,139.35,United Kingdom,1,1,2,1,121,Lost / Low-Value
16484,2011-06-19 12:06:00,2,404.3,200,25,174,-24.9,379.40000000000003,202.15,United Kingdom,1,2,3,2,232,Needs Attention
16485,2011-09-23 15:50:00,1,363.65,235,41,77,0.0,363.65,363.65,United Kingdom,1,2,2,2,222,Lost / Low-Value
16488,2011-11-06 13:42:00,3,498.8,728,28,33,-6.6,492.2,166.26666666666668,United Kingdom,1,3,4,3,343,Loyal Customers
16491,2011-10-24 10:18:00,1,731.5,478,39,47,0.0,731.5,731.5,United Kingdom,1,3,2,3,323,Needs Attention
16493,2011-09-21 11:10:00,4,1351.63,1164,40,80,-21.97,1329.66,337.9075,United Kingdom,1,2,4,4,244,At-Risk High-Value
16494,2011-02-16 12:49:00,1,826.53,675,47,297,0.0,826.53,826.53,United Kingdom,1,1,2,3,123,Lost / Low-Value
16495,2011-12-06 13:20:00,3,648.26,328,78,3,0.0,648.26,216.08666666666667,United Kingdom,1,5,4,3,543,Loyal Customers
16496,2011-12-01 10:31:00,3,1599.52,1111,92,9,-37.3,1562.22,533.1733333333333,United Kingdom,1,5,4,4,544,Champions
16497,2011-10-21 10:55:00,6,2965.69,1396,128,50,0.0,2965.69,494.2816666666667,United Kingdom,1,3,5,5,355,Loyal Customers
16498,2011-07-01 15:07:00,2,100.97,45,15,161,-14.85,86.12,50.485,United Kingdom,1,2,3,1,231,Needs Attention
16499,2010-12-14 13:31:00,2,365.45,127,18,360,-46.35,319.09999999999997,182.725,United Kingdom,1,1,3,2,132,Needs Attention
16500,2011-12-05 12:04:00,6,400.86,123,8,5,0.0,400.86,66.81,United Kingdom,1,5,5,2,552,Loyal Customers
16503,2011-08-25 11:46:00,4,1431.93,569,71,107,-10.5,1421.43,357.9825,United Kingdom,1,2,4,4,244,At-Risk High-Value
16504,2011-11-14 15:18:00,1,465.88,510,76,25,0.0,465.88,465.88,United Kingdom,1,4,2,2,422,New Inflow
16505,2011-11-08 12:14:00,1,777.6,576,4,32,0.0,777.6,777.6,United Kingdom,1,4,2,3,423,New Inflow
16506,2011-11-20 12:17:00,2,90.30000000000001,42,3,20,0.0,90.30000000000001,45.150000000000006,United Kingdom,1,4,3,1,431,Loyal Customers
16509,2011-02-16 09:25:00,1,363.70000000000005,64,13,297,0.0,363.70000000000005,363.70000000000005,United Kingdom,1,1,2,2,122,Lost / Low-Value
16510,2010-12-02 13:39:00,1,248.1,92,13,372,0.0,248.1,248.1,United Kingdom,1,1,2,2,122,Lost / Low-Value
16511,2011-11-18 10:41:00,3,916.33,401,134,22,0.0,916.33,305.4433333333333,United Kingdom,1,4,4,4,444,Champions
16513,2011-12-05 10:18:00,4,874.59,407,33,5,0.0,874.59,218.6475,United Kingdom,1,5,4,3,543,Loyal Customers
16515,2011-10-18 13:10:00,5,1624.14,826,89,52,0.0,1624.14,324.82800000000003,United Kingdom,1,3,4,4,344,Loyal Customers
16516,2011-11-09 14:59:00,1,101.69999999999999,58,6,30,0.0,101.69999999999999,101.69999999999999,United Kingdom,1,4,2,1,421,New Inflow
16517,2011-03-07 13:50:00,1,162.70000000000002,96,17,277,0.0,162.70000000000002,162.70000000000002,United Kingdom,1,1,2,1,121,Lost / Low-Value
16518,2011-10-09 15:04:00,2,484.32,327,36,61,-3.4,480.92,242.16,United Kingdom,1,3,3,3,333,Loyal Customers
16519,2011-11-14 15:41:00,2,212.98,53,12,25,0.0,212.98,106.49,United Kingdom,1,4,3,1,431,Loyal Customers
16520,2011-06-06 13:24:00,3,1046.57,558,129,186,-9.95,1036.62,348.8566666666666,United Kingdom,1,1,4,4,144,At-Risk High-Value
16523,2011-12-08 09:06:00,21,9418.470000000001,4265,151,2,-122.8,9295.670000000002,448.4985714285715,United Kingdom,1,5,5,5,555,Champions
16525,2011-12-07 15:07:00,26,13027.45,7397,75,2,-1131.88,11895.57,501.0557692307693,United Kingdom,1,5,5,5,555,Champions
16526,2011-06-21 12:02:00,1,290.36,106,15,172,0.0,290.36,290.36,United Kingdom,1,2,2,2,222,Lost / Low-Value
16527,2011-09-19 16:21:00,1,228.06,106,14,81,0.0,228.06,228.06,United Kingdom,1,2,2,1,221,Lost / Low-Value
16528,2011-12-06 12:45:00,1,244.41,171,17,4,0.0,244.41,244.41,United Kingdom,1,5,2,2,522,New Inflow
16529,2011-06-02 17:23:00,1,455.25,198,30,190,0.0,455.25,455.25,United Kingdom,1,1,2,2,122,Lost / Low-Value
16531,2011-11-17 16:29:00,7,1244.59,915,68,22,0.0,1244.59,177.79857142857142,United Kingdom,1,4,5,4,454,Champions
16532,2011-11-22 11:08:00,3,6748.8,2016,2,18,0.0,6748.8,2249.6,United Kingdom,1,4,4,5,445,Champions
16533,2011-11-20 13:08:00,3,1082.81,611,112,19,-68.62,1014.1899999999999,360.93666666666667,United Kingdom,1,4,4,4,444,Champions
16535,2011-12-04 15:18:00,1,593.75,356,31,5,0.0,593.75,593.75,United Kingdom,1,5,2,3,523,New Inflow
16536,2011-08-21 15:54:00,1,548.12,250,49,110,-9.95,538.17,548.12,United Kingdom,1,2,2,3,223,Lost / Low-Value
16539,2011-12-07 08:41:00,4,1388.81,477,36,3,0.0,1388.81,347.2025,United Kingdom,1,5,4,4,544,Champions
16542,2011-10-17 10:47:00,1,119.62,46,5,54,0.0,119.62,119.62,United Kingdom,1,3,2,1,321,Needs Attention
16545,2011-06-28 10:37:00,1,339.3,78,3,165,0.0,339.3,339.3,United Kingdom,1,2,2,2,222,Lost / Low-Value
16549,2011-11-29 15:06:00,10,4034.9,2294,445,10,0.0,4034.9,403.49,United Kingdom,1,5,5,5,555,Champions
16550,2011-08-23 11:12:00,5,2298.97,1540,162,109,-32.72,2266.25,459.794,United Kingdom,1,2,4,5,245,At-Risk High-Value
16551,2011-09-05 09:38:00,3,922.12,970,26,96,0.0,922.12,307.37333333333333,United Kingdom,1,2,4,4,244,At-Risk High-Value
16552,2011-04-11 10:04:00,2,379.73,219,17,243,0.0,379.73,189.865,United Kingdom,1,1,3,2,132,Needs Attention
16553,2011-06-29 15:42:00,12,5719.82,4600,62,163,-55.25,5664.57,476.65166666666664,United Kingdom,1,2,5,5,255,At-Risk High-Value
16554,2011-10-28 14:51:00,3,837.1,402,51,42,-195.55,641.55,279.03333333333336,United Kingdom,1,3,4,3,343,Loyal Customers
16555,2011-11-04 14:31:00,2,285.89,175,15,35,0.0,285.89,142.945,United Kingdom,1,3,3,2,332,Loyal Customers
16556,2011-10-04 11:36:00,7,3313.79,1890,144,67,0.0,3313.79,473.3985714285714,United Kingdom,1,3,5,5,355,Loyal Customers
16557,2011-11-15 14:04:00,2,281.85,111,11,24,0.0,281.85,140.925,United Kingdom,1,4,3,2,432,Loyal Customers
16558,2011-12-09 10:20:00,20,8338.49,5377,264,1,-81.45,8257.039999999999,416.92449999999997,United Kingdom,1,5,5,5,555,Champions
16560,2011-11-13 10:35:00,2,841.41,500,52,27,-24.9,816.51,420.705,United Kingdom,1,4,3,3,433,Loyal Customers
16561,2011-12-04 11:50:00,2,511.12,244,29,6,0.0,511.12,255.56,United Kingdom,1,5,3,3,533,Loyal Customers
16563,2011-10-17 11:51:00,1,1077.74,486,19,54,0.0,1077.74,1077.74,United Kingdom,1,3,2,4,324,Needs Attention
16565,2010-12-10 15:21:00,1,173.7,46,3,364,0.0,173.7,173.7,United Kingdom,1,1,2,1,121,Lost / Low-Value
16566,2011-11-24 16:34:00,5,614.66,362,14,15,-0.65,614.01,122.93199999999999,United Kingdom,1,4,4,3,443,Loyal Customers
16567,2011-05-29 13:57:00,2,865.6,996,34,194,0.0,865.6,432.8,United Kingdom,1,1,3,3,133,At-Risk High-Value
16569,2011-12-06 15:32:00,1,124.2,93,5,3,0.0,124.2,124.2,United Kingdom,1,5,2,1,521,New Inflow
16570,2011-11-24 17:02:00,10,3738.4,2112,68,15,-115.45,3622.9500000000003,373.84000000000003,United Kingdom,1,4,5,5,455,Champions
16571,2011-11-13 11:46:00,3,1421.69,1239,73,27,-136.47,1285.22,473.8966666666667,United Kingdom,1,4,4,4,444,Champions
16572,2011-08-04 16:34:00,3,1009.6,532,40,127,-9.9,999.7,336.53333333333336,United Kingdom,1,2,4,4,244,At-Risk High-Value
16573,2011-09-16 09:13:00,2,663.61,360,40,85,-15.2,648.41,331.805,United Kingdom,1,2,3,3,233,At-Risk High-Value
16574,2011-09-29 13:39:00,1,451.44,416,28,71,0.0,451.44,451.44,United Kingdom,1,3,2,2,322,Needs Attention
16581,2011-06-10 10:05:00,1,105.84,134,9,183,-35.400000000000006,70.44,105.84,United Kingdom,1,1,2,1,121,Lost / Low-Value
16582,2011-08-18 17:02:00,1,313.62,164,6,113,0.0,313.62,313.62,United Kingdom,1,2,2,2,222,Lost / Low-Value
16583,2010-12-01 12:03:00,1,233.45,111,14,374,0.0,233.45,233.45,United Kingdom,1,1,2,1,121,Lost / Low-Value
16584,2011-09-20 13:45:00,2,936.08,646,25,80,-28.049999999999997,908.0300000000001,468.04,United Kingdom,1,2,3,3,233,At-Risk High-Value
16586,2011-04-05 09:32:00,1,463.95,95,8,249,0.0,463.95,463.95,United Kingdom,1,1,2,2,122,Lost / Low-Value
16587,2011-04-21 15:51:00,1,225.15,71,13,232,0.0,225.15,225.15,United Kingdom,1,1,2,1,121,Lost / Low-Value
16589,2011-09-29 14:50:00,3,459.24,368,31,71,0.0,459.24,153.08,United Kingdom,1,3,4,2,342,Loyal Customers
16591,2011-10-02 10:43:00,1,213.5,41,10,69,0.0,213.5,213.5,United Kingdom,1,3,2,1,321,Needs Attention
16592,2011-12-05 13:49:00,16,4113.68,2927,142,4,-40.4,4073.28,257.105,United Kingdom,1,5,5,5,555,Champions
16593,2011-10-20 12:41:00,3,330.03,116,24,51,0.0,330.03,110.00999999999999,United Kingdom,1,3,4,2,342,Loyal Customers
16594,2011-09-25 14:08:00,1,181.09,64,53,75,0.0,181.09,181.09,United Kingdom,1,2,2,1,221,Lost / Low-Value
16595,2011-10-09 13:15:00,1,360.16,335,83,61,0.0,360.16,360.16,United Kingdom,1,3,2,2,322,Needs Attention
16596,2011-11-24 10:02:00,2,250.15,97,12,16,0.0,250.15,125.075,United Kingdom,1,4,3,2,432,Loyal Customers
16597,2011-12-05 15:44:00,1,90.04,184,7,4,0.0,90.04,90.04,United Kingdom,1,5,2,1,521,New Inflow
16598,2011-02-27 11:42:00,1,145.05,73,10,286,-4.35,140.70000000000002,145.05,United Kingdom,1,1,2,1,121,Lost / Low-Value
16600,2011-12-05 16:00:00,6,813.52,1145,50,4,0.0,813.52,135.58666666666667,United Kingdom,1,5,5,3,553,Loyal Customers
16601,2011-10-30 11:09:00,1,241.53,130,28,41,0.0,241.53,241.53,United Kingdom,1,3,2,1,321,Needs Attention
16602,2011-11-03 15:54:00,1,528.08,336,29,36,-33.35,494.73,528.08,United Kingdom,1,3,2,3,323,Needs Attention
16603,2011-09-26 10:06:00,2,482.47,480,34,75,0.0,482.47,241.235,United Kingdom,1,2,3,3,233,At-Risk High-Value
16607,2011-11-22 10:24:00,14,3347.71,2859,140,18,-309.04,3038.67,239.12214285714285,United Kingdom,1,4,5,5,455,Champions
16609,2011-11-24 13:32:00,7,5493.46,2420,155,15,-42.5,5450.96,784.78,United Kingdom,1,4,5,5,455,Champions
16610,2011-05-04 13:13:00,1,75.66,66,6,219,0.0,75.66,75.66,United Kingdom,1,1,2,1,121,Lost / Low-Value
16611,2011-06-06 15:46:00,1,129.49,47,9,186,-8.5,120.99000000000001,129.49,United Kingdom,1,1,2,1,121,Lost / Low-Value
16612,2011-11-07 07:38:00,4,1187.66,506,48,33,0.0,1187.66,296.915,United Kingdom,1,3,4,4,344,Loyal Customers
16613,2011-09-30 15:52:00,1,618.59,293,30,70,0.0,618.59,618.59,United Kingdom,1,3,2,3,323,Needs Attention
16614,2011-06-10 11:36:00,1,506.19,223,26,183,0.0,506.19,506.19,United Kingdom,1,1,2,3,123,Lost / Low-Value
16616,2011-11-24 16:31:00,2,500.42,370,31,15,0.0,500.42,250.21,United Kingdom,1,4,3,3,433,Loyal Customers
16617,2011-04-18 10:35:00,1,151.85,91,5,236,0.0,151.85,151.85,United Kingdom,1,1,2,1,121,Lost / Low-Value
16618,2011-11-08 13:52:00,5,2647.59,1363,79,31,-16.95,2630.6400000000003,529.518,United Kingdom,1,4,4,5,445,Champions
16619,2011-03-21 08:18:00,1,226.21,133,14,264,-21.8,204.41,226.21,United Kingdom,1,1,2,1,121,Lost / Low-Value
16620,2011-12-06 12:19:00,2,178.96,88,9,4,0.0,178.96,89.48,United Kingdom,1,5,3,1,531,Loyal Customers
16621,2011-10-19 11:38:00,4,813.48,302,22,52,0.0,813.48,203.37,United Kingdom,1,3,4,3,343,Loyal Customers
16623,2011-04-08 10:09:00,1,129.45000000000002,39,5,246,0.0,129.45000000000002,129.45000000000002,United Kingdom,1,1,2,1,121,Lost / Low-Value
16624,2011-09-20 12:39:00,2,810.57,488,44,81,0.0,810.57,405.285,United Kingdom,1,2,3,3,233,At-Risk High-Value
16625,2011-03-10 12:50:00,1,333.08,164,23,275,0.0,333.08,333.08,United Kingdom,1,1,2,2,122,Lost / Low-Value
16626,2011-12-09 11:56:00,17,4413.1,2690,86,1,-33.45,4379.650000000001,259.59411764705885,United Kingdom,1,5,5,5,555,Champions
16627,2011-09-21 14:38:00,1,322.8,162,20,79,0.0,322.8,322.8,United Kingdom,1,2,2,2,222,Lost / Low-Value
16628,2011-11-10 12:45:00,5,2188.05,1205,79,30,-5.01,2183.04,437.61,United Kingdom,1,4,4,5,445,Champions
16629,2011-09-27 10:34:00,2,408.63,489,58,74,0.0,408.63,204.315,United Kingdom,1,2,3,2,232,Needs Attention
16633,2011-11-22 13:41:00,6,2883.1,1138,115,17,-4.95,2878.15,480.51666666666665,United Kingdom,1,4,5,5,455,Champions
16634,2011-05-01 12:09:00,2,217.9,82,9,223,0.0,217.9,108.95,United Kingdom,1,1,3,1,131,Needs Attention
16637,2011-11-07 13:17:00,4,1154.47,927,66,32,-29.880000000000003,1124.59,288.6175,United Kingdom,1,4,4,4,444,Champions
16638,2011-11-17 11:09:00,10,1680.72,1255,92,23,-4.25,1676.47,168.072,United Kingdom,1,4,5,4,454,Champions
16639,2011-11-08 13:20:00,3,1257.51,510,48,31,-88.13000000000001,1169.3799999999999,419.17,United Kingdom,1,4,4,4,444,Champions
16641,2011-08-26 12:49:00,1,231.1,256,12,106,0.0,231.1,231.1,United Kingdom,1,2,2,1,221,Lost / Low-Value
16642,2011-12-05 11:31:00,2,688.33,479,32,5,-8.5,679.83,344.165,United Kingdom,1,5,3,3,533,Loyal Customers
16643,2011-04-08 08:24:00,1,487.51,269,27,246,0.0,487.51,487.51,United Kingdom,1,1,2,3,123,Lost / Low-Value
16644,2011-06-15 12:39:00,2,833.78,826,62,178,0.0,833.78,416.89,United Kingdom,1,2,3,3,233,At-Risk High-Value
16647,2011-06-23 11:47:00,2,214.06,146,12,170,0.0,214.06,107.03,United Kingdom,1,2,3,1,231,Needs Attention
16648,2011-10-28 08:58:00,1,290.66,281,19,43,-19.8,270.86,290.66,United Kingdom,1,3,2,2,322,Needs Attention
16650,2011-09-29 09:51:00,1,518.42,372,24,72,0.0,518.42,518.42,United Kingdom,1,2,2,3,223,Lost / Low-Value
16652,2011-10-12 09:38:00,7,6773.97,3283,74,59,-119.71000000000001,6654.26,967.71,United Kingdom,1,3,5,5,355,Loyal Customers
16653,2011-11-23 14:51:00,2,1212.66,733,67,16,-45.74,1166.92,606.33,United Kingdom,1,4,3,4,434,Loyal Customers
16654,2011-07-21 15:23:00,4,601.27,282,29,141,-6.3,594.97,150.3175,United Kingdom,1,2,4,3,243,At-Risk High-Value
16655,2011-11-22 11:25:00,6,3789.52,2363,208,18,0.0,3789.52,631.5866666666667,United Kingdom,1,4,5,5,455,Champions
16656,2011-11-17 14:43:00,15,8625.8,8894,14,22,-57.56,8568.24,575.0533333333333,United Kingdom,1,4,5,5,455,Champions
16657,2011-11-30 11:48:00,4,874.43,1130,158,10,0.0,874.43,218.6075,United Kingdom,1,5,4,3,543,Loyal Customers
16658,2010-12-06 13:47:00,1,123.24,40,8,368,0.0,123.24,123.24,United Kingdom,1,1,2,1,121,Lost / Low-Value
16659,2011-06-03 15:03:00,1,39.12,72,2,189,0.0,39.12,39.12,United Kingdom,1,1,2,1,121,Lost / Low-Value
16660,2011-11-23 14:53:00,4,1267.65,571,16,16,-457.2,810.45,316.9125,United Kingdom,1,4,4,3,443,Loyal Customers
16665,2010-12-12 14:03:00,1,135.4,59,9,362,0.0,135.4,135.4,United Kingdom,1,1,2,1,121,Lost / Low-Value
16666,2011-11-20 14:01:00,1,118.98,233,32,19,0.0,118.98,118.98,United Kingdom,1,4,2,1,421,New Inflow
16667,2011-10-02 15:26:00,2,567.1800000000001,236,52,68,0.0,567.1800000000001,283.59000000000003,United Kingdom,1,3,3,3,333,Loyal Customers
16668,2011-11-24 17:43:00,6,306.72,318,9,15,0.0,306.72,51.120000000000005,United Kingdom,1,4,5,2,452,Loyal Customers
16669,2011-11-16 12:26:00,2,1344.48,871,140,24,0.0,1344.48,672.24,United Kingdom,1,4,3,4,434,Loyal Customers
16670,2011-11-23 09:34:00,11,4095.9,2556,179,17,-73.44,4022.46,372.3545454545455,United Kingdom,1,4,5,5,455,Champions
16671,2011-11-11 13:40:00,3,1692.27,875,3,28,0.0,1692.27,564.09,United Kingdom,1,4,4,4,444,Champions
16672,2011-12-07 16:29:00,20,8134.9400000000005,2832,22,2,-15.25,8119.6900000000005,406.747,United Kingdom,1,5,5,5,555,Champions
16674,2011-10-16 11:31:00,2,304.24,181,89,55,0.0,304.24,152.12,United Kingdom,1,3,3,2,332,Loyal Customers
16676,2011-11-06 12:01:00,4,1592.12,636,75,34,-33.4,1558.7199999999998,398.03,United Kingdom,1,3,4,4,344,Loyal Customers
16678,2011-12-07 12:17:00,12,3109.99,2397,92,3,-84.75,3025.24,259.1658333333333,United Kingdom,1,5,5,5,555,Champions
16679,2010-12-08 13:51:00,1,129.75,29,3,366,0.0,129.75,129.75,United Kingdom,1,1,2,1,121,Lost / Low-Value
16680,2011-10-27 17:35:00,1,183.7,94,10,43,0.0,183.7,183.7,United Kingdom,1,3,2,1,321,Needs Attention
16681,2011-09-28 11:11:00,6,1770.3400000000001,1407,18,73,0.0,1770.3400000000001,295.0566666666667,United Kingdom,1,2,5,4,254,At-Risk High-Value
16682,2011-12-05 12:13:00,5,1028.0,1040,15,5,0.0,1028.0,205.6,United Kingdom,1,5,4,4,544,Champions
16684,2011-12-05 14:06:00,28,66653.56,50255,119,4,-733.4399999999999,65920.12,2380.4842857142858,United Kingdom,1,5,5,5,555,Champions
16685,2011-10-09 13:58:00,2,324.24,396,60,61,0.0,324.24,162.12,United Kingdom,1,3,3,2,332,Loyal Customers
16686,2011-10-23 13:49:00,7,2959.88,1977,406,47,-19.35,2940.53,422.84000000000003,United Kingdom,1,3,5,5,355,Loyal Customers
16688,2011-12-08 15:24:00,4,1260.8600000000001,804,52,1,0.0,1260.8600000000001,315.21500000000003,United Kingdom,1,5,4,4,544,Champions
16689,2011-09-25 11:39:00,2,422.6,330,12,76,-67.5,355.1,211.3,United Kingdom,1,2,3,2,232,Needs Attention
16690,2011-09-28 15:02:00,2,225.58,138,10,72,-16.95,208.63000000000002,112.79,United Kingdom,1,2,3,1,231,Needs Attention
16692,2011-03-28 14:46:00,2,1126.0,151,1,256,0.0,1126.0,563.0,United Kingdom,1,1,3,4,134,At-Risk High-Value
16693,2011-10-02 11:10:00,2,477.86,203,58,69,0.0,477.86,238.93,United Kingdom,1,3,3,3,333,Loyal Customers
16696,2011-07-27 14:23:00,4,657.9,146,7,135,0.0,657.9,164.475,United Kingdom,1,2,4,3,243,At-Risk High-Value
16697,2011-04-12 17:12:00,1,112.75,27,20,241,0.0,112.75,112.75,United Kingdom,1,1,2,1,121,Lost / Low-Value
16698,2011-04-27 10:52:00,2,1998.0,840,4,227,0.0,1998.0,999.0,United Kingdom,1,1,3,4,134,At-Risk High-Value
16700,2011-12-01 11:00:00,13,5076.55,4024,159,9,-36.55,5040.0,390.50384615384615,United Kingdom,1,5,5,5,555,Champions
16701,2011-12-01 11:10:00,13,5398.3,6393,99,9,-248.02999999999997,5150.27,415.25384615384615,United Kingdom,1,5,5,5,555,Champions
16705,2011-12-09 12:08:00,20,14034.99,5476,133,1,-88.86,13946.13,701.7495,United Kingdom,1,5,5,5,555,Champions
16706,2011-11-02 13:50:00,3,531.35,249,108,37,0.0,531.35,177.11666666666667,United Kingdom,1,3,4,3,343,Loyal Customers
16708,2011-10-25 12:20:00,1,656.63,285,27,46,0.0,656.63,656.63,United Kingdom,1,3,2,3,323,Needs Attention
16709,2011-09-16 10:56:00,5,3029.87,851,64,85,0.0,3029.87,605.9739999999999,United Kingdom,1,2,4,5,245,At-Risk High-Value
16710,2011-11-20 14:50:00,10,2467.9900000000002,1823,268,19,0.0,2467.9900000000002,246.79900000000004,United Kingdom,1,4,5,5,455,Champions
16711,2011-12-06 16:32:00,5,1651.03,833,18,3,0.0,1651.03,330.206,United Kingdom,1,5,4,4,544,Champions
16712,2011-11-30 13:48:00,11,3603.66,1727,258,9,0.0,3603.66,327.6054545454545,United Kingdom,1,5,5,5,555,Champions
16713,2011-11-21 12:36:00,15,6910.78,4271,338,19,-82.9,6827.88,460.71866666666665,United Kingdom,1,4,5,5,455,Champions
16714,2011-01-26 13:46:00,2,1114.06,588,76,317,-250.0,864.06,557.03,United Kingdom,1,1,3,3,133,At-Risk High-Value
16715,2011-09-22 18:15:00,1,301.71999999999997,642,19,78,0.0,301.71999999999997,301.71999999999997,United Kingdom,1,2,2,2,222,Lost / Low-Value
16716,2011-03-18 10:03:00,2,901.2,120,1,267,-581.4,319.80000000000007,450.6,United Kingdom,1,1,3,2,132,Needs Attention
16717,2011-11-16 12:16:00,6,3843.08,1860,176,24,-580.02,3263.06,640.5133333333333,United Kingdom,1,4,5,5,455,Champions
16718,2010-12-05 13:03:00,1,606.0500000000001,407,41,369,0.0,606.0500000000001,606.0500000000001,United Kingdom,1,1,2,3,123,Lost / Low-Value
16719,2011-11-25 09:27:00,7,1770.22,1175,107,15,-16.5,1753.72,252.88857142857142,United Kingdom,1,4,5,4,454,Champions
16720,2011-11-13 16:22:00,1,152.95,180,25,26,0.0,152.95,152.95,United Kingdom,1,4,2,1,421,New Inflow
16721,2011-03-22 16:08:00,1,292.47,172,37,262,0.0,292.47,292.47,United Kingdom,1,1,2,2,122,Lost / Low-Value
16722,2011-11-22 13:28:00,13,4730.81,5001,96,17,-19.6,4711.21,363.90846153846155,United Kingdom,1,4,5,5,455,Champions
16723,2011-09-09 13:01:00,2,576.4,398,37,91,0.0,576.4,288.2,United Kingdom,1,2,3,3,233,At-Risk High-Value
16725,2011-02-10 16:52:00,6,756.82,287,109,302,-5.95,750.87,126.13666666666667,United Kingdom,1,1,5,3,153,At-Risk High-Value
16726,2011-11-13 14:53:00,5,1358.74,945,121,26,0.0,1358.74,271.748,United Kingdom,1,4,4,4,444,Champions
16727,2010-12-10 13:48:00,1,256.32,167,41,364,0.0,256.32,256.32,United Kingdom,1,1,2,2,122,Lost / Low-Value
16728,2011-10-24 14:36:00,4,1048.28,671,218,46,0.0,1048.28,262.07,United Kingdom,1,3,4,4,344,Loyal Customers
16729,2011-11-01 14:29:00,21,7202.01,5718,233,38,-156.6,7045.41,342.95285714285717,United Kingdom,1,3,5,5,355,Loyal Customers
16730,2011-10-18 14:11:00,3,743.11,994,75,52,-40.32,702.79,247.70333333333335,United Kingdom,1,3,4,3,343,Loyal Customers
16732,2011-11-08 09:54:00,1,603.75,317,28,32,0.0,603.75,603.75,United Kingdom,1,4,2,3,423,New Inflow
16734,2011-10-18 13:44:00,3,646.76,345,44,52,0.0,646.76,215.58666666666667,United Kingdom,1,3,4,3,343,Loyal Customers
16735,2011-09-22 11:49:00,5,2247.41,1532,88,79,-31.35,2216.06,449.48199999999997,United Kingdom,1,2,4,5,245,At-Risk High-Value
16737,2011-10-17 13:03:00,1,417.6,288,1,53,0.0,417.6,417.6,United Kingdom,1,3,2,2,322,Needs Attention
16738,2011-02-15 09:46:00,1,3.75,3,1,298,0.0,3.75,3.75,United Kingdom,1,1,2,1,121,Lost / Low-Value
16739,2011-06-16 09:17:00,1,323.0,172,13,177,-10.45,312.55,323.0,United Kingdom,1,2,2,2,222,Lost / Low-Value
16743,2011-11-10 13:13:00,7,2213.13,2035,89,29,-46.25,2166.88,316.1614285714286,United Kingdom,1,4,5,5,455,Champions
16744,2011-11-28 13:06:00,7,1291.91,798,198,11,0.0,1291.91,184.55857142857144,United Kingdom,1,5,5,4,554,Champions
16745,2011-09-14 11:58:00,17,7180.7,6719,148,87,-23.6,7157.099999999999,422.3941176470588,United Kingdom,1,2,5,5,255,At-Risk High-Value
16746,2011-12-05 12:33:00,18,6680.11,4660,234,5,-3.3499999999999996,6676.759999999999,371.1172222222222,United Kingdom,1,5,5,5,555,Champions
16747,2011-11-02 11:37:00,2,836.0600000000001,583,34,38,-9.1,826.96,418.03000000000003,United Kingdom,1,3,3,3,333,Loyal Customers
16748,2011-11-22 10:17:00,5,1515.9,880,42,18,0.0,1515.9,303.18,United Kingdom,1,4,4,4,444,Champions
16750,2011-10-26 12:48:00,5,623.93,214,74,45,0.0,623.93,124.78599999999999,United Kingdom,1,3,4,3,343,Loyal Customers
16751,2011-11-09 10:48:00,1,1764.72,1031,24,31,0.0,1764.72,1764.72,United Kingdom,1,4,2,4,424,New Inflow
16752,2010-12-02 12:18:00,1,207.5,54,9,373,0.0,207.5,207.5,United Kingdom,1,1,2,1,121,Lost / Low-Value
16753,2011-10-12 13:14:00,1,223.92000000000002,189,34,58,0.0,223.92000000000002,223.92000000000002,United Kingdom,1,3,2,1,321,Needs Attention
16754,2010-12-02 17:38:00,1,2002.4,4280,2,372,0.0,2002.4,2002.4,United Kingdom,1,1,2,5,125,Lost / Low-Value
16755,2011-08-17 13:21:00,3,1475.43,1058,133,114,-12.2,1463.23,491.81,United Kingdom,1,2,4,4,244,At-Risk High-Value
16756,2011-05-09 09:33:00,1,239.4,106,13,215,0.0,239.4,239.4,United Kingdom,1,1,2,1,121,Lost / Low-Value
16757,2011-01-25 11:59:00,1,106.83000000000001,81,7,319,0.0,106.83000000000001,106.83000000000001,United Kingdom,1,1,2,1,121,Lost / Low-Value
16758,2011-10-05 14:47:00,1,369.34000000000003,203,22,65,0.0,369.34000000000003,369.34000000000003,United Kingdom,1,3,2,2,322,Needs Attention
16759,2011-12-02 12:42:00,3,789.79,609,40,8,-16.95,772.8399999999999,263.2633333333333,United Kingdom,1,5,4,3,543,Loyal Customers
16761,2011-09-04 11:15:00,1,316.62,341,13,97,0.0,316.62,316.62,United Kingdom,1,2,2,2,222,Lost / Low-Value
16762,2011-11-20 11:43:00,3,1207.24,480,51,20,0.0,1207.24,402.41333333333336,United Kingdom,1,4,4,4,444,Champions
16763,2011-05-25 11:52:00,1,611.8499999999999,319,23,199,-16.95,594.8999999999999,611.8499999999999,United Kingdom,1,1,2,3,123,Lost / Low-Value
16764,2011-12-06 11:41:00,13,2790.9500000000003,1253,209,4,-41.0,2749.9500000000003,214.68846153846155,United Kingdom,1,5,5,5,555,Champions
16765,2011-02-18 15:41:00,1,34.0,4,1,294,0.0,34.0,34.0,United Kingdom,1,1,2,1,121,Lost / Low-Value
16766,2011-03-11 15:22:00,2,1145.6,536,17,273,0.0,1145.6,572.8,United Kingdom,1,1,3,4,134,At-Risk High-Value
16767,2011-11-09 09:42:00,11,5575.56,4423,148,31,0.0,5575.56,506.86909090909097,United Kingdom,1,4,5,5,455,Champions
16768,2011-10-23 10:38:00,3,478.09000000000003,196,47,48,-20.05,458.04,159.36333333333334,United Kingdom,1,3,4,2,342,Loyal Customers
16769,2011-03-24 13:41:00,1,361.54,80,33,260,0.0,361.54,361.54,United Kingdom,1,1,2,2,122,Lost / Low-Value
16770,2011-10-13 12:21:00,5,757.1,456,116,58,-25.200000000000003,731.9,151.42000000000002,United Kingdom,1,3,4,3,343,Loyal Customers
16771,2011-11-06 13:28:00,5,2230.61,1475,199,33,0.0,2230.61,446.122,United Kingdom,1,3,4,5,345,Loyal Customers
16773,2011-10-13 14:37:00,1,171.59,171,23,57,0.0,171.59,171.59,United Kingdom,1,3,2,1,321,Needs Attention
16774,2011-10-03 12:41:00,4,661.52,322,36,68,-6.6,654.92,165.38,United Kingdom,1,3,4,3,343,Loyal Customers
16775,2011-11-29 15:22:00,11,1691.51,439,84,10,0.0,1691.51,153.77363636363637,United Kingdom,1,5,5,4,554,Champions
16776,2011-10-10 13:04:00,1,371.54,254,61,60,0.0,371.54,371.54,United Kingdom,1,3,2,2,322,Needs Attention
16777,2011-09-20 13:41:00,2,222.62,62,45,80,0.0,222.62,111.31,United Kingdom,1,2,3,1,231,Needs Attention
16778,2011-09-26 13:48:00,2,245.94,194,16,74,0.0,245.94,122.97,United Kingdom,1,2,3,2,232,Needs Attention
16779,2011-12-07 14:54:00,22,10611.72,5301,161,2,-175.67000000000002,10436.05,482.35090909090906,United Kingdom,1,5,5,5,555,Champions
16780,2011-08-31 16:09:00,2,422.24,270,51,100,0.0,422.24,211.12,United Kingdom,1,2,3,2,232,Needs Attention
16781,2010-12-02 14:26:00,1,311.25,113,17,372,-16.599999999999998,294.65,311.25,United Kingdom,1,1,2,2,122,Lost / Low-Value
16782,2011-11-29 13:20:00,13,2267.9500000000003,705,103,10,-37.65,2230.3,174.45769230769233,United Kingdom,1,5,5,5,555,Champions
16784,2011-11-20 12:20:00,1,107.6,24,3,20,0.0,107.6,107.6,United Kingdom,1,4,2,1,421,New Inflow
16788,2011-08-08 14:53:00,2,592.74,303,137,123,0.0,592.74,296.37,United Kingdom,1,2,3,3,233,At-Risk High-Value
16789,2011-12-01 15:12:00,1,80.80000000000001,32,5,8,0.0,80.80000000000001,80.80000000000001,United Kingdom,1,5,2,1,521,New Inflow
16790,2011-12-06 11:53:00,6,1545.6200000000001,898,88,4,-25.5,1520.1200000000001,257.60333333333335,United Kingdom,1,5,5,4,554,Champions
16791,2011-11-10 19:12:00,7,1693.03,756,217,29,-15.5,1677.53,241.86142857142858,United Kingdom,1,4,5,4,454,Champions
16792,2011-03-02 14:41:00,2,110.38,44,11,282,0.0,110.38,55.19,United Kingdom,1,1,3,1,131,Needs Attention
16793,2011-10-13 15:08:00,1,243.84,146,16,57,0.0,243.84,243.84,United Kingdom,1,3,2,2,322,Needs Attention
16794,2011-12-08 17:54:00,10,1194.48,922,141,1,-21.2,1173.28,119.44800000000001,United Kingdom,1,5,5,4,554,Champions
16795,2010-12-09 14:08:00,1,414.88,239,64,365,0.0,414.88,414.88,United Kingdom,1,1,2,2,122,Lost / Low-Value
16796,2011-09-11 14:01:00,1,305.62,186,18,89,0.0,305.62,305.62,United Kingdom,1,2,2,2,222,Lost / Low-Value
16800,2011-11-28 14:06:00,1,1162.65,524,148,11,0.0,1162.65,1162.65,United Kingdom,1,5,2,4,524,New Inflow
16801,2011-06-29 15:33:00,4,1594.23,493,72,163,-751.9,842.33,398.5575,United Kingdom,1,2,4,3,243,At-Risk High-Value
16803,2011-10-05 14:28:00,1,332.3,245,24,65,0.0,332.3,332.3,United Kingdom,1,3,2,2,322,Needs Attention
16804,2011-11-16 16:43:00,3,536.99,246,59,23,0.0,536.99,178.99666666666667,United Kingdom,1,4,4,3,443,Loyal Customers
16805,2011-06-19 11:23:00,2,460.59000000000003,539,94,174,0.0,460.59000000000003,230.29500000000002,United Kingdom,1,2,3,2,232,Needs Attention
16806,2011-08-28 15:27:00,4,736.21,355,67,103,0.0,736.21,184.0525,United Kingdom,1,2,4,3,243,At-Risk High-Value
16807,2011-07-20 12:00:00,3,1121.59,778,57,143,0.0,1121.59,373.8633333333333,United Kingdom,1,2,4,4,244,At-Risk High-Value
16808,2011-09-01 19:34:00,2,288.42,196,21,99,0.0,288.42,144.21,United Kingdom,1,2,3,2,232,Needs Attention
16809,2011-11-16 15:45:00,5,914.69,652,79,23,-1.95,912.74,182.93800000000002,United Kingdom,1,4,4,4,444,Champions
16810,2011-05-31 15:32:00,1,309.54,114,15,192,-33.9,275.64000000000004,309.54,United Kingdom,1,1,2,2,122,Lost / Low-Value
16811,2011-12-05 11:39:00,2,547.07,477,26,5,0.0,547.07,273.535,United Kingdom,1,5,3,3,533,Loyal Customers
16812,2010-12-14 12:35:00,1,479.35,81,15,361,0.0,479.35,479.35,United Kingdom,1,1,2,3,123,Lost / Low-Value
16813,2011-12-01 14:03:00,10,1652.18,1501,248,8,0.0,1652.18,165.21800000000002,United Kingdom,1,5,5,4,554,Champions
16814,2011-11-25 13:27:00,21,6406.8,2691,121,14,-8.5,6398.3,305.0857142857143,United Kingdom,1,4,5,5,455,Champions
16816,2011-08-28 14:16:00,4,417.06,274,28,103,0.0,417.06,104.265,United Kingdom,1,2,4,2,242,Needs Attention
16817,2011-12-07 11:03:00,9,1604.75,822,73,3,-157.8,1446.95,178.30555555555554,United Kingdom,1,5,5,4,554,Champions
16818,2011-11-29 10:41:00,11,3349.57,2164,172,11,-31.599999999999998,3317.9700000000003,304.50636363636363,United Kingdom,1,5,5,5,555,Champions
16820,2011-09-05 12:06:00,1,497.61,307,26,96,0.0,497.61,497.61,United Kingdom,1,2,2,3,223,Lost / Low-Value
16823,2011-04-26 15:00:00,1,358.38,136,34,227,0.0,358.38,358.38,United Kingdom,1,1,2,2,122,Lost / Low-Value
16824,2011-11-24 12:38:00,2,460.64,236,23,16,0.0,460.64,230.32,United Kingdom,1,4,3,2,432,Loyal Customers
16825,2011-11-01 11:51:00,2,775.18,566,27,39,0.0,775.18,387.59,United Kingdom,1,3,3,3,333,Loyal Customers
16826,2011-10-19 14:05:00,1,341.7,158,22,51,0.0,341.7,341.7,United Kingdom,1,3,2,2,322,Needs Attention
16828,2011-08-19 13:24:00,1,113.5,58,7,112,0.0,113.5,113.5,United Kingdom,1,2,2,1,221,Lost / Low-Value
16829,2011-07-06 10:48:00,1,197.22,99,11,157,0.0,197.22,197.22,United Kingdom,1,2,2,1,221,Lost / Low-Value
16830,2011-11-01 11:35:00,1,325.91,264,23,39,0.0,325.91,325.91,United Kingdom,1,3,2,2,322,Needs Attention
16832,2011-06-08 15:36:00,3,199.15,33,11,184,0.0,199.15,66.38333333333334,United Kingdom,1,1,4,1,141,Needs Attention
16833,2011-12-08 14:39:00,4,1106.53,440,46,1,0.0,1106.53,276.6325,United Kingdom,1,5,4,4,544,Champions
16834,2011-04-26 09:37:00,1,413.46,358,24,228,0.0,413.46,413.46,United Kingdom,1,1,2,2,122,Lost / Low-Value
16835,2011-08-03 13:50:00,2,180.85,61,10,128,0.0,180.85,90.425,United Kingdom,1,2,3,1,231,Needs Attention
16836,2011-10-31 10:05:00,2,251.87,165,11,40,0.0,251.87,125.935,United Kingdom,1,3,3,2,332,Loyal Customers
16837,2011-11-08 14:27:00,11,3170.98,1563,123,31,-3.25,3167.73,288.2709090909091,United Kingdom,1,4,5,5,455,Champions
16838,2011-05-26 13:13:00,2,588.85,185,24,197,-5.95,582.9,294.425,United Kingdom,1,1,3,3,133,At-Risk High-Value
16839,2011-12-01 09:03:00,34,16594.35,8975,114,9,-1232.07,15362.279999999999,488.06911764705876,United Kingdom,1,5,5,5,555,Champions
16841,2011-11-03 11:51:00,6,1869.82,2250,101,37,-95.2,1774.62,311.63666666666666,United Kingdom,1,3,5,4,354,Loyal Customers
16842,2011-08-31 10:42:00,3,1264.19,693,45,101,-3.75,1260.44,421.3966666666667,United Kingdom,1,2,4,4,244,At-Risk High-Value
16843,2011-10-28 09:06:00,16,10196.57,10159,226,43,-12.75,10183.82,637.285625,United Kingdom,1,3,5,5,355,Loyal Customers
16846,2011-10-20 13:55:00,1,214.32,135,11,50,0.0,214.32,214.32,United Kingdom,1,3,2,1,321,Needs Attention
16847,2011-10-27 13:29:00,1,193.44,78,12,43,0.0,193.44,193.44,United Kingdom,1,3,2,1,321,Needs Attention
16848,2011-10-18 08:42:00,1,281.42,182,14,53,0.0,281.42,281.42,United Kingdom,1,3,2,2,322,Needs Attention
16849,2011-06-06 09:16:00,1,124.57,33,8,187,0.0,124.57,124.57,United Kingdom,1,1,2,1,121,Lost / Low-Value
16850,2011-01-10 11:09:00,1,332.41,249,19,334,0.0,332.41,332.41,United Kingdom,1,1,2,2,122,Lost / Low-Value
16851,2011-12-05 13:32:00,3,342.45,271,17,4,0.0,342.45,114.14999999999999,United Kingdom,1,5,4,2,542,Loyal Customers
16852,2011-11-29 13:22:00,2,144.91,56,9,10,0.0,144.91,72.455,United Kingdom,1,5,3,1,531,Loyal Customers
16855,2011-11-16 12:03:00,2,328.40000000000003,164,19,24,0.0,328.40000000000003,164.20000000000002,United Kingdom,1,4,3,2,432,Loyal Customers
16856,2011-11-25 08:59:00,1,35.400000000000006,12,2,15,0.0,35.400000000000006,35.400000000000006,United Kingdom,1,4,2,1,421,New Inflow
16858,2010-12-06 09:52:00,1,375.69000000000005,91,9,369,-29.8,345.89000000000004,375.69000000000005,United Kingdom,1,1,2,2,122,Lost / Low-Value
16859,2011-07-18 12:19:00,2,747.81,827,50,145,-274.67,473.13999999999993,373.905,United Kingdom,1,2,3,3,233,At-Risk High-Value
16861,2011-10-11 09:05:00,2,173.76,140,6,60,-17.700000000000003,156.06,86.88,United Kingdom,1,3,3,1,331,Loyal Customers
16863,2011-11-08 15:26:00,2,502.8,409,25,31,-21.45,481.35,251.4,United Kingdom,1,4,3,3,433,Loyal Customers
16866,2011-07-22 10:06:00,3,207.74,60,10,141,0.0,207.74,69.24666666666667,United Kingdom,1,2,4,1,241,Needs Attention
16869,2011-11-17 12:02:00,4,817.12,583,113,23,-19.8,797.32,204.28,United Kingdom,1,4,4,3,443,Loyal Customers
16871,2011-11-17 19:27:00,6,2812.34,1253,131,22,-50.849999999999994,2761.4900000000002,468.72333333333336,United Kingdom,1,4,5,5,455,Champions
16872,2011-09-23 16:05:00,3,680.02,600,5,77,0.0,680.02,226.67333333333332,United Kingdom,1,2,4,3,243,At-Risk High-Value
16873,2011-12-05 12:05:00,6,7123.62,3840,179,5,-57.31,7066.3099999999995,1187.27,United Kingdom,1,5,5,5,555,Champions
16875,2011-10-03 13:39:00,5,2095.53,1069,93,67,-72.06,2023.4700000000003,419.10600000000005,United Kingdom,1,3,4,5,345,Loyal Customers
16877,2011-11-27 13:47:00,6,846.62,458,111,12,0.0,846.62,141.10333333333332,United Kingdom,1,5,5,3,553,Loyal Customers
16880,2011-11-09 11:33:00,7,1491.43,746,121,31,0.0,1491.43,213.0614285714286,United Kingdom,1,4,5,4,454,Champions
16881,2011-10-04 10:33:00,1,432.0,600,1,67,0.0,432.0,432.0,United Kingdom,1,3,2,2,322,Needs Attention
16882,2011-10-04 10:42:00,3,705.12,424,39,67,0.0,705.12,235.04,United Kingdom,1,3,4,3,343,Loyal Customers
16883,2011-06-05 12:51:00,2,272.48,103,33,187,0.0,272.48,136.24,United Kingdom,1,1,3,2,132,Needs Attention
16884,2011-11-02 11:52:00,2,429.84,320,26,38,0.0,429.84,214.92,United Kingdom,1,3,3,2,332,Loyal Customers
16885,2011-11-24 13:40:00,3,450.41,178,82,15,0.0,450.41,150.13666666666668,United Kingdom,1,4,4,2,442,Loyal Customers
16887,2011-11-04 14:07:00,1,192.32999999999998,156,35,35,0.0,192.32999999999998,192.32999999999998,United Kingdom,1,3,2,1,321,Needs Attention
16889,2011-05-29 11:05:00,3,1578.67,925,112,195,0.0,1578.67,526.2233333333334,United Kingdom,1,1,4,4,144,At-Risk High-Value
16891,2011-12-08 11:15:00,5,742.43,265,166,2,0.0,742.43,148.486,United Kingdom,1,5,4,3,543,Loyal Customers
16892,2011-12-08 13:18:00,5,518.19,236,87,1,-28.7,489.49000000000007,103.638,United Kingdom,1,5,4,3,543,Loyal Customers
16893,2010-12-08 12:06:00,1,145.93,62,44,367,0.0,145.93,145.93,United Kingdom,1,1,2,1,121,Lost / Low-Value
16895,2011-10-06 12:15:00,1,202.27,91,57,65,0.0,202.27,202.27,United Kingdom,1,3,2,1,321,Needs Attention
16897,2011-02-13 15:02:00,2,289.78,73,37,299,-76.75,213.02999999999997,144.89,United Kingdom,1,1,3,1,131,Needs Attention
16898,2011-11-13 15:44:00,3,501.03000000000003,412,150,26,-64.35,436.68000000000006,167.01000000000002,United Kingdom,1,4,4,2,442,Loyal Customers
16899,2011-12-02 12:03:00,6,1271.06,520,80,8,0.0,1271.06,211.84333333333333,United Kingdom,1,5,5,4,554,Champions
16900,2011-11-23 10:32:00,3,882.16,832,77,17,-12.96,869.1999999999999,294.05333333333334,United Kingdom,1,4,4,3,443,Loyal Customers
16902,2011-08-15 14:17:00,1,1706.88,629,43,116,0.0,1706.88,1706.88,United Kingdom,1,2,2,4,224,Lost / Low-Value
16903,2011-11-10 15:32:00,1,363.2,247,50,29,0.0,363.2,363.2,United Kingdom,1,4,2,2,422,New Inflow
16904,2011-12-05 13:10:00,15,3634.95,1973,385,4,0.0,3634.95,242.32999999999998,United Kingdom,1,5,5,5,555,Champions
16905,2011-12-04 14:01:00,7,3037.6,1381,117,5,-16.95,3020.65,433.9428571428571,United Kingdom,1,5,5,5,555,Champions
16906,2011-09-19 11:49:00,4,559.59,263,74,82,0.0,559.59,139.8975,United Kingdom,1,2,4,3,243,At-Risk High-Value
16907,2011-11-10 18:04:00,5,928.76,286,89,29,0.0,928.76,185.752,United Kingdom,1,4,4,4,444,Champions
16909,2011-09-28 16:45:00,1,379.14,436,18,72,-15.0,364.14,379.14,United Kingdom,1,2,2,2,222,Lost / Low-Value
16910,2011-12-05 12:51:00,8,1508.96,884,318,4,0.0,1508.96,188.62,United Kingdom,1,5,5,4,554,Champions
16912,2011-11-11 12:18:00,11,2555.58,1025,88,29,-39.65,2515.93,232.32545454545453,United Kingdom,1,4,5,5,455,Champions
16913,2011-02-22 12:56:00,1,113.44,82,8,290,0.0,113.44,113.44,United Kingdom,1,1,2,1,121,Lost / Low-Value
16914,2011-11-03 15:27:00,1,183.76,112,25,36,0.0,183.76,183.76,United Kingdom,1,3,2,1,321,Needs Attention
16915,2011-11-30 16:39:00,6,621.6800000000001,132,46,9,0.0,621.6800000000001,103.61333333333334,United Kingdom,1,5,5,3,553,Loyal Customers
16916,2011-11-16 12:08:00,2,562.41,431,129,24,0.0,562.41,281.205,United Kingdom,1,4,3,3,433,Loyal Customers
16917,2011-03-08 11:55:00,1,391.52,232,9,277,0.0,391.52,391.52,United Kingdom,1,1,2,2,122,Lost / Low-Value
16918,2011-10-21 12:50:00,6,1068.82,721,97,50,-25.479999999999997,1043.34,178.13666666666666,United Kingdom,1,3,5,4,354,Loyal Customers
16919,2011-07-06 13:35:00,11,2592.25,1403,141,156,0.0,2592.25,235.6590909090909,United Kingdom,1,2,5,5,255,At-Risk High-Value
16921,2011-10-09 16:22:00,1,154.18,154,50,61,0.0,154.18,154.18,United Kingdom,1,3,2,1,321,Needs Attention
16923,2011-11-27 13:00:00,19,7069.08,3344,313,12,-580.78,6488.3,372.0568421052632,United Kingdom,1,5,5,5,555,Champions
16924,2011-11-18 12:53:00,3,829.89,467,69,21,-107.25,722.64,276.63,United Kingdom,1,4,4,3,443,Loyal Customers
16926,2010-12-03 13:42:00,1,230.25,35,14,371,0.0,230.25,230.25,United Kingdom,1,1,2,1,121,Lost / Low-Value
16927,2011-08-16 11:10:00,3,543.05,993,5,116,0.0,543.05,181.01666666666665,United Kingdom,1,2,4,3,243,At-Risk High-Value
16928,2011-09-20 15:10:00,17,2806.75,2091,68,80,-66.1,2740.65,165.10294117647058,United Kingdom,1,2,5,5,255,At-Risk High-Value
16929,2011-12-06 08:37:00,7,1295.39,929,51,4,0.0,1295.39,185.0557142857143,United Kingdom,1,5,5,4,554,Champions
16930,2011-11-13 16:13:00,3,378.89,339,47,26,0.0,378.89,126.29666666666667,United Kingdom,1,4,4,2,442,Loyal Customers
16931,2011-12-04 13:15:00,21,4554.87,3134,448,5,0.0,4554.87,216.89857142857142,United Kingdom,1,5,5,5,555,Champions
16932,2011-10-17 14:12:00,1,150.23000000000002,82,44,53,0.0,150.23000000000002,150.23000000000002,United Kingdom,1,3,2,1,321,Needs Attention
16933,2011-12-08 12:54:00,2,563.23,288,42,1,-33.15,530.08,281.615,United Kingdom,1,5,3,3,533,Loyal Customers
16934,2011-10-16 12:40:00,2,931.03,397,59,55,0.0,931.03,465.515,United Kingdom,1,3,3,4,334,Loyal Customers
16936,2011-11-14 11:04:00,1,261.9,171,56,26,0.0,261.9,261.9,United Kingdom,1,4,2,2,422,New Inflow
16938,2011-12-01 10:20:00,4,2711.6800000000003,2533,212,9,-833.2500000000001,1878.4300000000003,677.9200000000001,United Kingdom,1,5,4,4,544,Champions
16940,2011-10-18 13:15:00,3,3049.88,2169,226,52,0.0,3049.88,1016.6266666666667,United Kingdom,1,3,4,5,345,Loyal Customers
16942,2011-11-27 12:40:00,9,1904.99,805,159,13,-26.479999999999997,1878.51,211.66555555555556,United Kingdom,1,5,5,4,554,Champions
16943,2011-05-12 11:57:00,3,816.73,145,23,212,0.0,816.73,272.24333333333334,United Kingdom,1,1,4,3,143,At-Risk High-Value
16945,2011-11-18 11:39:00,19,4345.5,2725,137,22,0.0,4345.5,228.71052631578948,United Kingdom,1,4,5,5,455,Champions
16947,2011-04-18 09:38:00,1,406.48,312,21,236,0.0,406.48,406.48,United Kingdom,1,1,2,2,122,Lost / Low-Value
16948,2011-07-24 12:46:00,3,435.02,1614,15,139,0.0,435.02,145.00666666666666,United Kingdom,1,2,4,2,242,Needs Attention
16949,2011-12-06 11:07:00,6,1286.27,791,57,4,-125.0,1161.27,214.37833333333333,United Kingdom,1,5,5,4,554,Champions
16950,2011-10-14 09:06:00,3,1178.56,644,39,57,0.0,1178.56,392.8533333333333,United Kingdom,1,3,4,4,344,Loyal Customers
16951,2011-07-28 12:05:00,3,1277.75,1318,73,135,-15.0,1262.75,425.9166666666667,United Kingdom,1,2,4,4,244,At-Risk High-Value
16952,2011-08-22 13:03:00,2,167.61,92,16,109,0.0,167.61,83.805,United Kingdom,1,2,3,1,231,Needs Attention
16953,2011-11-09 15:54:00,1,20.8,10,1,30,0.0,20.8,20.8,United Kingdom,1,4,2,1,421,New Inflow
16954,2011-12-09 09:46:00,9,2085.08,1054,40,1,0.0,2085.08,231.67555555555555,United Kingdom,1,5,5,5,555,Champions
16955,2011-06-08 10:36:00,4,518.67,266,18,185,-25.0,493.66999999999996,129.6675,United Kingdom,1,1,4,3,143,At-Risk High-Value
16956,2011-11-22 08:56:00,1,308.74,114,16,18,-16.4,292.34000000000003,308.74,United Kingdom,1,4,2,2,422,New Inflow
16957,2011-04-14 13:56:00,2,416.64,172,15,239,0.0,416.64,208.32,United Kingdom,1,1,3,2,132,Needs Attention
16959,2011-09-13 15:03:00,1,117.35000000000001,49,7,87,0.0,117.35000000000001,117.35000000000001,United Kingdom,1,2,2,1,221,Lost / Low-Value
16960,2011-11-01 11:35:00,3,505.1,301,91,39,0.0,505.1,168.36666666666667,United Kingdom,1,3,4,3,343,Loyal Customers
16961,2011-08-15 13:46:00,1,234.17000000000002,125,14,116,0.0,234.17000000000002,234.17000000000002,United Kingdom,1,2,2,1,221,Lost / Low-Value
16963,2011-06-05 13:48:00,1,110.55000000000001,35,7,187,0.0,110.55000000000001,110.55000000000001,United Kingdom,1,1,2,1,121,Lost / Low-Value
16965,2011-04-27 12:08:00,1,192.07,243,25,227,0.0,192.07,192.07,United Kingdom,1,1,2,1,121,Lost / Low-Value
16966,2011-12-01 13:40:00,7,2154.97,1981,8,8,-6.0,2148.97,307.8528571428571,United Kingdom,1,5,5,5,555,Champions
16967,2011-06-03 14:24:00,1,319.02,333,21,189,0.0,319.02,319.02,United Kingdom,1,1,2,2,122,Lost / Low-Value
16968,2011-12-05 15:02:00,2,439.43,326,31,4,0.0,439.43,219.715,United Kingdom,1,5,3,2,532,Loyal Customers
16969,2011-10-31 13:12:00,3,650.41,816,42,39,0.0,650.41,216.8033333333333,United Kingdom,1,3,4,3,343,Loyal Customers
16971,2011-11-01 15:06:00,1,357.21,72,40,38,0.0,357.21,357.21,United Kingdom,1,3,2,2,322,Needs Attention
16976,2011-03-17 16:33:00,1,251.51999999999998,88,2,267,0.0,251.51999999999998,251.51999999999998,United Kingdom,1,1,2,2,122,Lost / Low-Value
16978,2011-09-23 12:50:00,1,344.33,166,39,78,0.0,344.33,344.33,United Kingdom,1,2,2,2,222,Lost / Low-Value
16979,2011-12-06 12:21:00,6,1852.0,865,64,4,-42.95,1809.05,308.6666666666667,United Kingdom,1,5,5,4,554,Champions
16980,2011-03-29 16:36:00,2,1028.46,739,71,255,0.0,1028.46,514.23,United Kingdom,1,1,3,4,134,At-Risk High-Value
16982,2011-10-10 12:28:00,1,384.06,182,22,61,0.0,384.06,384.06,United Kingdom,1,3,2,2,322,Needs Attention
16983,2011-11-27 12:10:00,7,1905.87,1335,112,13,-11.05,1894.82,272.26714285714286,United Kingdom,1,5,5,4,554,Champions
16984,2011-09-12 13:43:00,2,4459.52,2380,354,88,-88.93,4370.59,2229.76,United Kingdom,1,2,3,5,235,At-Risk High-Value
16985,2011-11-22 13:33:00,10,5464.12,1832,62,17,-2.5,5461.62,546.412,United Kingdom,1,4,5,5,455,Champions
16986,2011-11-10 11:55:00,2,1873.2,1040,3,30,0.0,1873.2,936.6,United Kingdom,1,4,3,4,434,Loyal Customers
16987,2011-12-06 17:26:00,7,1616.8,401,74,3,0.0,1616.8,230.97142857142856,United Kingdom,1,5,5,4,554,Champions
16988,2011-12-04 16:02:00,1,126.12,43,7,5,0.0,126.12,126.12,United Kingdom,1,5,2,1,521,New Inflow
16989,2011-12-02 16:39:00,6,1133.25,1233,7,7,0.0,1133.25,188.875,United Kingdom,1,5,5,4,554,Champions
16990,2011-05-05 08:30:00,1,179.0,100,1,219,0.0,179.0,179.0,United Kingdom,1,1,2,1,121,Lost / Low-Value
16992,2011-11-29 11:50:00,5,1614.31,860,84,11,-12.45,1601.86,322.86199999999997,United Kingdom,1,5,4,4,544,Champions
16996,2011-11-09 16:43:00,6,1456.96,544,13,30,-29.500000000000004,1427.46,242.82666666666668,United Kingdom,1,4,5,4,454,Champions
16997,2011-02-24 17:28:00,3,702.0,360,7,288,0.0,702.0,234.0,United Kingdom,1,1,4,3,143,At-Risk High-Value
16998,2011-07-13 09:44:00,4,295.0,76,1,150,-7.5,287.5,73.75,United Kingdom,1,2,4,2,242,Needs Attention
16999,2011-11-16 13:53:00,2,484.82,294,21,23,0.0,484.82,242.41,United Kingdom,1,4,3,3,433,Loyal Customers
17001,2011-12-09 09:38:00,11,3989.57,2164,75,1,0.0,3989.57,362.6881818181818,United Kingdom,1,5,5,5,555,Champions
17002,2011-09-15 12:40:00,3,1493.73,679,41,86,-5.95,1487.78,497.91,United Kingdom,1,2,4,4,244,At-Risk High-Value
17004,2011-10-24 14:25:00,2,1312.1399999999999,771,38,46,0.0,1312.1399999999999,656.0699999999999,United Kingdom,1,3,3,4,334,Loyal Customers
17006,2011-12-05 12:09:00,4,781.78,272,37,5,0.0,781.78,195.445,United Kingdom,1,5,4,3,543,Loyal Customers
17007,2011-10-20 10:47:00,6,889.9300000000001,597,50,51,-12.5,877.4300000000001,148.3216666666667,United Kingdom,1,3,5,3,353,Loyal Customers
17010,2011-11-21 14:49:00,1,195.36,118,11,18,-9.9,185.46,195.36,United Kingdom,1,4,2,1,421,New Inflow
17011,2011-11-09 13:30:00,1,270.9,186,15,30,0.0,270.9,270.9,United Kingdom,1,4,2,2,422,New Inflow
17014,2011-12-01 14:09:00,3,583.4300000000001,243,63,8,-20.75,562.6800000000001,194.4766666666667,United Kingdom,1,5,4,3,543,Loyal Customers
17015,2011-11-11 10:45:00,3,1838.61,1978,182,29,0.0,1838.61,612.87,United Kingdom,1,4,4,4,444,Champions
17017,2011-12-07 09:32:00,20,8694.26,6673,88,3,-120.15,8574.11,434.713,United Kingdom,1,5,5,5,555,Champions
17018,2011-10-30 11:42:00,2,920.1,176,15,41,0.0,920.1,460.05,United Kingdom,1,3,3,4,334,Loyal Customers
17019,2011-11-28 13:06:00,4,1258.08,820,166,11,0.0,1258.08,314.52,United Kingdom,1,5,4,4,544,Champions
17022,2011-11-08 17:09:00,1,71.0,108,7,31,0.0,71.0,71.0,United Kingdom,1,4,2,1,421,New Inflow
17024,2011-10-25 13:47:00,3,95.85,69,2,45,0.0,95.85,31.95,United Kingdom,1,3,4,1,341,Loyal Customers
17025,2011-10-10 09:06:00,3,357.77,235,8,61,0.0,357.77,119.25666666666666,United Kingdom,1,3,4,2,342,Loyal Customers
17026,2011-06-07 14:28:00,2,154.83,97,4,185,0.0,154.83,77.415,United Kingdom,1,1,3,1,131,Needs Attention
17027,2011-09-22 12:24:00,6,877.5600000000001,416,110,79,-41.7,835.86,146.26000000000002,United Kingdom,1,2,5,3,253,At-Risk High-Value
17029,2011-08-21 11:06:00,2,716.0,400,1,111,0.0,716.0,358.0,United Kingdom,1,2,3,3,233,At-Risk High-Value
17030,2011-10-07 08:49:00,1,146.87,146,11,64,0.0,146.87,146.87,United Kingdom,1,3,2,1,321,Needs Attention
17031,2011-11-28 10:23:00,2,380.35,235,19,12,0.0,380.35,190.175,United Kingdom,1,5,3,2,532,Loyal Customers
17033,2011-09-14 14:34:00,3,1030.14,750,24,86,0.0,1030.14,343.38000000000005,United Kingdom,1,2,4,4,244,At-Risk High-Value
17034,2011-11-23 15:14:00,3,745.52,410,28,16,-10.950000000000001,734.5699999999999,248.50666666666666,United Kingdom,1,4,4,3,443,Loyal Customers
17035,2011-04-08 11:23:00,2,433.53000000000003,229,27,246,-45.199999999999996,388.33000000000004,216.76500000000001,United Kingdom,1,1,3,2,132,Needs Attention
17037,2011-09-13 12:49:00,1,1267.32,656,75,88,-14.1,1253.22,1267.32,United Kingdom,1,2,2,4,224,Lost / Low-Value
17038,2011-11-09 13:50:00,1,112.4,28,22,30,0.0,112.4,112.4,United Kingdom,1,4,2,1,421,New Inflow
17040,2011-07-25 10:19:00,1,449.73,181,15,138,0.0,449.73,449.73,United Kingdom,1,2,2,2,222,Lost / Low-Value
17041,2011-11-13 11:21:00,3,1071.49,927,59,27,-15.8,1055.69,357.16333333333336,United Kingdom,1,4,4,4,444,Champions
17042,2011-12-07 12:26:00,5,1036.58,990,74,3,0.0,1036.58,207.31599999999997,United Kingdom,1,5,4,4,544,Champions
17043,2011-11-07 15:33:00,4,1735.18,998,100,32,0.0,1735.18,433.795,United Kingdom,1,4,4,4,444,Champions
17044,2011-11-14 14:28:00,1,948.48,504,6,25,-51.05,897.4300000000001,948.48,United Kingdom,1,4,2,3,423,New Inflow
17045,2011-08-18 17:09:00,3,339.44,106,20,113,0.0,339.44,113.14666666666666,United Kingdom,1,2,4,2,242,Needs Attention
17046,2011-07-05 14:24:00,1,642.02,510,22,157,0.0,642.02,642.02,United Kingdom,1,2,2,3,223,Lost / Low-Value
17047,2011-09-15 13:27:00,3,1100.9,533,59,85,0.0,1100.9,366.9666666666667,United Kingdom,1,2,4,4,244,At-Risk High-Value
17048,2011-08-14 11:49:00,3,925.35,485,41,118,-61.03,864.32,308.45,United Kingdom,1,2,4,3,243,At-Risk High-Value
17049,2011-12-07 10:48:00,9,5655.03,2673,201,3,-65.2,5589.83,628.3366666666666,United Kingdom,1,5,5,5,555,Champions
17050,2011-09-04 13:48:00,6,3185.64,1595,169,96,0.0,3185.64,530.9399999999999,United Kingdom,1,2,5,5,255,At-Risk High-Value
17051,2011-05-29 14:13:00,1,240.89,179,40,194,0.0,240.89,240.89,United Kingdom,1,1,2,1,121,Lost / Low-Value
17052,2011-11-11 14:50:00,1,399.09,251,72,28,0.0,399.09,399.09,United Kingdom,1,4,2,2,422,New Inflow
17053,2011-08-01 10:23:00,1,498.48,122,13,131,-2.1,496.38,498.48,United Kingdom,1,2,2,3,223,Lost / Low-Value
17054,2011-11-11 12:56:00,5,1356.33,804,64,28,-2.5,1353.83,271.26599999999996,United Kingdom,1,4,4,4,444,Champions
17058,2011-09-19 10:13:00,3,1179.89,592,51,82,0.0,1179.89,393.2966666666667,United Kingdom,1,2,4,4,244,At-Risk High-Value
17059,2011-11-10 12:27:00,5,3080.39,1850,292,30,0.0,3080.39,616.078,United Kingdom,1,4,4,5,445,Champions
17060,2011-03-18 13:27:00,1,234.24,216,5,266,0.0,234.24,234.24,United Kingdom,1,1,2,1,121,Lost / Low-Value
17061,2011-09-27 11:24:00,11,5232.2300000000005,1526,57,74,-116.10000000000001,5116.13,475.65727272727275,United Kingdom,1,2,5,5,255,At-Risk High-Value
17062,2011-01-30 11:01:00,4,528.29,406,51,314,-3.9,524.39,132.0725,United Kingdom,1,1,4,3,143,At-Risk High-Value
17063,2011-11-18 16:19:00,7,1461.14,770,66,21,-39.55,1421.5900000000001,208.73428571428573,United Kingdom,1,4,5,4,454,Champions
17064,2011-10-12 10:18:00,3,855.45,316,53,59,0.0,855.45,285.15000000000003,United Kingdom,1,3,4,3,343,Loyal Customers
17068,2011-11-27 13:14:00,21,4545.89,2159,115,12,-20.8,4525.09,216.47095238095238,United Kingdom,1,5,5,5,555,Champions
17069,2011-11-11 17:13:00,9,2709.7000000000003,1506,111,28,-54.480000000000004,2655.2200000000003,301.0777777777778,United Kingdom,1,4,5,5,455,Champions
17070,2011-08-17 17:01:00,1,304.24,131,62,114,0.0,304.24,304.24,United Kingdom,1,2,2,2,222,Lost / Low-Value
17071,2011-11-11 16:31:00,9,2429.03,1197,102,28,-43.55,2385.48,269.89222222222224,United Kingdom,1,4,5,5,455,Champions
17073,2011-11-22 11:47:00,4,1444.84,758,141,18,0.0,1444.84,361.21,United Kingdom,1,4,4,4,444,Champions
17075,2011-11-22 11:58:00,4,834.12,292,62,18,-20.35,813.77,208.53,United Kingdom,1,4,4,3,443,Loyal Customers
17076,2011-11-03 17:53:00,3,841.0799999999999,295,17,36,0.0,841.0799999999999,280.35999999999996,United Kingdom,1,3,4,3,343,Loyal Customers
17078,2011-11-03 19:17:00,2,375.86,782,27,36,0.0,375.86,187.93,United Kingdom,1,3,3,2,332,Loyal Customers
17079,2011-09-22 15:34:00,1,118.80000000000001,24,2,78,0.0,118.80000000000001,118.80000000000001,United Kingdom,1,2,2,1,221,Lost / Low-Value
17080,2011-11-17 12:59:00,2,287.62,166,8,22,-2.12,285.5,143.81,United Kingdom,1,4,3,2,432,Loyal Customers
17081,2011-11-14 12:56:00,2,288.91,77,55,25,0.0,288.91,144.455,United Kingdom,1,4,3,2,432,Loyal Customers
17082,2011-11-06 15:17:00,2,2003.8500000000001,1049,75,33,0.0,2003.8500000000001,1001.9250000000001,United Kingdom,1,3,3,5,335,Loyal Customers
17083,2011-08-22 15:43:00,3,1405.78,772,24,109,0.0,1405.78,468.5933333333333,United Kingdom,1,2,4,4,244,At-Risk High-Value
17084,2011-11-04 14:54:00,2,2747.9900000000002,1702,146,35,0.0,2747.9900000000002,1373.9950000000001,United Kingdom,1,3,3,5,335,Loyal Customers
17085,2011-08-08 14:15:00,5,1562.4,785,115,123,-11.6,1550.8000000000002,312.48,United Kingdom,1,2,4,4,244,At-Risk High-Value
17086,2011-12-02 13:54:00,6,2050.08,1859,76,7,0.0,2050.08,341.68,United Kingdom,1,5,5,5,555,Champions
17088,2011-11-11 14:23:00,4,1991.01,868,96,28,0.0,1991.01,497.7525,United Kingdom,1,4,4,4,444,Champions
17090,2011-12-05 13:44:00,7,1974.65,903,45,4,-2.1,1972.5500000000002,282.09285714285716,United Kingdom,1,5,5,4,554,Champions
17091,2011-12-07 10:43:00,9,3827.76,1746,119,3,-24.95,3802.8100000000004,425.3066666666667,United Kingdom,1,5,5,5,555,Champions
17092,2011-10-20 19:51:00,4,1774.03,1130,99,50,0.0,1774.03,443.5075,United Kingdom,1,3,4,4,344,Loyal Customers
17094,2011-01-21 13:09:00,1,302.0,152,14,322,-31.8,270.2,302.0,United Kingdom,1,1,2,2,122,Lost / Low-Value
17095,2011-11-17 12:21:00,3,1324.16,618,69,23,-27.8,1296.3600000000001,441.3866666666667,United Kingdom,1,4,4,4,444,Champions
17096,2011-11-24 15:01:00,4,1022.13,339,46,15,-29.45,992.68,255.5325,United Kingdom,1,4,4,4,444,Champions
17097,2011-12-07 17:05:00,8,954.42,459,153,2,-16.5,937.92,119.3025,Spain,0,5,5,4,554,Champions
17100,2011-11-21 16:36:00,2,971.74,800,65,18,0.0,971.74,485.87,United Kingdom,1,4,3,4,434,Loyal Customers
17101,2011-11-29 13:57:00,4,1621.73,815,28,10,0.0,1621.73,405.4325,United Kingdom,1,5,4,4,544,Champions
17102,2011-03-23 10:08:00,1,25.5,2,1,262,0.0,25.5,25.5,United Kingdom,1,1,2,1,121,Lost / Low-Value
17105,2011-07-03 15:53:00,2,665.78,693,80,159,0.0,665.78,332.89,United Kingdom,1,2,3,3,233,At-Risk High-Value
17107,2011-11-06 14:14:00,6,10797.48,4826,269,33,-435.0,10362.48,1799.58,United Kingdom,1,3,5,5,355,Loyal Customers
17109,2011-11-10 16:59:00,6,881.29,588,107,29,-15.360000000000001,865.93,146.88166666666666,United Kingdom,1,4,5,3,453,Loyal Customers
17110,2011-06-27 12:58:00,1,163.29999999999998,50,12,165,0.0,163.29999999999998,163.29999999999998,United Kingdom,1,2,2,1,221,Lost / Low-Value
17111,2011-10-23 15:59:00,1,231.61,282,29,47,0.0,231.61,231.61,United Kingdom,1,3,2,1,321,Needs Attention
17114,2011-12-04 12:17:00,8,801.12,215,85,6,-61.4,739.72,100.14,United Kingdom,1,5,5,3,553,Loyal Customers
17115,2011-12-01 14:30:00,3,837.5,372,33,8,-30.6,806.9,279.1666666666667,United Kingdom,1,5,4,3,543,Loyal Customers
17117,2011-02-24 13:54:00,1,116.2,68,9,288,0.0,116.2,116.2,United Kingdom,1,1,2,1,121,Lost / Low-Value
17118,2011-01-26 12:19:00,1,157.02,154,10,318,0.0,157.02,157.02,United Kingdom,1,1,2,1,121,Lost / Low-Value
17119,2011-12-06 14:40:00,2,606.91,334,35,3,-13.3,593.61,303.455,United Kingdom,1,5,3,3,533,Loyal Customers
17120,2011-04-20 15:21:00,1,307.46,120,18,233,0.0,307.46,307.46,United Kingdom,1,1,2,2,122,Lost / Low-Value
17122,2011-08-12 14:33:00,1,138.32,80,7,119,0.0,138.32,138.32,United Kingdom,1,2,2,1,221,Lost / Low-Value
17123,2011-07-01 10:47:00,1,345.3,246,9,162,0.0,345.3,345.3,United Kingdom,1,2,2,2,222,Lost / Low-Value
17124,2011-06-07 14:02:00,1,294.24,129,31,185,0.0,294.24,294.24,United Kingdom,1,1,2,2,122,Lost / Low-Value
17125,2011-10-20 14:41:00,1,230.5,281,34,50,0.0,230.5,230.5,United Kingdom,1,3,2,1,321,Needs Attention
17126,2011-07-10 13:52:00,5,989.45,780,187,152,-12.899999999999999,976.5500000000001,197.89000000000001,United Kingdom,1,2,4,4,244,At-Risk High-Value
17128,2011-01-09 12:02:00,1,157.09,76,14,335,0.0,157.09,157.09,United Kingdom,1,1,2,1,121,Lost / Low-Value
17131,2011-12-04 12:52:00,5,2463.17,983,78,5,0.0,2463.17,492.634,United Kingdom,1,5,4,5,545,Champions
17133,2011-11-24 12:27:00,7,4892.240000000001,2730,13,16,0.0,4892.240000000001,698.8914285714287,United Kingdom,1,4,5,5,455,Champions
17134,2011-08-25 09:53:00,2,413.2,98,21,107,0.0,413.2,206.6,United Kingdom,1,2,3,2,232,Needs Attention
17135,2011-11-23 16:48:00,7,1139.73,1224,34,16,0.0,1139.73,162.81857142857143,United Kingdom,1,4,5,4,454,Champions
17138,2011-03-09 11:54:00,1,380.5,126,24,276,0.0,380.5,380.5,United Kingdom,1,1,2,2,122,Lost / Low-Value
17139,2011-11-24 10:12:00,12,10650.77,5176,309,16,-82.9,10567.87,887.5641666666667,United Kingdom,1,4,5,5,455,Champions
17140,2011-04-06 13:33:00,1,454.12,296,16,247,0.0,454.12,454.12,United Kingdom,1,1,2,2,122,Lost / Low-Value
17142,2011-04-14 18:22:00,1,579.0,81,15,239,0.0,579.0,579.0,United Kingdom,1,1,2,3,123,Lost / Low-Value
17144,2011-12-08 17:57:00,2,984.57,483,42,1,0.0,984.57,492.285,United Kingdom,1,5,3,4,534,Loyal Customers
17146,2011-08-26 12:44:00,3,749.78,212,33,106,0.0,749.78,249.92666666666665,United Kingdom,1,2,4,3,243,At-Risk High-Value
17147,2011-11-17 12:32:00,4,1714.59,882,68,23,-34.95,1679.6399999999999,428.6475,United Kingdom,1,4,4,4,444,Champions
17148,2011-10-19 09:59:00,1,124.88,82,9,52,0.0,124.88,124.88,United Kingdom,1,3,2,1,321,Needs Attention
17152,2011-05-29 12:19:00,3,1689.5,517,9,195,-186.0,1503.5,563.1666666666666,United Kingdom,1,1,4,4,144,At-Risk High-Value
17153,2011-11-15 13:42:00,1,213.78,104,14,24,0.0,213.78,213.78,United Kingdom,1,4,2,1,421,New Inflow
17154,2011-09-25 13:42:00,1,329.34,490,23,75,0.0,329.34,329.34,United Kingdom,1,2,2,2,222,Lost / Low-Value
17155,2011-11-22 12:38:00,2,251.7,242,19,18,0.0,251.7,125.85,United Kingdom,1,4,3,2,432,Loyal Customers
17157,2011-12-02 09:10:00,2,319.0,172,11,8,-12.450000000000001,306.55,159.5,United Kingdom,1,5,3,2,532,Loyal Customers
17158,2011-11-07 15:15:00,3,1266.97,778,53,32,0.0,1266.97,422.3233333333333,United Kingdom,1,4,4,4,444,Champions
17159,2011-11-18 10:52:00,3,1538.88,1111,96,22,-4.15,1534.73,512.96,United Kingdom,1,4,4,4,444,Champions
17160,2011-11-08 14:05:00,6,3518.03,2856,111,31,0.0,3518.03,586.3383333333334,United Kingdom,1,4,5,5,455,Champions
17162,2011-11-11 11:34:00,10,1715.46,1001,81,29,-8.25,1707.21,171.546,United Kingdom,1,4,5,4,454,Champions
17163,2011-11-18 08:57:00,2,293.1,66,3,22,0.0,293.1,146.55,United Kingdom,1,4,3,2,432,Loyal Customers
17164,2011-11-07 09:14:00,7,2467.35,1501,92,33,-0.95,2466.4,352.4785714285714,United Kingdom,1,3,5,5,355,Loyal Customers
17165,2011-02-28 16:39:00,1,158.68,100,10,284,0.0,158.68,158.68,United Kingdom,1,1,2,1,121,Lost / Low-Value
17166,2011-11-01 09:46:00,2,206.34,78,11,39,-16.85,189.49,103.17,United Kingdom,1,3,3,1,331,Loyal Customers
17169,2011-10-13 10:25:00,2,835.78,526,51,58,-18.9,816.88,417.89,United Kingdom,1,3,3,3,333,Loyal Customers
17171,2011-02-23 16:37:00,1,224.91,185,16,289,0.0,224.91,224.91,United Kingdom,1,1,2,1,121,Lost / Low-Value
17172,2011-09-22 09:36:00,1,317.76,480,15,79,0.0,317.76,317.76,United Kingdom,1,2,2,2,222,Lost / Low-Value
17173,2011-12-04 14:40:00,8,3766.6,1122,36,5,-10.95,3755.65,470.825,United Kingdom,1,5,5,5,555,Champions
17174,2011-05-06 11:47:00,1,59.9,41,4,218,0.0,59.9,59.9,United Kingdom,1,1,2,1,121,Lost / Low-Value
17175,2011-10-26 15:31:00,4,1443.69,866,42,44,-12.75,1430.94,360.9225,United Kingdom,1,3,4,4,344,Loyal Customers
17176,2011-05-22 12:41:00,1,306.13,170,15,202,0.0,306.13,306.13,United Kingdom,1,1,2,2,122,Lost / Low-Value
17179,2011-06-14 16:48:00,3,711.79,290,56,178,0.0,711.79,237.26333333333332,United Kingdom,1,2,4,3,243,At-Risk High-Value
17180,2011-10-14 15:46:00,4,783.97,670,91,56,-15.649999999999999,768.32,195.9925,United Kingdom,1,3,4,3,343,Loyal Customers
17181,2011-10-13 14:48:00,2,239.92000000000002,241,23,57,0.0,239.92000000000002,119.96000000000001,United Kingdom,1,3,3,1,331,Loyal Customers
17183,2011-12-02 10:07:00,6,3347.31,1296,42,8,-60.4,3286.91,557.885,United Kingdom,1,5,5,5,555,Champions
17186,2011-10-24 10:20:00,2,144.0,200,1,47,0.0,144.0,72.0,United Kingdom,1,3,3,1,331,Loyal Customers
17187,2011-04-27 12:39:00,1,203.95,144,10,227,0.0,203.95,203.95,United Kingdom,1,1,2,1,121,Lost / Low-Value
17188,2011-11-28 13:53:00,7,2474.23,1328,71,11,-198.65,2275.58,353.4614285714286,United Kingdom,1,5,5,5,555,Champions
17189,2011-08-25 19:39:00,2,383.75,226,52,106,0.0,383.75,191.875,United Kingdom,1,2,3,2,232,Needs Attention
17190,2011-10-12 11:33:00,2,444.74,161,19,59,-195.0,249.74,222.37,United Kingdom,1,3,3,2,332,Loyal Customers
17191,2011-11-11 16:58:00,7,2093.68,1166,163,28,0.0,2093.68,299.09714285714284,United Kingdom,1,4,5,5,455,Champions
17193,2011-11-04 12:47:00,7,1699.3,1254,17,36,-24.84,1674.46,242.75714285714284,United Kingdom,1,3,5,4,354,Loyal Customers
17194,2010-12-14 12:06:00,1,226.78,112,25,361,0.0,226.78,226.78,United Kingdom,1,1,2,1,121,Lost / Low-Value
17197,2011-11-10 10:32:00,1,1013.01,191,29,30,0.0,1013.01,1013.01,United Kingdom,1,4,2,4,424,New Inflow
17198,2011-11-16 10:39:00,3,692.22,357,89,24,0.0,692.22,230.74,United Kingdom,1,4,4,3,443,Loyal Customers
17201,2011-10-17 11:55:00,1,289.78000000000003,231,38,54,0.0,289.78000000000003,289.78000000000003,United Kingdom,1,3,2,2,322,Needs Attention
17203,2011-11-04 12:27:00,6,3560.08,2846,116,36,0.0,3560.08,593.3466666666667,United Kingdom,1,3,5,5,355,Loyal Customers
17204,2011-06-17 14:46:00,4,1564.56,646,44,175,-211.65,1352.9099999999999,391.14,United Kingdom,1,2,4,4,244,At-Risk High-Value
17205,2011-10-17 12:46:00,1,384.08,884,13,54,0.0,384.08,384.08,United Kingdom,1,3,2,2,322,Needs Attention
17206,2011-10-17 13:25:00,1,204.24,76,7,53,0.0,204.24,204.24,United Kingdom,1,3,2,1,321,Needs Attention
17211,2011-11-13 12:03:00,8,2317.2200000000003,1323,150,27,-17.55,2299.67,289.65250000000003,United Kingdom,1,4,5,5,455,Champions
17212,2011-03-31 19:42:00,1,226.85,147,4,253,0.0,226.85,226.85,United Kingdom,1,1,2,1,121,Lost / Low-Value
17213,2011-10-30 14:53:00,7,2781.23,1176,85,40,-40.15,2741.08,397.31857142857143,United Kingdom,1,3,5,5,355,Loyal Customers
17214,2011-10-10 13:17:00,6,1059.1200000000001,272,79,60,-85.0,974.1200000000001,176.52,United Kingdom,1,3,5,4,354,Loyal Customers
17217,2011-04-19 17:19:00,1,113.5,24,9,234,0.0,113.5,113.5,United Kingdom,1,1,2,1,121,Lost / Low-Value
17218,2011-12-05 13:52:00,10,1951.97,955,146,4,0.0,1951.97,195.197,United Kingdom,1,5,5,4,554,Champions
17219,2011-11-08 11:25:00,1,114.23,89,24,32,0.0,114.23,114.23,United Kingdom,1,4,2,1,421,New Inflow
17220,2011-11-15 13:47:00,14,3187.55,1897,303,24,0.0,3187.55,227.68214285714288,United Kingdom,1,4,5,5,455,Champions
17221,2011-12-02 13:35:00,2,334.48,287,59,7,0.0,334.48,167.24,United Kingdom,1,5,3,2,532,Loyal Customers
17222,2011-10-05 13:58:00,1,328.65,122,27,65,0.0,328.65,328.65,United Kingdom,1,3,2,2,322,Needs Attention
17223,2011-02-02 15:57:00,2,381.89,109,42,310,0.0,381.89,190.945,United Kingdom,1,1,3,2,132,Needs Attention
17226,2011-02-04 11:52:00,1,393.49,406,21,309,0.0,393.49,393.49,United Kingdom,1,1,2,2,122,Lost / Low-Value
17227,2011-11-21 10:51:00,6,939.32,741,28,19,0.0,939.32,156.55333333333334,United Kingdom,1,4,5,4,454,Champions
17228,2011-11-24 10:24:00,8,1906.09,1532,140,16,0.0,1906.09,238.26125,United Kingdom,1,4,5,4,454,Champions
17229,2011-09-04 13:56:00,2,318.76,185,39,96,0.0,318.76,159.38,United Kingdom,1,2,3,2,232,Needs Attention
17230,2011-03-20 16:12:00,8,3638.41,1651,51,264,-171.74,3466.67,454.80125,United Kingdom,1,1,5,5,155,At-Risk High-Value
17231,2011-11-27 15:18:00,10,3124.72,1724,292,12,-46.5,3078.22,312.472,United Kingdom,1,5,5,5,555,Champions
17232,2011-12-07 12:21:00,2,417.77,202,30,3,0.0,417.77,208.885,United Kingdom,1,5,3,2,532,Loyal Customers
17233,2011-11-04 14:06:00,1,190.88,131,25,35,0.0,190.88,190.88,United Kingdom,1,3,2,1,321,Needs Attention
17234,2011-06-10 11:20:00,1,149.89,55,14,183,0.0,149.89,149.89,United Kingdom,1,1,2,1,121,Lost / Low-Value
17235,2011-11-14 15:51:00,2,550.0600000000001,224,24,25,0.0,550.0600000000001,275.03000000000003,United Kingdom,1,4,3,3,433,Loyal Customers
17236,2011-11-27 12:00:00,6,916.13,474,88,13,0.0,916.13,152.68833333333333,United Kingdom,1,5,5,4,554,Champions
17237,2011-11-28 15:02:00,2,314.69,105,18,11,0.0,314.69,157.345,United Kingdom,1,5,3,2,532,Loyal Customers
17238,2011-12-07 11:35:00,17,3719.1,1807,297,3,0.0,3719.1,218.7705882352941,United Kingdom,1,5,5,5,555,Champions
17239,2011-01-31 09:41:00,1,382.5,150,15,313,-2.55,379.95,382.5,United Kingdom,1,1,2,2,122,Lost / Low-Value
17242,2011-08-23 14:55:00,2,1135.04,611,30,108,0.0,1135.04,567.52,United Kingdom,1,2,3,4,234,At-Risk High-Value
17243,2011-12-08 13:26:00,26,8531.65,3316,179,1,-48.3,8483.35,328.1403846153846,United Kingdom,1,5,5,5,555,Champions
17244,2011-10-17 15:19:00,1,954.9,616,31,53,0.0,954.9,954.9,United Kingdom,1,3,2,4,324,Needs Attention
17245,2011-05-19 10:43:00,1,171.45000000000002,75,9,205,0.0,171.45000000000002,171.45000000000002,United Kingdom,1,1,2,1,121,Lost / Low-Value
17247,2011-11-24 15:21:00,1,280.09000000000003,105,53,15,0.0,280.09000000000003,280.09000000000003,United Kingdom,1,4,2,2,422,New Inflow
17248,2011-08-11 13:34:00,1,318.65,213,68,120,0.0,318.65,318.65,United Kingdom,1,2,2,2,222,Lost / Low-Value
17250,2011-12-06 12:15:00,2,381.97,167,55,4,0.0,381.97,190.985,United Kingdom,1,5,3,2,532,Loyal Customers
17251,2010-12-12 11:06:00,1,269.83,108,37,363,0.0,269.83,269.83,United Kingdom,1,1,2,2,122,Lost / Low-Value
17252,2011-08-15 09:45:00,2,348.90999999999997,192,86,117,0.0,348.90999999999997,174.45499999999998,United Kingdom,1,2,3,2,232,Needs Attention
17253,2011-11-21 12:59:00,1,178.26,43,18,18,0.0,178.26,178.26,United Kingdom,1,4,2,1,421,New Inflow
17254,2011-12-05 12:46:00,2,271.19,251,100,5,0.0,271.19,135.595,United Kingdom,1,5,3,2,532,Loyal Customers
17255,2011-10-30 12:18:00,2,291.48,227,69,41,0.0,291.48,145.74,United Kingdom,1,3,3,2,332,Loyal Customers
17256,2011-08-24 13:30:00,2,240.0,141,12,107,0.0,240.0,120.0,United Kingdom,1,2,3,1,231,Needs Attention
17259,2011-07-14 15:01:00,2,581.23,388,104,148,0.0,581.23,290.615,United Kingdom,1,2,3,3,233,At-Risk High-Value
17262,2011-10-18 12:56:00,5,1253.3600000000001,367,9,52,0.0,1253.3600000000001,250.67200000000003,United Kingdom,1,3,4,4,344,Loyal Customers
17263,2011-05-15 14:32:00,1,63.440000000000005,36,23,208,0.0,63.440000000000005,63.440000000000005,United Kingdom,1,1,2,1,121,Lost / Low-Value
17265,2011-07-24 10:49:00,2,550.01,389,106,139,0.0,550.01,275.005,United Kingdom,1,2,3,3,233,At-Risk High-Value
17266,2011-12-07 14:12:00,3,296.58,153,60,2,0.0,296.58,98.86,United Kingdom,1,5,4,2,542,Loyal Customers
17267,2011-08-04 17:22:00,2,317.2,158,37,127,0.0,317.2,158.6,United Kingdom,1,2,3,2,232,Needs Attention
17268,2011-08-24 10:06:00,4,763.64,844,3,108,0.0,763.64,190.91,United Kingdom,1,2,4,3,243,At-Risk High-Value
17272,2011-10-28 16:37:00,4,2148.63,1778,70,42,-4.1,2144.53,537.1575,United Kingdom,1,3,4,5,345,Loyal Customers
17274,2011-11-04 13:16:00,1,107.82,77,24,35,0.0,107.82,107.82,United Kingdom,1,3,2,1,321,Needs Attention
17277,2011-04-26 12:47:00,2,1065.3500000000001,430,67,228,0.0,1065.3500000000001,532.6750000000001,United Kingdom,1,1,3,4,134,At-Risk High-Value
17278,2011-04-12 13:10:00,1,246.04000000000002,179,15,241,0.0,246.04000000000002,246.04000000000002,United Kingdom,1,1,2,2,122,Lost / Low-Value
17279,2011-10-13 11:58:00,1,187.82999999999998,48,8,58,0.0,187.82999999999998,187.82999999999998,United Kingdom,1,3,2,1,321,Needs Attention
17282,2011-08-01 14:29:00,3,1685.46,1866,79,130,0.0,1685.46,561.82,United Kingdom,1,2,4,4,244,At-Risk High-Value
17284,2011-10-10 14:38:00,6,1647.48,1362,229,60,-10.9,1636.58,274.58,United Kingdom,1,3,5,4,354,Loyal Customers
17286,2011-11-18 12:47:00,1,151.37,117,44,22,0.0,151.37,151.37,United Kingdom,1,4,2,1,421,New Inflow
17287,2011-11-13 13:27:00,7,1049.06,556,88,26,0.0,1049.06,149.8657142857143,United Kingdom,1,4,5,4,454,Champions
17288,2011-11-30 16:09:00,7,1417.6299999999999,1201,118,9,0.0,1417.6299999999999,202.51857142857142,United Kingdom,1,5,5,4,554,Champions
17289,2011-11-08 12:01:00,3,931.02,513,86,32,-8.25,922.77,310.34,United Kingdom,1,4,4,4,444,Champions
17290,2011-12-06 12:38:00,2,513.01,397,92,4,0.0,513.01,256.505,United Kingdom,1,5,3,3,533,Loyal Customers
17291,2011-02-04 13:04:00,1,550.8000000000001,72,1,308,0.0,550.8000000000001,550.8000000000001,United Kingdom,1,1,2,3,123,Lost / Low-Value
17293,2011-12-01 14:37:00,9,1854.06,1135,93,8,0.0,1854.06,206.00666666666666,United Kingdom,1,5,5,4,554,Champions
17295,2011-11-11 10:49:00,3,547.0,293,53,29,0.0,547.0,182.33333333333334,United Kingdom,1,4,4,3,443,Loyal Customers
17297,2011-11-22 14:43:00,1,128.18,65,49,17,0.0,128.18,128.18,United Kingdom,1,4,2,1,421,New Inflow
17298,2011-08-30 16:43:00,2,498.42,387,30,101,0.0,498.42,249.21,United Kingdom,1,2,3,3,233,At-Risk High-Value
17299,2011-11-28 12:01:00,4,656.61,668,50,12,0.0,656.61,164.1525,United Kingdom,1,5,4,3,543,Loyal Customers
17301,2011-11-18 13:43:00,1,163.24,137,59,21,0.0,163.24,163.24,United Kingdom,1,4,2,1,421,New Inflow
17302,2011-11-25 09:36:00,5,1135.63,575,68,15,-15.7,1119.93,227.12600000000003,United Kingdom,1,4,4,4,444,Champions
17303,2010-12-13 13:32:00,1,250.04,144,53,361,0.0,250.04,250.04,United Kingdom,1,1,2,2,122,Lost / Low-Value
17306,2011-11-29 12:14:00,19,8631.31,11491,13,11,-30.58,8600.73,454.2794736842105,United Kingdom,1,5,5,5,555,Champions
17309,2011-09-05 15:20:00,1,82.75,41,11,95,0.0,82.75,82.75,United Kingdom,1,2,2,1,221,Lost / Low-Value
17311,2011-09-22 14:11:00,2,1384.85,1005,55,78,0.0,1384.85,692.425,United Kingdom,1,2,3,4,234,At-Risk High-Value
17312,2011-07-24 11:52:00,3,644.3,372,11,139,0.0,644.3,214.76666666666665,United Kingdom,1,2,4,3,243,At-Risk High-Value
17313,2011-11-08 15:45:00,1,2328.84,1402,24,31,-40.71,2288.13,2328.84,United Kingdom,1,4,2,5,425,New Inflow
17314,2011-11-15 09:41:00,8,2527.92,1896,120,25,-13.16,2514.76,315.99,United Kingdom,1,4,5,5,455,Champions
17315,2011-12-08 12:15:00,36,6241.15,3837,254,2,-87.8,6153.349999999999,173.36527777777778,United Kingdom,1,5,5,5,555,Champions
17317,2011-10-24 17:19:00,3,2600.34,1146,8,46,-76.32,2524.02,866.7800000000001,United Kingdom,1,3,4,5,345,Loyal Customers
17320,2011-08-31 13:31:00,3,1200.6200000000001,634,57,100,0.0,1200.6200000000001,400.2066666666667,United Kingdom,1,2,4,4,244,At-Risk High-Value
17321,2011-12-01 13:41:00,2,657.16,364,94,8,0.0,657.16,328.58,United Kingdom,1,5,3,3,533,Loyal Customers
17323,2011-11-24 17:29:00,7,903.12,756,124,15,-12.08,891.04,129.01714285714286,United Kingdom,1,4,5,3,453,Loyal Customers
17324,2011-11-22 10:34:00,4,986.48,843,43,18,0.0,986.48,246.62,United Kingdom,1,4,4,4,444,Champions
17325,2011-03-04 13:09:00,1,96.8,60,6,280,0.0,96.8,96.8,United Kingdom,1,1,2,1,121,Lost / Low-Value
17329,2011-11-25 14:24:00,2,523.11,142,29,14,0.0,523.11,261.555,United Kingdom,1,4,3,3,433,Loyal Customers
17330,2011-11-17 08:56:00,2,363.9,120,5,23,0.0,363.9,181.95,United Kingdom,1,4,3,2,432,Loyal Customers
17331,2011-08-08 11:55:00,1,175.2,16,1,124,0.0,175.2,175.2,United Kingdom,1,2,2,1,221,Lost / Low-Value
17333,2011-09-15 10:11:00,1,494.25,375,28,86,0.0,494.25,494.25,United Kingdom,1,2,2,3,223,Lost / Low-Value
17334,2011-02-10 14:59:00,2,307.02000000000004,315,11,302,-0.42,306.6,153.51000000000002,United Kingdom,1,1,3,2,132,Needs Attention
17337,2011-07-11 14:55:00,4,1979.61,1246,420,151,-83.55000000000001,1896.06,494.9025,United Kingdom,1,2,4,4,244,At-Risk High-Value
17338,2011-11-22 14:23:00,8,6484.75,3044,388,17,-28.799999999999997,6455.95,810.59375,United Kingdom,1,4,5,5,455,Champions
17339,2011-09-06 13:29:00,2,243.36,152,9,94,0.0,243.36,121.68,United Kingdom,1,2,3,1,231,Needs Attention
17340,2011-11-10 10:45:00,11,12353.29,5967,229,30,-194.99,12158.300000000001,1123.0263636363636,United Kingdom,1,4,5,5,455,Champions
17341,2011-07-06 12:33:00,3,682.29,443,147,157,0.0,682.29,227.42999999999998,United Kingdom,1,2,4,3,243,At-Risk High-Value
17343,2010-12-19 15:07:00,1,193.64,56,17,355,0.0,193.64,193.64,United Kingdom,1,1,2,1,121,Lost / Low-Value
17344,2011-10-24 12:56:00,1,157.62,65,31,46,0.0,157.62,157.62,United Kingdom,1,3,2,1,321,Needs Attention
17345,2011-11-24 15:03:00,4,519.6899999999999,341,70,15,0.0,519.6899999999999,129.92249999999999,United Kingdom,1,4,4,3,443,Loyal Customers
17346,2011-12-06 12:18:00,15,2622.88,1617,299,4,-64.98,2557.9,174.85866666666666,United Kingdom,1,5,5,5,555,Champions
17347,2011-09-14 13:12:00,1,228.96,216,1,86,0.0,228.96,228.96,United Kingdom,1,2,2,1,221,Lost / Low-Value
17348,2011-11-25 11:25:00,5,1156.6,1398,180,15,0.0,1156.6,231.32,United Kingdom,1,4,4,4,444,Champions
17349,2011-06-13 14:29:00,1,98.25,102,8,179,0.0,98.25,98.25,United Kingdom,1,1,2,1,121,Lost / Low-Value
17350,2011-12-01 15:47:00,4,1281.32,770,66,8,-29.88,1251.4399999999998,320.33,United Kingdom,1,5,4,4,544,Champions
17351,2011-11-03 18:45:00,3,587.15,113,22,36,0.0,587.15,195.71666666666667,United Kingdom,1,3,4,3,343,Loyal Customers
17353,2011-08-02 17:19:00,2,1740.0,1200,5,129,0.0,1740.0,870.0,United Kingdom,1,2,3,4,234,At-Risk High-Value
17354,2011-10-20 10:34:00,1,1393.06,1006,15,51,0.0,1393.06,1393.06,United Kingdom,1,3,2,4,324,Needs Attention
17356,2011-02-01 11:07:00,1,178.22,166,19,312,0.0,178.22,178.22,United Kingdom,1,1,2,1,121,Lost / Low-Value
17357,2011-11-15 16:30:00,2,384.39,152,41,24,0.0,384.39,192.195,United Kingdom,1,4,3,2,432,Loyal Customers
17358,2011-02-09 16:57:00,2,360.81,190,55,303,0.0,360.81,180.405,United Kingdom,1,1,3,2,132,Needs Attention
17359,2011-11-28 14:37:00,1,127.86,161,13,11,0.0,127.86,127.86,United Kingdom,1,5,2,1,521,New Inflow
17360,2011-11-22 13:11:00,3,568.24,328,113,17,0.0,568.24,189.41333333333333,United Kingdom,1,4,4,3,443,Loyal Customers
17361,2011-10-21 15:43:00,3,488.2,157,26,49,0.0,488.2,162.73333333333332,United Kingdom,1,3,4,3,343,Loyal Customers
17362,2011-04-14 14:43:00,2,312.23,191,30,239,0.0,312.23,156.115,United Kingdom,1,1,3,2,132,Needs Attention
17364,2011-12-09 09:00:00,11,4462.68,2692,288,1,-25.45,4437.2300000000005,405.69818181818187,United Kingdom,1,5,5,5,555,Champions
17365,2011-11-27 12:13:00,8,4762.32,4737,277,13,0.0,4762.32,595.29,United Kingdom,1,5,5,5,555,Champions
17367,2011-04-15 14:21:00,1,167.55,149,33,238,0.0,167.55,167.55,United Kingdom,1,1,2,1,121,Lost / Low-Value
17368,2011-11-16 15:26:00,8,1878.87,1377,93,23,-563.15,1315.7199999999998,234.85875,United Kingdom,1,4,5,4,454,Champions
17370,2011-09-28 10:14:00,4,446.18,540,31,73,0.0,446.18,111.545,United Kingdom,1,2,4,2,242,Needs Attention
17371,2011-11-22 13:30:00,3,418.4,151,83,17,0.0,418.4,139.46666666666667,United Kingdom,1,4,4,2,442,Loyal Customers
17372,2011-10-30 11:37:00,8,1337.18,747,215,41,0.0,1337.18,167.1475,United Kingdom,1,3,5,4,354,Loyal Customers
17373,2011-10-30 15:28:00,4,646.92,408,47,40,0.0,646.92,161.73,United Kingdom,1,3,4,3,343,Loyal Customers
17374,2011-05-05 09:05:00,2,495.77,85,24,219,0.0,495.77,247.885,United Kingdom,1,1,3,3,133,At-Risk High-Value
17375,2011-05-24 15:45:00,3,400.1,367,63,199,-27.6,372.5,133.36666666666667,United Kingdom,1,1,4,2,142,Needs Attention
17376,2011-09-30 12:36:00,2,203.2,86,23,71,0.0,203.2,101.6,United Kingdom,1,3,3,1,331,Loyal Customers
17377,2011-11-16 11:17:00,20,4058.32,2038,190,24,-175.0,3883.32,202.916,United Kingdom,1,4,5,5,455,Champions
17379,2011-11-28 13:56:00,1,389.71999999999997,623,71,11,0.0,389.71999999999997,389.71999999999997,United Kingdom,1,5,2,2,522,New Inflow
17381,2011-12-01 11:59:00,29,20275.61,25649,40,9,-3.18,20272.43,699.1589655172414,United Kingdom,1,5,5,5,555,Champions
17382,2011-10-05 13:05:00,1,65.4,25,2,65,0.0,65.4,65.4,United Kingdom,1,3,2,1,321,Needs Attention
17383,2011-12-05 17:36:00,1,193.39000000000001,148,49,4,0.0,193.39000000000001,193.39000000000001,United Kingdom,1,5,2,1,521,New Inflow
17384,2011-11-20 15:48:00,2,336.4,88,12,19,0.0,336.4,168.2,United Kingdom,1,4,3,2,432,Loyal Customers
17385,2011-11-25 11:02:00,1,256.11,197,42,15,0.0,256.11,256.11,United Kingdom,1,4,2,2,422,New Inflow
17386,2011-12-02 11:28:00,6,2686.42,1902,23,8,0.0,2686.42,447.7366666666667,United Kingdom,1,5,5,5,555,Champions
17387,2011-11-20 11:00:00,2,746.81,522,71,20,0.0,746.81,373.405,United Kingdom,1,4,3,3,433,Loyal Customers
17388,2011-09-23 10:31:00,4,1259.56,1068,13,78,0.0,1259.56,314.89,United Kingdom,1,2,4,4,244,At-Risk High-Value
17389,2011-12-09 09:38:00,34,31833.68,7612,45,1,-516.2,31317.48,936.2847058823529,United Kingdom,1,5,5,5,555,Champions
17391,2011-06-29 09:58:00,2,508.8,480,2,164,0.0,508.8,254.4,United Kingdom,1,2,3,3,233,At-Risk High-Value
17392,2011-02-06 12:48:00,2,411.27,275,52,307,0.0,411.27,205.635,United Kingdom,1,1,3,2,132,Needs Attention
17394,2011-05-04 13:22:00,1,203.86999999999998,241,4,219,0.0,203.86999999999998,203.86999999999998,United Kingdom,1,1,2,1,121,Lost / Low-Value
17396,2011-10-31 14:12:00,7,7312.8,2004,23,39,0.0,7312.8,1044.6857142857143,United Kingdom,1,3,5,5,355,Loyal Customers
17397,2011-11-17 14:08:00,2,681.41,250,88,22,0.0,681.41,340.705,United Kingdom,1,4,3,3,433,Loyal Customers
17398,2011-08-17 09:48:00,3,653.38,310,30,115,0.0,653.38,217.79333333333332,United Kingdom,1,2,4,3,243,At-Risk High-Value
17400,2011-08-05 15:38:00,5,2097.84,1088,175,126,0.0,2097.84,419.56800000000004,United Kingdom,1,2,4,5,245,At-Risk High-Value
17402,2011-12-05 10:15:00,12,2598.85,700,32,5,0.0,2598.85,216.57083333333333,United Kingdom,1,5,5,5,555,Champions
17403,2011-11-03 15:18:00,1,263.92,111,32,36,0.0,263.92,263.92,United Kingdom,1,3,2,2,322,Needs Attention
17404,2011-12-05 16:26:00,13,31781.82,32744,109,4,-1606.0,30175.82,2444.7553846153846,Sweden,0,5,5,5,555,Champions
17405,2011-12-08 17:12:00,3,1031.41,726,77,1,-64.19,967.22,343.80333333333334,United Kingdom,1,5,4,4,544,Champions
17406,2011-01-10 15:07:00,3,2184.42,780,99,333,-271.7,1912.72,728.14,United Kingdom,1,1,4,4,144,At-Risk High-Value
17408,2011-06-29 12:53:00,1,32.65,3,2,163,0.0,32.65,32.65,United Kingdom,1,2,2,1,221,Lost / Low-Value
17409,2011-06-08 10:36:00,2,771.85,105,13,185,0.0,771.85,385.925,United Kingdom,1,1,3,3,133,At-Risk High-Value
17410,2011-11-23 15:46:00,5,1214.72,616,57,16,0.0,1214.72,242.94400000000002,United Kingdom,1,4,4,4,444,Champions
17411,2011-11-27 14:25:00,3,778.94,306,39,12,-30.0,748.94,259.6466666666667,United Kingdom,1,5,4,3,543,Loyal Customers
17412,2011-12-07 11:36:00,7,1258.06,738,48,3,0.0,1258.06,179.72285714285712,United Kingdom,1,5,5,4,554,Champions
17414,2011-10-27 12:13:00,2,778.0,2100,5,44,0.0,778.0,389.0,United Kingdom,1,3,3,3,333,Loyal Customers
17415,2011-09-21 12:50:00,1,507.84,114,14,80,0.0,507.84,507.84,United Kingdom,1,2,2,3,223,Lost / Low-Value
17416,2011-11-10 12:47:00,7,6893.42,4302,186,30,-55.08,6838.34,984.7742857142857,United Kingdom,1,4,5,5,455,Champions
17418,2011-10-28 13:00:00,2,463.46000000000004,289,29,42,0.0,463.46000000000004,231.73000000000002,United Kingdom,1,3,3,2,332,Loyal Customers
17419,2011-11-28 13:47:00,12,4226.57,1876,155,11,-25.6,4200.969999999999,352.21416666666664,United Kingdom,1,5,5,5,555,Champions
17420,2011-10-20 14:52:00,3,598.83,265,28,50,0.0,598.83,199.61,United Kingdom,1,3,4,3,343,Loyal Customers
17422,2011-11-23 13:27:00,6,1979.37,2253,93,16,-126.24,1853.1299999999999,329.895,United Kingdom,1,4,5,4,454,Champions
17423,2011-10-24 13:36:00,2,698.41,459,26,46,-34.78,663.63,349.205,United Kingdom,1,3,3,3,333,Loyal Customers
17425,2011-11-20 15:30:00,2,759.1700000000001,407,42,19,0.0,759.1700000000001,379.58500000000004,United Kingdom,1,4,3,3,433,Loyal Customers
17426,2011-12-01 18:07:00,6,5037.26,3094,179,8,-15.0,5022.26,839.5433333333334,United Kingdom,1,5,5,5,555,Champions
17427,2011-09-29 11:29:00,1,100.8,34,2,72,0.0,100.8,100.8,United Kingdom,1,2,2,1,221,Lost / Low-Value
17428,2011-12-09 09:45:00,28,17256.85,9474,252,1,-178.4,17078.449999999997,616.3160714285714,United Kingdom,1,5,5,5,555,Champions
17429,2011-08-03 13:22:00,3,524.9200000000001,624,36,128,-12.8,512.1200000000001,174.97333333333336,United Kingdom,1,2,4,3,243,At-Risk High-Value
17430,2011-11-07 09:24:00,2,265.76,190,14,33,0.0,265.76,132.88,United Kingdom,1,3,3,2,332,Loyal Customers
17431,2011-01-30 14:36:00,1,403.3,292,41,313,0.0,403.3,403.3,United Kingdom,1,1,2,2,122,Lost / Low-Value
17432,2011-11-21 17:33:00,2,365.76,207,44,18,0.0,365.76,182.88,United Kingdom,1,4,3,2,432,Loyal Customers
17433,2011-09-12 14:24:00,1,303.16,185,53,88,0.0,303.16,303.16,United Kingdom,1,2,2,2,222,Lost / Low-Value
17434,2011-12-07 13:16:00,7,2373.82,1693,100,2,-40.4,2333.42,339.1171428571429,United Kingdom,1,5,5,5,555,Champions
17436,2011-12-08 12:30:00,2,216.3,90,7,2,0.0,216.3,108.15,United Kingdom,1,5,3,1,531,Loyal Customers
17438,2011-03-31 10:26:00,1,388.45000000000005,103,17,254,-10.15,378.30000000000007,388.45000000000005,United Kingdom,1,1,2,2,122,Lost / Low-Value
17440,2011-07-06 11:54:00,3,186.42000000000002,246,3,157,-9.32,177.10000000000002,62.14000000000001,United Kingdom,1,2,4,1,241,Needs Attention
17442,2011-11-03 09:17:00,6,2248.56,1496,96,37,-38.3,2210.2599999999998,374.76,United Kingdom,1,3,5,5,355,Loyal Customers
17443,2011-05-04 10:47:00,1,534.24,504,1,220,0.0,534.24,534.24,Canada,0,1,2,3,123,Lost / Low-Value
17444,2011-07-11 10:33:00,2,2389.1,2118,131,152,0.0,2389.1,1194.55,Canada,0,2,3,5,235,At-Risk High-Value
17446,2011-06-16 10:42:00,2,120.89999999999999,198,6,177,0.0,120.89999999999999,60.449999999999996,United Kingdom,1,2,3,1,231,Needs Attention
17447,2011-10-30 14:18:00,2,541.53,443,33,40,0.0,541.53,270.765,United Kingdom,1,3,3,3,333,Loyal Customers
17449,2011-12-07 16:56:00,7,2516.21,1120,177,2,-16.0,2500.21,359.4585714285714,United Kingdom,1,5,5,5,555,Champions
17450,2011-12-01 13:29:00,46,194390.79,69973,124,8,-4815.26,189575.53,4225.886739130435,United Kingdom,1,5,5,5,555,Champions
17451,2011-12-08 15:02:00,7,1721.4,1203,83,1,-72.45,1648.95,245.91428571428574,United Kingdom,1,5,5,4,554,Champions
17453,2011-11-22 09:42:00,2,486.72,219,19,18,0.0,486.72,243.36,United Kingdom,1,4,3,3,433,Loyal Customers
17454,2011-05-31 13:58:00,4,517.53,243,57,192,0.0,517.53,129.3825,United Kingdom,1,1,4,3,143,At-Risk High-Value
17455,2011-05-20 12:31:00,1,131.7,66,8,204,0.0,131.7,131.7,United Kingdom,1,1,2,1,121,Lost / Low-Value
17456,2010-12-09 15:23:00,1,249.86,222,17,365,0.0,249.86,249.86,United Kingdom,1,1,2,2,122,Lost / Low-Value
17457,2011-08-05 12:48:00,5,1737.7,826,14,127,0.0,1737.7,347.54,United Kingdom,1,2,4,4,244,At-Risk High-Value
17458,2011-11-24 13:01:00,1,316.5,170,52,15,0.0,316.5,316.5,United Kingdom,1,4,2,2,422,New Inflow
17459,2011-10-27 13:25:00,2,657.3,537,88,43,0.0,657.3,328.65,United Kingdom,1,3,3,3,333,Loyal Customers
17460,2011-09-06 15:04:00,6,622.4300000000001,236,18,94,-169.8,452.63000000000005,103.73833333333334,United Kingdom,1,2,5,2,252,Needs Attention
17461,2011-11-17 10:21:00,3,735.82,770,104,23,0.0,735.82,245.27333333333334,United Kingdom,1,4,4,3,443,Loyal Customers
17462,2011-10-10 13:56:00,2,675.69,227,25,60,-12.75,662.94,337.845,United Kingdom,1,3,3,3,333,Loyal Customers
17463,2011-11-23 13:40:00,5,1875.8600000000001,1086,162,16,-15.05,1860.8100000000002,375.172,United Kingdom,1,4,4,4,444,Champions
17464,2011-07-04 13:19:00,1,289.96000000000004,220,9,158,0.0,289.96000000000004,289.96000000000004,United Kingdom,1,2,2,2,222,Lost / Low-Value
17466,2011-11-29 13:15:00,2,763.28,306,41,10,0.0,763.28,381.64,United Kingdom,1,5,3,3,533,Loyal Customers
17468,2011-11-29 15:33:00,2,137.0,116,5,10,0.0,137.0,68.5,United Kingdom,1,5,3,1,531,Loyal Customers
17469,2011-11-23 13:15:00,5,1870.97,787,61,16,-27.91,1843.06,374.194,United Kingdom,1,4,4,4,444,Champions
17470,2011-10-26 12:42:00,5,1125.07,1675,67,45,0.0,1125.07,225.01399999999998,United Kingdom,1,3,4,4,344,Loyal Customers
17472,2011-06-01 14:57:00,3,697.54,455,142,191,0.0,697.54,232.51333333333332,United Kingdom,1,1,4,3,143,At-Risk High-Value
17475,2011-09-21 14:55:00,1,194.37,178,14,79,0.0,194.37,194.37,United Kingdom,1,2,2,1,221,Lost / Low-Value
17480,2011-09-23 11:39:00,1,511.82,338,29,78,-5.3100000000000005,506.51,511.82,United Kingdom,1,2,2,3,223,Lost / Low-Value
17481,2011-12-06 12:28:00,4,1255.59,1061,69,4,-6.25,1249.34,313.8975,United Kingdom,1,5,4,4,544,Champions
17483,2011-10-05 13:10:00,3,414.04,191,18,65,0.0,414.04,138.01333333333335,United Kingdom,1,3,4,2,342,Loyal Customers
17486,2011-03-23 14:00:00,1,396.87,191,24,261,0.0,396.87,396.87,United Kingdom,1,1,2,2,122,Lost / Low-Value
17489,2011-10-12 08:56:00,2,376.64,428,28,59,0.0,376.64,188.32,United Kingdom,1,3,3,2,332,Loyal Customers
17490,2011-12-09 09:08:00,7,2092.32,1134,63,1,-155.49,1936.8300000000002,298.90285714285716,United Kingdom,1,5,5,4,554,Champions
17491,2011-12-08 16:18:00,10,3558.87,2013,72,1,-16.95,3541.92,355.887,United Kingdom,1,5,5,5,555,Champions
17492,2011-04-05 15:21:00,1,374.57,155,12,248,0.0,374.57,374.57,United Kingdom,1,1,2,2,122,Lost / Low-Value
17495,2011-12-02 12:08:00,2,497.56,229,21,8,0.0,497.56,248.78,United Kingdom,1,5,3,3,533,Loyal Customers
17496,2010-12-16 08:39:00,1,271.05,79,10,359,0.0,271.05,271.05,United Kingdom,1,1,2,2,122,Lost / Low-Value
17498,2011-09-25 12:25:00,1,272.21999999999997,394,17,76,0.0,272.21999999999997,272.21999999999997,United Kingdom,1,2,2,2,222,Lost / Low-Value
17499,2011-02-23 09:14:00,1,622.88,711,40,290,0.0,622.88,622.88,United Kingdom,1,1,2,3,123,Lost / Low-Value
17500,2011-11-22 14:25:00,3,1138.0,17,3,17,0.0,1138.0,379.3333333333333,United Kingdom,1,4,4,4,444,Champions
17501,2011-05-03 09:47:00,2,288.6,160,18,221,0.0,288.6,144.3,United Kingdom,1,1,3,2,132,Needs Attention
17502,2011-11-30 13:13:00,4,689.1,376,25,9,0.0,689.1,172.275,United Kingdom,1,5,4,3,543,Loyal Customers
17503,2011-12-07 09:18:00,2,558.96,486,36,3,0.0,558.96,279.48,United Kingdom,1,5,3,3,533,Loyal Customers
17504,2011-05-17 12:59:00,9,2997.03,1664,112,206,-251.75,2745.28,333.00333333333333,United Kingdom,1,1,5,5,155,At-Risk High-Value
17505,2011-07-01 12:50:00,2,1145.8400000000001,556,48,162,0.0,1145.8400000000001,572.9200000000001,United Kingdom,1,2,3,4,234,At-Risk High-Value
17506,2011-09-25 11:39:00,1,302.2,139,14,76,-7.91,294.28999999999996,302.2,United Kingdom,1,2,2,2,222,Lost / Low-Value
17507,2011-03-23 11:48:00,2,605.58,359,79,262,0.0,605.58,302.79,United Kingdom,1,1,3,3,133,At-Risk High-Value
17508,2011-03-04 08:10:00,1,387.31,289,22,281,0.0,387.31,387.31,Greece,0,1,2,2,122,Lost / Low-Value
17509,2011-10-13 10:26:00,8,6083.64,3512,75,58,-14.4,6069.240000000001,760.455,United Kingdom,1,3,5,5,355,Loyal Customers
17510,2011-11-15 10:00:00,1,308.48,214,20,25,0.0,308.48,308.48,United Kingdom,1,4,2,2,422,New Inflow
17511,2011-12-07 10:12:00,31,91062.38,64549,453,3,-2924.18,88138.20000000001,2937.496129032258,United Kingdom,1,5,5,5,555,Champions
17512,2011-11-11 12:11:00,10,2924.9900000000002,2753,61,29,-4.95,2920.0400000000004,292.499,United Kingdom,1,4,5,5,455,Champions
17513,2011-09-28 16:42:00,1,513.2,254,6,72,0.0,513.2,513.2,United Kingdom,1,2,2,3,223,Lost / Low-Value
17514,2011-08-03 15:45:00,1,208.65,135,40,128,0.0,208.65,208.65,United Kingdom,1,2,2,1,221,Lost / Low-Value
17515,2011-11-08 14:04:00,4,639.02,243,49,31,0.0,639.02,159.755,United Kingdom,1,4,4,3,443,Loyal Customers
17516,2011-11-24 16:51:00,5,764.88,414,113,15,0.0,764.88,152.976,United Kingdom,1,4,4,3,443,Loyal Customers
17517,2011-02-04 11:48:00,1,153.94,102,11,309,0.0,153.94,153.94,United Kingdom,1,1,2,1,121,Lost / Low-Value
17519,2011-11-22 16:43:00,6,1844.02,1236,60,17,-4.949999999999999,1839.07,307.33666666666664,United Kingdom,1,4,5,4,454,Champions
17520,2011-10-17 12:04:00,1,546.81,365,30,54,0.0,546.81,546.81,United Kingdom,1,3,2,3,323,Needs Attention
17521,2011-11-10 11:22:00,3,723.21,519,38,30,-1.25,721.96,241.07000000000002,United Kingdom,1,4,4,3,443,Loyal Customers
17522,2011-12-08 12:31:00,5,1066.15,1022,58,2,0.0,1066.15,213.23000000000002,United Kingdom,1,5,4,4,544,Champions
17523,2011-11-28 13:20:00,4,652.74,872,25,11,0.0,652.74,163.185,United Kingdom,1,5,4,3,543,Loyal Customers
17524,2010-12-13 14:32:00,1,145.0,90,6,361,0.0,145.0,145.0,United Kingdom,1,1,2,1,121,Lost / Low-Value
17525,2010-12-15 12:05:00,1,422.7,82,9,360,0.0,422.7,422.7,United Kingdom,1,1,2,2,122,Lost / Low-Value
17526,2011-12-05 11:05:00,4,1195.8999999999999,310,17,5,-489.19999999999993,706.6999999999999,298.97499999999997,United Kingdom,1,5,4,3,543,Loyal Customers
17527,2011-10-17 12:32:00,4,939.37,488,45,54,-50.510000000000005,888.86,234.8425,United Kingdom,1,3,4,3,343,Loyal Customers
17528,2011-12-08 13:27:00,8,3628.5,2138,183,1,-88.4,3540.1,453.5625,United Kingdom,1,5,5,5,555,Champions
17530,2011-12-08 18:42:00,10,2362.53,1511,305,1,0.0,2362.53,236.25300000000001,United Kingdom,1,5,5,5,555,Champions
17531,2011-06-02 19:17:00,1,296.7,136,14,190,0.0,296.7,296.7,United Kingdom,1,1,2,2,122,Lost / Low-Value
17534,2011-10-17 12:47:00,1,223.36,103,9,54,0.0,223.36,223.36,United Kingdom,1,3,2,1,321,Needs Attention
17535,2011-03-04 15:20:00,1,164.4,136,13,280,0.0,164.4,164.4,United Kingdom,1,1,2,1,121,Lost / Low-Value
17536,2011-06-15 13:23:00,1,76.5,6,3,177,0.0,76.5,76.5,United Kingdom,1,2,2,1,221,Lost / Low-Value
17537,2011-11-10 10:56:00,2,887.6700000000001,699,74,30,0.0,887.6700000000001,443.83500000000004,United Kingdom,1,4,3,3,433,Loyal Customers
17538,2011-11-14 12:12:00,1,98.42,134,9,26,0.0,98.42,98.42,United Kingdom,1,4,2,1,421,New Inflow
17540,2011-11-15 11:56:00,2,578.9,194,20,25,-8.5,570.4,289.45,United Kingdom,1,4,3,3,433,Loyal Customers
17542,2011-03-15 11:45:00,1,170.75,134,24,270,0.0,170.75,170.75,United Kingdom,1,1,2,1,121,Lost / Low-Value
17545,2011-10-27 14:04:00,3,642.32,337,122,43,0.0,642.32,214.10666666666668,United Kingdom,1,3,4,3,343,Loyal Customers
17549,2011-11-16 09:59:00,2,148.86,210,5,24,0.0,148.86,74.43,United Kingdom,1,4,3,1,431,Loyal Customers
17550,2011-05-26 14:09:00,3,267.16,86,42,197,0.0,267.16,89.05333333333334,United Kingdom,1,1,4,2,142,Needs Attention
17551,2010-12-15 14:12:00,1,290.34,142,39,359,0.0,290.34,290.34,United Kingdom,1,1,2,2,122,Lost / Low-Value
17552,2011-10-10 17:00:00,4,930.41,719,43,60,-16.5,913.91,232.6025,United Kingdom,1,3,4,4,344,Loyal Customers
17553,2011-08-02 10:00:00,1,1487.6,1048,2,130,0.0,1487.6,1487.6,United Kingdom,1,2,2,4,224,Lost / Low-Value
17554,2011-12-08 14:15:00,5,1952.45,1763,58,1,0.0,1952.45,390.49,United Kingdom,1,5,4,4,544,Champions
17555,2011-11-20 12:22:00,2,480.31,348,101,20,0.0,480.31,240.155,United Kingdom,1,4,3,3,433,Loyal Customers
17556,2011-05-18 10:48:00,1,157.9,101,6,206,0.0,157.9,157.9,United Kingdom,1,1,2,1,121,Lost / Low-Value
17557,2011-11-25 12:57:00,3,541.46,306,27,14,0.0,541.46,180.48666666666668,United Kingdom,1,4,4,3,443,Loyal Customers
17560,2011-09-06 09:18:00,4,854.95,635,22,95,0.0,854.95,213.7375,United Kingdom,1,2,4,3,243,At-Risk High-Value
17561,2011-11-20 12:53:00,1,165.12,144,44,19,0.0,165.12,165.12,United Kingdom,1,4,2,1,421,New Inflow
17562,2011-11-25 14:21:00,7,1122.38,817,48,14,-15.0,1107.38,160.34,United Kingdom,1,4,5,4,454,Champions
17564,2011-11-15 13:27:00,3,454.01,146,38,24,0.0,454.01,151.33666666666667,United Kingdom,1,4,4,2,442,Loyal Customers
17566,2011-12-01 19:54:00,2,869.77,497,113,8,0.0,869.77,434.885,United Kingdom,1,5,3,3,533,Loyal Customers
17567,2011-12-02 15:48:00,8,4331.48,2632,110,7,-318.92,4012.5599999999995,541.435,United Kingdom,1,5,5,5,555,Champions
17569,2011-01-11 14:15:00,1,344.14,159,29,332,0.0,344.14,344.14,United Kingdom,1,1,2,2,122,Lost / Low-Value
17571,2011-10-20 15:57:00,4,1424.42,875,246,50,0.0,1424.42,356.105,United Kingdom,1,3,4,4,344,Loyal Customers
17572,2011-09-29 17:53:00,4,226.75000000000003,95,7,71,0.0,226.75000000000003,56.68750000000001,United Kingdom,1,3,4,1,341,Loyal Customers
17573,2011-11-10 13:01:00,3,380.6,308,24,29,-17.700000000000003,362.90000000000003,126.86666666666667,United Kingdom,1,4,4,2,442,Loyal Customers
17574,2011-04-11 09:47:00,1,185.65,77,8,243,0.0,185.65,185.65,United Kingdom,1,1,2,1,121,Lost / Low-Value
17576,2011-12-01 17:56:00,19,3564.83,1967,245,8,-164.9,3399.93,187.62263157894736,United Kingdom,1,5,5,5,555,Champions
17578,2011-05-05 18:38:00,1,143.45999999999998,138,5,218,-18.72,124.73999999999998,143.45999999999998,United Kingdom,1,1,2,1,121,Lost / Low-Value
17579,2011-12-05 12:28:00,3,448.90000000000003,258,46,5,-8.7,440.20000000000005,149.63333333333335,United Kingdom,1,5,4,2,542,Loyal Customers
17580,2011-04-01 12:41:00,3,212.77,87,42,253,0.0,212.77,70.92333333333333,United Kingdom,1,1,4,1,141,Needs Attention
17581,2011-12-09 12:21:00,25,11025.24,5915,229,1,-308.93,10716.31,441.0096,United Kingdom,1,5,5,5,555,Champions
17582,2011-04-17 13:18:00,1,175.27,123,28,236,0.0,175.27,175.27,United Kingdom,1,1,2,1,121,Lost / Low-Value
17584,2011-12-02 17:12:00,2,1242.3,458,30,7,-15.0,1227.3,621.15,United Kingdom,1,5,3,4,534,Loyal Customers
17585,2011-08-22 13:30:00,4,1116.68,1650,176,109,0.0,1116.68,279.17,United Kingdom,1,2,4,4,244,At-Risk High-Value
17588,2011-08-31 13:37:00,3,1240.2,676,19,100,0.0,1240.2,413.40000000000003,United Kingdom,1,2,4,4,244,At-Risk High-Value
17589,2011-10-10 16:58:00,4,2402.92,1630,171,60,0.0,2402.92,600.73,United Kingdom,1,3,4,5,345,Loyal Customers
17590,2011-12-07 12:55:00,3,1466.77,821,161,2,0.0,1466.77,488.92333333333335,United Kingdom,1,5,4,4,544,Champions
17591,2011-09-27 13:42:00,7,2203.67,1000,81,73,-10.95,2192.7200000000003,314.81,United Kingdom,1,2,5,5,255,At-Risk High-Value
17593,2011-12-06 10:30:00,5,3923.86,3089,190,4,-15.78,3908.08,784.772,United Kingdom,1,5,4,5,545,Champions
17594,2011-09-15 16:34:00,2,993.1800000000001,550,42,85,0.0,993.1800000000001,496.59000000000003,United Kingdom,1,2,3,4,234,At-Risk High-Value
17595,2011-11-27 16:08:00,2,386.69,228,68,12,0.0,386.69,193.345,United Kingdom,1,5,3,2,532,Loyal Customers
17596,2011-11-16 14:11:00,7,2806.69,4376,168,23,0.0,2806.69,400.9557142857143,United Kingdom,1,4,5,5,455,Champions
17597,2011-05-10 11:54:00,1,2044.3700000000001,1176,55,214,0.0,2044.3700000000001,2044.3700000000001,United Kingdom,1,1,2,5,125,Lost / Low-Value
17600,2011-11-22 09:43:00,1,161.67000000000002,144,13,18,0.0,161.67000000000002,161.67000000000002,United Kingdom,1,4,2,1,421,New Inflow
17601,2011-04-14 18:02:00,1,116.00999999999999,103,9,239,0.0,116.00999999999999,116.00999999999999,United Kingdom,1,1,2,1,121,Lost / Low-Value
17602,2011-12-07 13:53:00,6,5054.42,4116,335,2,-52.2,5002.22,842.4033333333333,United Kingdom,1,5,5,5,555,Champions
17603,2011-09-22 14:18:00,1,394.72,74,11,78,-3.75,390.97,394.72,United Kingdom,1,2,2,2,222,Lost / Low-Value
17604,2011-05-06 13:43:00,2,309.36,169,57,217,0.0,309.36,154.68,United Kingdom,1,1,3,2,132,Needs Attention
17608,2011-11-06 13:06:00,2,191.99,229,54,33,0.0,191.99,95.995,United Kingdom,1,3,3,1,331,Loyal Customers
17609,2011-10-30 12:28:00,5,1098.28,692,198,41,-8.3,1089.98,219.656,United Kingdom,1,3,4,4,344,Loyal Customers
17611,2011-12-02 13:29:00,15,3961.12,2550,440,7,-36.35,3924.77,264.07466666666664,United Kingdom,1,5,5,5,555,Champions
17612,2011-10-17 14:59:00,6,2048.45,1808,116,53,-48.129999999999995,2000.3199999999997,341.4083333333333,United Kingdom,1,3,5,5,355,Loyal Customers
17613,2011-11-17 10:51:00,14,4544.55,2490,211,23,-49.78,4494.77,324.6107142857143,United Kingdom,1,4,5,5,455,Champions
17614,2011-10-13 16:01:00,1,386.32,235,97,57,0.0,386.32,386.32,United Kingdom,1,3,2,2,322,Needs Attention
17615,2011-08-01 14:06:00,3,329.6,140,13,130,0.0,329.6,109.86666666666667,United Kingdom,1,2,4,2,242,Needs Attention
17616,2011-06-19 10:11:00,3,571.1999999999999,224,1,174,0.0,571.1999999999999,190.39999999999998,United Kingdom,1,2,4,3,243,At-Risk High-Value
17618,2011-12-04 11:50:00,3,930.28,319,56,6,0.0,930.28,310.0933333333333,United Kingdom,1,5,4,4,544,Champions
17619,2011-01-31 14:18:00,1,214.37,124,71,312,0.0,214.37,214.37,United Kingdom,1,1,2,1,121,Lost / Low-Value
17620,2011-10-11 12:08:00,1,81.44,60,4,60,0.0,81.44,81.44,United Kingdom,1,3,2,1,321,Needs Attention
17621,2011-11-18 17:11:00,3,1379.9,514,24,21,-43.8,1336.1000000000001,459.9666666666667,United Kingdom,1,4,4,4,444,Champions
17623,2011-11-07 11:32:00,1,527.05,265,33,33,0.0,527.05,527.05,United Kingdom,1,3,2,3,323,Needs Attention
17624,2011-11-25 10:52:00,2,843.48,554,49,15,0.0,843.48,421.74,United Kingdom,1,4,3,3,433,Loyal Customers
17625,2011-11-21 13:36:00,4,2020.4,1180,223,18,0.0,2020.4,505.1,United Kingdom,1,4,4,5,445,Champions
17628,2011-09-19 15:21:00,1,75.75,79,5,81,0.0,75.75,75.75,United Kingdom,1,2,2,1,221,Lost / Low-Value
17629,2011-12-04 10:56:00,8,1814.1200000000001,1629,106,6,-30.0,1784.1200000000001,226.76500000000001,United Kingdom,1,5,5,4,554,Champions
17630,2011-06-23 11:58:00,2,503.6,158,24,170,0.0,503.6,251.8,United Kingdom,1,2,3,3,233,At-Risk High-Value
17631,2011-12-08 09:47:00,3,528.33,334,39,2,0.0,528.33,176.11,United Kingdom,1,5,4,3,543,Loyal Customers
17633,2011-11-08 13:25:00,4,1324.84,644,59,31,-82.5,1242.34,331.21,United Kingdom,1,4,4,4,444,Champions
17634,2011-11-03 13:09:00,9,2358.59,838,209,36,0.0,2358.59,262.0655555555556,United Kingdom,1,3,5,5,355,Loyal Customers
17636,2011-11-20 14:40:00,1,285.56,182,20,19,-19.630000000000003,265.93,285.56,United Kingdom,1,4,2,2,422,New Inflow
17637,2011-11-08 12:51:00,2,547.0600000000001,280,35,31,0.0,547.0600000000001,273.53000000000003,United Kingdom,1,4,3,3,433,Loyal Customers
17639,2011-03-08 15:22:00,1,108.5,49,7,276,0.0,108.5,108.5,United Kingdom,1,1,2,1,121,Lost / Low-Value
17640,2011-09-14 09:13:00,1,621.66,250,5,87,0.0,621.66,621.66,United Kingdom,1,2,2,3,223,Lost / Low-Value
17642,2011-08-12 09:11:00,2,712.29,474,34,120,0.0,712.29,356.145,United Kingdom,1,2,3,3,233,At-Risk High-Value
17643,2010-12-01 14:38:00,1,101.55,71,8,373,0.0,101.55,101.55,United Kingdom,1,1,2,1,121,Lost / Low-Value
17644,2011-12-08 13:43:00,11,2895.64,1793,102,1,-126.66,2768.98,263.24,United Kingdom,1,5,5,5,555,Champions
17646,2011-05-04 13:17:00,3,1008.39,323,46,219,-12.73,995.66,336.13,United Kingdom,1,1,4,4,144,At-Risk High-Value
17647,2011-10-05 15:38:00,1,133.06,30,7,65,0.0,133.06,133.06,United Kingdom,1,3,2,1,321,Needs Attention
17648,2011-10-10 09:41:00,4,1797.5,487,81,61,-7.95,1789.55,449.375,United Kingdom,1,3,4,4,344,Loyal Customers
17649,2011-07-24 15:53:00,1,868.49,399,52,138,-6.75,861.74,868.49,United Kingdom,1,2,2,3,223,Lost / Low-Value
17650,2011-11-18 14:52:00,1,166.07999999999998,150,8,21,0.0,166.07999999999998,166.07999999999998,United Kingdom,1,4,2,1,421,New Inflow
17651,2011-11-28 10:29:00,10,3945.0,3112,149,12,-58.33,3886.67,394.5,United Kingdom,1,5,5,5,555,Champions
17652,2011-11-14 12:55:00,12,4867.72,2509,118,25,-130.59,4737.13,405.6433333333334,United Kingdom,1,4,5,5,455,Champions
17653,2011-11-03 12:46:00,4,1207.56,1409,44,37,-31.68,1175.8799999999999,301.89,United Kingdom,1,3,4,4,344,Loyal Customers
17654,2011-03-07 13:17:00,1,117.55,41,22,277,0.0,117.55,117.55,United Kingdom,1,1,2,1,121,Lost / Low-Value
17655,2011-11-29 11:34:00,7,2638.94,1116,66,11,-67.2,2571.7400000000002,376.99142857142857,United Kingdom,1,5,5,5,555,Champions
17656,2011-09-27 13:04:00,5,1674.69,1399,67,73,0.0,1674.69,334.938,United Kingdom,1,2,4,4,244,At-Risk High-Value
17658,2011-11-14 12:07:00,2,595.42,616,17,26,-109.54,485.87999999999994,297.71,United Kingdom,1,4,3,3,433,Loyal Customers
17659,2011-11-22 13:29:00,12,2999.46,1525,127,17,-44.71,2954.75,249.955,United Kingdom,1,4,5,5,455,Champions
17660,2011-07-21 13:37:00,1,178.75,121,37,141,0.0,178.75,178.75,United Kingdom,1,2,2,1,221,Lost / Low-Value
17663,2011-11-14 08:56:00,7,1802.91,797,63,26,-14.64,1788.27,257.55857142857144,United Kingdom,1,4,5,4,454,Champions
17664,2011-11-21 11:29:00,2,604.64,604,41,19,0.0,604.64,302.32,United Kingdom,1,4,3,3,433,Loyal Customers
17666,2011-12-06 09:06:00,2,728.16,596,14,4,0.0,728.16,364.08,United Kingdom,1,5,3,3,533,Loyal Customers
17667,2011-10-04 14:32:00,5,2055.51,1033,85,66,0.0,2055.51,411.10200000000003,United Kingdom,1,3,4,5,345,Loyal Customers
17668,2011-12-08 13:25:00,2,347.75,93,14,1,0.0,347.75,173.875,United Kingdom,1,5,3,2,532,Loyal Customers
17669,2011-10-28 08:53:00,7,3406.7200000000003,1916,45,43,0.0,3406.7200000000003,486.67428571428576,United Kingdom,1,3,5,5,355,Loyal Customers
17670,2011-04-26 09:12:00,1,205.7,110,11,228,0.0,205.7,205.7,United Kingdom,1,1,2,1,121,Lost / Low-Value
17671,2011-11-24 12:21:00,4,1572.71,772,40,16,-288.63,1284.08,393.1775,United Kingdom,1,4,4,4,444,Champions
17672,2011-10-20 14:18:00,2,3178.17,1690,105,50,-71.55,3106.62,1589.085,United Kingdom,1,3,3,5,335,Loyal Customers
17673,2011-12-08 12:50:00,6,1594.97,1462,118,2,-6.9,1588.07,265.8283333333333,United Kingdom,1,5,5,4,554,Champions
17674,2011-09-26 13:35:00,2,551.04,672,19,74,0.0,551.04,275.52,United Kingdom,1,2,3,3,233,At-Risk High-Value
17675,2011-12-08 18:03:00,31,20374.28,8360,239,1,-276.18,20098.1,657.2348387096774,United Kingdom,1,5,5,5,555,Champions
17676,2011-12-05 15:16:00,6,1371.18,922,49,4,0.0,1371.18,228.53,United Kingdom,1,5,5,4,554,Champions
17677,2011-12-08 09:56:00,30,16345.38,9772,178,2,-144.01,16201.369999999999,544.846,United Kingdom,1,5,5,5,555,Champions
17678,2011-03-21 11:52:00,1,298.11,207,16,264,0.0,298.11,298.11,United Kingdom,1,1,2,2,122,Lost / Low-Value
17679,2011-10-18 07:43:00,2,1992.1100000000001,729,29,53,0.0,1992.1100000000001,996.0550000000001,United Kingdom,1,3,3,4,334,Loyal Customers
17680,2011-11-16 12:42:00,1,184.4,96,11,24,0.0,184.4,184.4,United Kingdom,1,4,2,1,421,New Inflow
17682,2011-11-29 15:59:00,6,2474.33,1367,48,10,-15.0,2459.33,412.3883333333333,United Kingdom,1,5,5,5,555,Champions
17684,2011-10-27 11:10:00,1,239.41,145,15,44,0.0,239.41,239.41,United Kingdom,1,3,2,1,321,Needs Attention
17685,2011-11-23 11:36:00,7,3155.83,1907,88,17,0.0,3155.83,450.8328571428571,United Kingdom,1,4,5,5,455,Champions
17686,2011-12-02 15:39:00,7,5739.46,2478,205,7,0.0,5739.46,819.9228571428572,United Kingdom,1,5,5,5,555,Champions
17690,2011-11-09 15:17:00,15,4726.8,1769,186,30,-9.5,4717.3,315.12,United Kingdom,1,4,5,5,455,Champions
17691,2010-12-16 17:20:00,2,290.40000000000003,134,18,358,0.0,290.40000000000003,145.20000000000002,United Kingdom,1,1,3,2,132,Needs Attention
17692,2011-08-04 14:01:00,4,725.58,624,33,127,-7.5,718.08,181.395,United Kingdom,1,2,4,3,243,At-Risk High-Value
17693,2011-07-25 15:48:00,1,200.47,231,16,137,-13.45,187.02,200.47,United Kingdom,1,2,2,1,221,Lost / Low-Value
17694,2011-07-21 12:00:00,1,283.12,184,15,142,0.0,283.12,283.12,United Kingdom,1,2,2,2,222,Lost / Low-Value
17695,2011-07-31 10:40:00,2,765.34,779,30,132,0.0,765.34,382.67,United Kingdom,1,2,3,3,233,At-Risk High-Value
17696,2011-11-01 13:43:00,8,2285.71,1756,78,38,-84.66,2201.05,285.71375,United Kingdom,1,3,5,5,355,Loyal Customers
17697,2011-04-17 15:40:00,1,338.95,93,19,236,0.0,338.95,338.95,United Kingdom,1,1,2,2,122,Lost / Low-Value
17698,2011-03-24 11:34:00,1,154.95,93,8,261,0.0,154.95,154.95,United Kingdom,1,1,2,1,121,Lost / Low-Value
17700,2011-11-23 11:51:00,4,2534.64,1266,116,17,-25.75,2508.89,633.66,United Kingdom,1,4,4,5,445,Champions
17701,2011-04-01 12:25:00,1,417.95,109,24,253,0.0,417.95,417.95,United Kingdom,1,1,2,2,122,Lost / Low-Value
17702,2011-11-09 16:03:00,4,1824.37,1353,58,30,-104.65,1719.7199999999998,456.0925,United Kingdom,1,4,4,4,444,Champions
17703,2011-11-04 15:51:00,3,798.74,590,47,35,0.0,798.74,266.24666666666667,United Kingdom,1,3,4,3,343,Loyal Customers
17704,2011-06-24 09:40:00,2,885.19,343,27,169,0.0,885.19,442.595,United Kingdom,1,2,3,3,233,At-Risk High-Value
17705,2011-12-06 13:45:00,9,1823.52,963,63,3,-42.4,1781.12,202.61333333333334,United Kingdom,1,5,5,4,554,Champions
17706,2011-12-05 13:34:00,17,10504.49,3899,270,4,-407.12,10097.369999999999,617.9111764705882,United Kingdom,1,5,5,5,555,Champions
17707,2011-06-07 15:03:00,2,152.4,144,3,185,0.0,152.4,76.2,United Kingdom,1,1,3,1,131,Needs Attention
17708,2011-06-05 10:12:00,2,263.33,90,28,188,0.0,263.33,131.665,United Kingdom,1,1,3,2,132,Needs Attention
17709,2011-06-23 11:55:00,1,137.45,17,7,170,0.0,137.45,137.45,United Kingdom,1,2,2,1,221,Lost / Low-Value
17711,2011-11-29 11:40:00,2,385.1,246,22,11,0.0,385.1,192.55,United Kingdom,1,5,3,2,532,Loyal Customers
17712,2011-10-26 12:28:00,1,522.91,215,29,45,0.0,522.91,522.91,United Kingdom,1,3,2,3,323,Needs Attention
17714,2011-01-23 10:32:00,1,153.0,92,10,321,0.0,153.0,153.0,United Kingdom,1,1,2,1,121,Lost / Low-Value
17715,2011-05-23 12:32:00,1,326.4,384,1,201,0.0,326.4,326.4,United Kingdom,1,1,2,2,122,Lost / Low-Value
17716,2011-11-17 12:00:00,11,5655.99,3072,171,23,-150.2,5505.79,514.180909090909,United Kingdom,1,4,5,5,455,Champions
17718,2011-04-21 13:39:00,1,139.35,83,6,232,0.0,139.35,139.35,United Kingdom,1,1,2,1,121,Lost / Low-Value
17719,2011-11-02 10:36:00,15,5396.04,2466,111,38,-28.240000000000002,5367.8,359.736,United Kingdom,1,3,5,5,355,Loyal Customers
17720,2011-11-13 15:04:00,4,1195.94,576,39,26,0.0,1195.94,298.985,United Kingdom,1,4,4,4,444,Champions
17722,2011-09-04 15:22:00,4,2424.04,1595,111,96,-43.4,2380.64,606.01,United Kingdom,1,2,4,5,245,At-Risk High-Value
17723,2011-08-04 18:37:00,6,3276.4000000000005,792,4,127,0.0,3276.4000000000005,546.0666666666667,United Kingdom,1,2,5,5,255,At-Risk High-Value
17724,2011-09-29 15:26:00,3,1033.0,300,38,71,-37.35,995.65,344.3333333333333,United Kingdom,1,3,4,4,344,Loyal Customers
17725,2011-11-23 16:34:00,11,3439.08,2162,115,16,-67.95,3371.13,312.64363636363635,United Kingdom,1,4,5,5,455,Champions
17727,2011-11-24 17:06:00,1,1060.25,645,66,15,-17.700000000000003,1042.55,1060.25,United Kingdom,1,4,2,4,424,New Inflow
17728,2011-12-06 08:52:00,3,2876.01,1469,153,4,-15.299999999999999,2860.71,958.6700000000001,United Kingdom,1,5,4,5,545,Champions
17730,2011-12-06 15:43:00,13,5298.4800000000005,3576,127,3,-9.65,5288.830000000001,407.5753846153847,United Kingdom,1,5,5,5,555,Champions
17731,2011-09-21 15:02:00,4,1240.11,493,54,79,-361.90999999999997,878.1999999999999,310.0275,United Kingdom,1,2,4,3,243,At-Risk High-Value
17732,2010-12-02 09:29:00,1,303.97,93,18,373,0.0,303.97,303.97,United Kingdom,1,1,2,2,122,Lost / Low-Value
17733,2011-11-01 08:16:00,2,692.19,463,33,39,0.0,692.19,346.095,United Kingdom,1,3,3,3,333,Loyal Customers
17734,2011-10-17 12:33:00,3,700.63,422,40,54,0.0,700.63,233.54333333333332,United Kingdom,1,3,4,3,343,Loyal Customers
17735,2011-12-07 16:47:00,19,13110.02,8439,319,2,0.0,13110.02,690.001052631579,United Kingdom,1,5,5,5,555,Champions
17736,2011-11-30 15:36:00,3,377.44,238,24,9,-39.95,337.49,125.81333333333333,United Kingdom,1,5,4,2,542,Loyal Customers
17737,2011-11-30 15:16:00,2,168.24,108,8,9,0.0,168.24,84.12,United Kingdom,1,5,3,1,531,Loyal Customers
17738,2011-11-20 15:05:00,4,1879.05,1029,89,19,-15.7,1863.35,469.7625,United Kingdom,1,4,4,4,444,Champions
17739,2011-11-28 09:12:00,7,2791.35,861,29,12,-5.300000000000001,2786.0499999999997,398.7642857142857,United Kingdom,1,5,5,5,555,Champions
17742,2011-08-18 15:28:00,2,355.11,89,13,113,0.0,355.11,177.555,United Kingdom,1,2,3,2,232,Needs Attention
17744,2011-12-06 12:11:00,6,2322.4,3412,110,4,0.0,2322.4,387.06666666666666,United Kingdom,1,5,5,5,555,Champions
17746,2011-04-13 14:31:00,1,110.25,29,6,240,-11.45,98.8,110.25,United Kingdom,1,1,2,1,121,Lost / Low-Value
17747,2011-08-19 08:13:00,1,71.4,12,1,113,-6.75,64.65,71.4,United Kingdom,1,2,2,1,221,Lost / Low-Value
17749,2011-06-14 15:45:00,2,674.52,320,33,178,0.0,674.52,337.26,United Kingdom,1,2,3,3,233,At-Risk High-Value
17750,2011-12-04 14:09:00,9,1694.16,3696,100,5,0.0,1694.16,188.24,United Kingdom,1,5,5,4,554,Champions
17752,2010-12-15 16:19:00,1,80.64,192,1,359,0.0,80.64,80.64,United Kingdom,1,1,2,1,121,Lost / Low-Value
17754,2011-12-09 11:20:00,5,1664.6499999999999,1816,82,1,-32.34,1632.31,332.92999999999995,United Kingdom,1,5,4,4,544,Champions
17757,2011-12-08 15:31:00,30,5589.4400000000005,3317,274,1,-19.8,5569.64,186.31466666666668,United Kingdom,1,5,5,5,555,Champions
17758,2011-11-20 14:45:00,8,3408.2,2054,310,19,0.0,3408.2,426.025,United Kingdom,1,4,5,5,455,Champions
17759,2011-11-22 16:02:00,3,818.71,696,81,17,0.0,818.71,272.90333333333336,United Kingdom,1,4,4,3,443,Loyal Customers
17760,2011-11-18 10:56:00,2,287.59,239,25,22,0.0,287.59,143.795,United Kingdom,1,4,3,2,432,Loyal Customers
17761,2011-11-07 10:23:00,1,712.78,398,19,33,0.0,712.78,712.78,United Kingdom,1,3,2,3,323,Needs Attention
17763,2011-03-21 14:25:00,1,15.0,12,1,263,0.0,15.0,15.0,United Kingdom,1,1,2,1,121,Lost / Low-Value
17764,2011-10-20 11:03:00,2,772.55,351,71,51,0.0,772.55,386.275,United Kingdom,1,3,3,3,333,Loyal Customers
17765,2011-07-04 12:41:00,3,367.63,143,51,159,0.0,367.63,122.54333333333334,United Kingdom,1,2,4,2,242,Needs Attention
17767,2011-11-24 14:42:00,1,271.2,128,21,15,0.0,271.2,271.2,United Kingdom,1,4,2,2,422,New Inflow
17768,2011-12-01 13:22:00,3,2081.9,1122,77,8,0.0,2081.9,693.9666666666667,United Kingdom,1,5,4,5,545,Champions
17769,2011-11-27 11:18:00,10,3957.43,1850,200,13,-37.349999999999994,3920.08,395.743,United Kingdom,1,5,5,5,555,Champions
17770,2011-05-25 12:34:00,5,1143.27,365,33,199,0.0,1143.27,228.654,United Kingdom,1,1,4,4,144,At-Risk High-Value
17771,2011-10-14 11:43:00,2,245.33,283,50,57,0.0,245.33,122.665,United Kingdom,1,3,3,2,332,Loyal Customers
17772,2011-11-29 11:05:00,2,173.45,55,50,11,0.0,173.45,86.725,United Kingdom,1,5,3,1,531,Loyal Customers
17774,2011-09-04 12:49:00,4,1213.73,508,123,97,-9.95,1203.78,303.4325,United Kingdom,1,2,4,4,244,At-Risk High-Value
17775,2011-03-30 10:50:00,1,56.4,72,3,255,0.0,56.4,56.4,United Kingdom,1,1,2,1,121,Lost / Low-Value
17777,2011-11-15 12:02:00,3,647.56,501,141,25,0.0,647.56,215.85333333333332,United Kingdom,1,4,4,3,443,Loyal Customers
17779,2011-11-18 14:15:00,3,650.32,396,73,21,-16.4,633.9200000000001,216.77333333333334,United Kingdom,1,4,4,3,443,Loyal Customers
17781,2011-07-03 16:00:00,2,188.02,34,12,159,0.0,188.02,94.01,United Kingdom,1,2,3,1,231,Needs Attention
17783,2011-09-28 16:07:00,2,283.47,354,67,72,0.0,283.47,141.735,United Kingdom,1,2,3,2,232,Needs Attention
17785,2011-10-17 13:43:00,1,131.94,67,13,53,0.0,131.94,131.94,United Kingdom,1,3,2,1,321,Needs Attention
17786,2011-09-15 12:51:00,2,266.85,195,57,85,0.0,266.85,133.425,United Kingdom,1,2,3,2,232,Needs Attention
17787,2011-07-10 11:24:00,4,1817.54,896,94,153,0.0,1817.54,454.385,United Kingdom,1,2,4,4,244,At-Risk High-Value
17788,2011-09-27 10:09:00,2,1112.95,210,2,74,0.0,1112.95,556.475,United Kingdom,1,2,3,4,234,At-Risk High-Value
17789,2011-03-03 13:14:00,1,225.9,74,14,281,0.0,225.9,225.9,United Kingdom,1,1,2,1,121,Lost / Low-Value
17790,2011-11-13 11:30:00,14,1964.3,835,121,27,0.0,1964.3,140.30714285714285,United Kingdom,1,4,5,4,454,Champions
17791,2011-11-10 12:09:00,1,106.1,46,10,30,0.0,106.1,106.1,United Kingdom,1,4,2,1,421,New Inflow
17793,2011-11-14 14:24:00,1,300.34,226,49,25,0.0,300.34,300.34,United Kingdom,1,4,2,2,422,New Inflow
17795,2011-06-13 12:36:00,2,342.83,305,43,180,0.0,342.83,171.415,United Kingdom,1,1,3,2,132,Needs Attention
17796,2011-10-30 15:38:00,4,690.0,176,63,40,0.0,690.0,172.5,United Kingdom,1,3,4,3,343,Loyal Customers
17797,2011-11-17 13:21:00,3,780.43,498,102,22,0.0,780.43,260.1433333333333,United Kingdom,1,4,4,3,443,Loyal Customers
17799,2011-11-17 15:16:00,10,3039.17,1753,280,22,-29.849999999999998,3009.32,303.91700000000003,United Kingdom,1,4,5,5,455,Champions
17800,2011-11-02 12:57:00,9,1186.21,731,50,37,0.0,1186.21,131.8011111111111,United Kingdom,1,3,5,4,354,Loyal Customers
17802,2011-09-18 14:56:00,3,1285.04,752,102,82,-33.2,1251.84,428.34666666666664,United Kingdom,1,2,4,4,244,At-Risk High-Value
17805,2011-09-27 11:49:00,1,512.31,478,10,74,0.0,512.31,512.31,United Kingdom,1,2,2,3,223,Lost / Low-Value
17806,2011-11-28 14:12:00,1,546.04,727,43,11,0.0,546.04,546.04,United Kingdom,1,5,2,3,523,New Inflow
17809,2011-11-23 12:59:00,12,5411.91,2057,46,16,-67.06,5344.849999999999,450.9925,United Kingdom,1,4,5,5,455,Champions
17811,2011-12-05 13:46:00,39,7755.12,4145,358,4,-160.02,7595.099999999999,198.84923076923076,United Kingdom,1,5,5,5,555,Champions
17812,2011-11-27 11:47:00,4,699.81,329,113,13,0.0,699.81,174.9525,United Kingdom,1,5,4,3,543,Loyal Customers
17813,2011-11-25 16:13:00,5,1698.07,752,297,14,-56.28,1641.79,339.614,United Kingdom,1,4,4,4,444,Champions
17816,2011-11-03 11:34:00,4,36.56,30,16,37,0.0,36.56,9.14,United Kingdom,1,3,4,1,341,Loyal Customers
17817,2011-12-05 14:39:00,3,387.68,67,32,4,0.0,387.68,129.22666666666666,United Kingdom,1,5,4,2,542,Loyal Customers
17819,2011-09-29 10:52:00,7,3704.87,1031,36,72,-43.8,3661.0699999999997,529.2671428571429,United Kingdom,1,2,5,5,255,At-Risk High-Value
17824,2011-10-19 14:14:00,1,298.4,408,13,51,0.0,298.4,298.4,United Kingdom,1,3,2,2,322,Needs Attention
17827,2011-12-04 15:00:00,5,1987.33,1240,190,5,0.0,1987.33,397.466,United Kingdom,1,5,4,4,544,Champions
17828,2011-11-17 08:41:00,4,1165.09,655,53,23,-90.12,1074.9699999999998,291.2725,Malta,0,4,4,4,444,Champions
17829,2011-02-14 12:46:00,1,889.24,496,30,299,0.0,889.24,889.24,United Arab Emirates,0,1,2,3,123,Lost / Low-Value
17830,2011-12-08 12:28:00,3,398.7,92,18,2,0.0,398.7,132.9,United Kingdom,1,5,4,2,542,Loyal Customers
17831,2011-11-06 15:09:00,1,35.400000000000006,12,2,33,0.0,35.400000000000006,35.400000000000006,United Kingdom,1,3,2,1,321,Needs Attention
17832,2011-10-21 11:43:00,1,155.37,208,61,50,0.0,155.37,155.37,United Kingdom,1,3,2,1,321,Needs Attention
17835,2011-12-07 11:48:00,3,342.24,344,45,3,0.0,342.24,114.08,United Kingdom,1,5,4,2,542,Loyal Customers
17836,2011-10-23 16:13:00,1,109.83,87,22,47,0.0,109.83,109.83,United Kingdom,1,3,2,1,321,Needs Attention
17837,2011-10-28 16:13:00,8,1535.33,508,109,42,-32.85,1502.48,191.91625,United Kingdom,1,3,5,4,354,Loyal Customers
17838,2011-11-13 11:20:00,5,2720.8,1831,96,27,-453.4,2267.4,544.1600000000001,United Kingdom,1,4,4,5,445,Champions
17839,2011-10-28 17:27:00,1,318.15,257,50,42,0.0,318.15,318.15,United Kingdom,1,3,2,2,322,Needs Attention
17841,2011-12-08 12:07:00,124,40495.99,22816,1322,2,-634.5,39861.49,326.580564516129,United Kingdom,1,5,5,5,555,Champions
17843,2011-02-09 15:33:00,1,197.73,88,35,303,0.0,197.73,197.73,United Kingdom,1,1,2,1,121,Lost / Low-Value
17844,2011-08-25 11:27:00,1,51.559999999999995,52,5,107,0.0,51.559999999999995,51.559999999999995,Canada,0,2,2,1,221,Lost / Low-Value
17848,2011-09-19 16:49:00,9,901.2,398,41,81,0.0,901.2,100.13333333333334,United Kingdom,1,2,5,3,253,At-Risk High-Value
17849,2011-05-05 13:46:00,4,605.8000000000001,114,14,218,0.0,605.8000000000001,151.45000000000002,United Kingdom,1,1,4,3,143,At-Risk High-Value
17850,2010-12-02 15:27:00,34,5391.21,1733,21,372,-87.73,5303.4800000000005,158.565,United Kingdom,1,1,5,5,155,At-Risk High-Value
17852,2011-11-28 12:36:00,2,114.34,53,21,12,0.0,114.34,57.17,United Kingdom,1,5,3,1,531,Loyal Customers
17854,2011-06-07 16:21:00,2,311.26,84,15,185,0.0,311.26,155.63,United Kingdom,1,1,3,2,132,Needs Attention
17855,2010-12-02 09:44:00,1,208.97,197,17,373,0.0,208.97,208.97,United Kingdom,1,1,2,1,121,Lost / Low-Value
17856,2011-12-08 09:40:00,4,1418.03,842,12,2,-24.24,1393.79,354.5075,United Kingdom,1,5,4,4,544,Champions
17857,2011-12-05 13:13:00,22,25301.54,14822,18,4,-115.7,25185.84,1150.07,United Kingdom,1,5,5,5,555,Champions
17858,2011-12-04 11:56:00,12,5140.66,2694,101,6,0.0,5140.66,428.3883333333333,United Kingdom,1,5,5,5,555,Champions
17859,2011-02-08 10:32:00,1,141.92,102,23,305,0.0,141.92,141.92,United Kingdom,1,1,2,1,121,Lost / Low-Value
17860,2010-12-06 12:41:00,1,226.45000000000002,93,49,369,0.0,226.45000000000002,226.45000000000002,United Kingdom,1,1,2,1,121,Lost / Low-Value
17861,2011-12-06 16:21:00,8,2097.88,1985,172,3,-41.6,2056.28,262.235,United Kingdom,1,5,5,5,555,Champions
17862,2011-01-20 12:23:00,1,330.9,100,11,324,0.0,330.9,330.9,United Kingdom,1,1,2,2,122,Lost / Low-Value
17863,2011-10-11 13:45:00,6,3160.0,2638,110,59,0.0,3160.0,526.6666666666666,United Kingdom,1,3,5,5,355,Loyal Customers
17864,2011-11-27 11:15:00,3,554.85,706,70,13,0.0,554.85,184.95000000000002,United Kingdom,1,5,4,3,543,Loyal Customers
17865,2011-11-09 12:08:00,20,10524.22,5756,190,31,-367.78,10156.439999999999,526.211,United Kingdom,1,4,5,5,455,Champions
17866,2011-07-20 11:07:00,1,329.65000000000003,174,9,143,-3.95,325.70000000000005,329.65000000000003,United Kingdom,1,2,2,2,222,Lost / Low-Value
17867,2011-11-09 14:15:00,6,1157.8700000000001,508,62,30,-574.35,583.5200000000001,192.97833333333335,United Kingdom,1,4,5,3,453,Loyal Customers
17869,2011-08-24 16:16:00,5,428.18,111,37,107,0.0,428.18,85.636,United Kingdom,1,2,4,2,242,Needs Attention
17870,2011-12-07 15:07:00,12,1865.8899999999999,1351,214,2,-4.95,1860.9399999999998,155.4908333333333,United Kingdom,1,5,5,4,554,Champions
17871,2011-05-19 11:32:00,1,155.9,182,10,205,0.0,155.9,155.9,United Kingdom,1,1,2,1,121,Lost / Low-Value
17873,2011-09-20 16:41:00,5,1719.5800000000002,1034,23,80,-94.80000000000001,1624.7800000000002,343.91600000000005,United Kingdom,1,2,4,4,244,At-Risk High-Value
17874,2011-06-07 12:54:00,6,683.46,221,37,185,-25.200000000000003,658.26,113.91000000000001,United Kingdom,1,1,5,3,153,At-Risk High-Value
17877,2011-06-22 13:00:00,1,237.61,98,12,170,0.0,237.61,237.61,United Kingdom,1,2,2,1,221,Lost / Low-Value
17878,2011-10-27 11:24:00,1,379.45,401,26,44,0.0,379.45,379.45,United Kingdom,1,3,2,2,322,Needs Attention
17879,2011-06-19 12:36:00,1,178.52,45,6,174,0.0,178.52,178.52,United Kingdom,1,2,2,1,221,Lost / Low-Value
17880,2010-12-10 10:21:00,1,458.92,314,26,365,0.0,458.92,458.92,United Kingdom,1,1,2,2,122,Lost / Low-Value
17881,2011-02-08 17:16:00,1,133.35,32,8,304,0.0,133.35,133.35,United Kingdom,1,1,2,1,121,Lost / Low-Value
17883,2011-12-06 17:49:00,4,664.34,374,133,3,0.0,664.34,166.085,United Kingdom,1,5,4,3,543,Loyal Customers
17884,2011-12-06 11:33:00,4,695.07,817,107,4,0.0,695.07,173.7675,United Kingdom,1,5,4,3,543,Loyal Customers
17885,2011-11-27 14:40:00,1,156.34,110,50,12,0.0,156.34,156.34,United Kingdom,1,5,2,1,521,New Inflow
17886,2011-11-08 10:09:00,3,869.28,469,93,32,0.0,869.28,289.76,United Kingdom,1,4,4,3,443,Loyal Customers
17887,2011-08-02 17:29:00,1,111.35,30,10,129,0.0,111.35,111.35,United Kingdom,1,2,2,1,221,Lost / Low-Value
17888,2011-11-18 13:45:00,8,716.0,973,60,21,-200.26999999999998,515.73,89.5,United Kingdom,1,4,5,3,453,Loyal Customers
17889,2011-05-11 16:26:00,2,201.37,77,20,212,0.0,201.37,100.685,United Kingdom,1,1,3,1,131,Needs Attention
17890,2011-01-21 11:19:00,2,586.89,402,88,323,0.0,586.89,293.445,United Kingdom,1,1,3,3,133,At-Risk High-Value
17891,2011-06-30 20:08:00,1,203.85999999999999,393,34,162,0.0,203.85999999999999,203.85999999999999,United Kingdom,1,2,2,1,221,Lost / Low-Value
17892,2011-10-14 16:49:00,3,244.1,109,27,56,0.0,244.1,81.36666666666666,United Kingdom,1,3,4,2,342,Loyal Customers
17893,2011-04-28 13:50:00,1,107.21,149,15,225,0.0,107.21,107.21,United Kingdom,1,1,2,1,121,Lost / Low-Value
17894,2011-09-29 09:23:00,8,1118.54,402,126,72,0.0,1118.54,139.8175,United Kingdom,1,2,5,4,254,At-Risk High-Value
17895,2011-10-26 17:00:00,1,95.45,127,15,44,0.0,95.45,95.45,United Kingdom,1,3,2,1,321,Needs Attention
17896,2011-11-16 13:59:00,1,256.32,288,2,23,0.0,256.32,256.32,United Kingdom,1,4,2,2,422,New Inflow
17897,2011-06-20 11:23:00,3,541.81,222,100,173,-25.5,516.31,180.60333333333332,United Kingdom,1,2,4,3,243,At-Risk High-Value
17898,2011-09-15 14:56:00,2,152.06,190,27,85,0.0,152.06,76.03,United Kingdom,1,2,3,1,231,Needs Attention
17899,2011-07-03 14:58:00,1,154.55,170,29,159,0.0,154.55,154.55,United Kingdom,1,2,2,1,221,Lost / Low-Value
17900,2011-06-02 14:38:00,2,112.19999999999999,73,4,190,-97.19999999999999,15.0,56.099999999999994,United Kingdom,1,1,3,1,131,Needs Attention
17901,2011-11-10 17:29:00,1,110.38,24,19,29,0.0,110.38,110.38,United Kingdom,1,4,2,1,421,New Inflow
17904,2011-11-18 12:57:00,1,181.07,59,33,21,-12.75,168.32,181.07,United Kingdom,1,4,2,1,421,New Inflow
17905,2011-09-29 17:33:00,4,798.99,406,33,71,0.0,798.99,199.7475,United Kingdom,1,3,4,3,343,Loyal Customers
17906,2011-04-06 17:25:00,1,72.9,26,12,247,0.0,72.9,72.9,United Kingdom,1,1,2,1,121,Lost / Low-Value
17908,2010-12-01 11:45:00,1,232.03,169,51,374,0.0,232.03,232.03,United Kingdom,1,1,2,1,121,Lost / Low-Value
17911,2011-11-30 14:52:00,1,366.23,223,39,9,0.0,366.23,366.23,United Kingdom,1,5,2,2,522,New Inflow
17912,2011-02-02 14:25:00,5,310.06,184,35,310,-15.399999999999999,294.66,62.012,United Kingdom,1,1,4,2,142,Needs Attention
17913,2011-10-12 10:45:00,2,408.65,288,55,59,0.0,408.65,204.325,United Kingdom,1,3,3,2,332,Loyal Customers
17914,2011-12-06 11:58:00,1,329.36,457,72,4,0.0,329.36,329.36,United Kingdom,1,5,2,2,522,New Inflow
17917,2011-10-25 13:20:00,3,335.03,184,77,45,0.0,335.03,111.67666666666666,United Kingdom,1,3,4,2,342,Loyal Customers
17919,2011-09-12 13:41:00,1,1304.04,756,23,88,0.0,1304.04,1304.04,United Kingdom,1,2,2,4,224,Lost / Low-Value
17920,2011-12-05 14:29:00,17,4107.6,2471,406,4,0.0,4107.6,241.62352941176474,United Kingdom,1,5,5,5,555,Champions
17921,2011-10-06 18:56:00,4,820.23,425,114,64,0.0,820.23,205.0575,United Kingdom,1,3,4,3,343,Loyal Customers
17923,2011-03-02 15:15:00,1,207.50000000000003,50,1,282,0.0,207.50000000000003,207.50000000000003,United Kingdom,1,1,2,1,121,Lost / Low-Value
17924,2011-11-28 09:11:00,7,2962.5,1160,26,12,-68.17,2894.33,423.2142857142857,United Kingdom,1,5,5,5,555,Champions
17925,2010-12-02 10:10:00,1,244.08,72,1,373,0.0,244.08,244.08,United Kingdom,1,1,2,2,122,Lost / Low-Value
17926,2011-07-29 14:39:00,2,397.29,306,17,133,0.0,397.29,198.645,United Kingdom,1,2,3,2,232,Needs Attention
17928,2011-10-25 13:52:00,2,184.46,68,22,45,0.0,184.46,92.23,United Kingdom,1,3,3,1,331,Loyal Customers
17929,2011-11-28 16:01:00,4,843.0,108,4,11,-8.5,834.5,210.75,United Kingdom,1,5,4,3,543,Loyal Customers
17930,2011-11-04 10:23:00,5,1740.48,1594,26,36,0.0,1740.48,348.096,United Kingdom,1,3,4,4,344,Loyal Customers
17931,2011-07-28 18:33:00,2,408.36,249,63,134,0.0,408.36,204.18,United Kingdom,1,2,3,2,232,Needs Attention
17932,2011-11-10 19:49:00,3,1331.57,789,84,29,0.0,1331.57,443.8566666666666,United Kingdom,1,4,4,4,444,Champions
17934,2011-10-19 11:16:00,2,704.25,478,21,52,0.0,704.25,352.125,United Kingdom,1,3,3,3,333,Loyal Customers
17935,2011-07-24 13:18:00,2,142.89000000000001,81,27,138,0.0,142.89000000000001,71.44500000000001,United Kingdom,1,2,3,1,231,Needs Attention
17936,2011-12-04 13:32:00,1,380.13,257,68,5,0.0,380.13,380.13,United Kingdom,1,5,2,2,522,New Inflow
17937,2011-12-01 11:45:00,7,4301.22,1754,19,9,0.0,4301.22,614.46,United Kingdom,1,5,5,5,555,Champions
17939,2011-07-03 12:27:00,1,99.14,40,12,160,0.0,99.14,99.14,United Kingdom,1,2,2,1,221,Lost / Low-Value
17940,2011-10-21 13:27:00,9,2152.1800000000003,9322,5,49,0.0,2152.1800000000003,239.13111111111115,United Kingdom,1,3,5,5,355,Loyal Customers
17941,2011-08-01 08:30:00,1,304.56,252,2,131,0.0,304.56,304.56,United Kingdom,1,2,2,2,222,Lost / Low-Value
17942,2011-12-02 10:45:00,1,77.50000000000001,38,2,8,0.0,77.50000000000001,77.50000000000001,United Kingdom,1,5,2,1,521,New Inflow
17946,2011-04-20 17:00:00,2,149.57999999999998,75,18,233,0.0,149.57999999999998,74.78999999999999,United Kingdom,1,1,3,1,131,Needs Attention
17947,2011-11-02 13:05:00,1,176.68,168,9,37,0.0,176.68,176.68,United Kingdom,1,3,2,1,321,Needs Attention
17948,2011-07-15 12:58:00,1,358.56000000000006,144,1,147,0.0,358.56000000000006,358.56000000000006,United Kingdom,1,2,2,2,222,Lost / Low-Value
17949,2011-12-08 18:46:00,44,58030.48,30450,28,1,-4814.74,53215.740000000005,1318.8745454545456,United Kingdom,1,5,5,5,555,Champions
17950,2011-09-28 15:18:00,3,482.2,366,63,72,-10.08,472.12,160.73333333333332,United Kingdom,1,2,4,3,243,At-Risk High-Value
17951,2011-10-31 12:30:00,3,1008.5400000000001,616,18,40,-17.700000000000003,990.84,336.18,United Kingdom,1,3,4,4,344,Loyal Customers
17954,2011-12-04 14:15:00,12,2314.13,2221,326,5,-37.349999999999994,2276.78,192.84416666666667,United Kingdom,1,5,5,5,555,Champions
17955,2011-05-25 12:00:00,4,557.3,273,14,199,0.0,557.3,139.325,United Kingdom,1,1,4,3,143,At-Risk High-Value
17956,2011-04-04 13:47:00,1,12.75,1,1,249,0.0,12.75,12.75,United Kingdom,1,1,2,1,121,Lost / Low-Value
17957,2011-10-04 14:58:00,1,110.72,275,30,66,0.0,110.72,110.72,United Kingdom,1,3,2,1,321,Needs Attention
17958,2011-08-15 12:19:00,1,508.46000000000004,84,7,117,0.0,508.46000000000004,508.46000000000004,United Kingdom,1,2,2,3,223,Lost / Low-Value
17960,2011-06-21 14:15:00,1,73.78,41,26,171,0.0,73.78,73.78,United Kingdom,1,2,2,1,221,Lost / Low-Value
17961,2011-11-18 16:55:00,39,1296.44,560,211,21,0.0,1296.44,33.242051282051285,United Kingdom,1,4,5,4,454,Champions
17962,2011-07-20 14:16:00,1,102.41,127,33,142,0.0,102.41,102.41,United Kingdom,1,2,2,1,221,Lost / Low-Value
17964,2011-11-08 10:44:00,2,463.21,294,84,32,0.0,463.21,231.605,United Kingdom,1,4,3,2,432,Loyal Customers
17965,2011-11-02 09:31:00,14,2599.19,1532,274,38,0.0,2599.19,185.65642857142856,United Kingdom,1,3,5,5,355,Loyal Customers
17966,2011-11-02 10:26:00,5,1098.43,2571,53,38,0.0,1098.43,219.686,United Kingdom,1,3,4,4,344,Loyal Customers
17967,2010-12-03 11:19:00,1,112.27,73,41,372,0.0,112.27,112.27,United Kingdom,1,1,2,1,121,Lost / Low-Value
17968,2010-12-01 12:23:00,1,265.1,151,74,374,0.0,265.1,265.1,United Kingdom,1,1,2,2,122,Lost / Low-Value
17969,2011-06-26 13:00:00,2,228.2,152,14,166,0.0,228.2,114.1,United Kingdom,1,2,3,1,231,Needs Attention
17970,2011-05-12 20:03:00,1,562.79,513,27,211,0.0,562.79,562.79,United Kingdom,1,1,2,3,123,Lost / Low-Value
17972,2011-04-12 12:16:00,1,135.19,36,30,242,0.0,135.19,135.19,United Kingdom,1,1,2,1,121,Lost / Low-Value
17973,2011-10-19 10:34:00,1,337.04,176,15,52,0.0,337.04,337.04,United Kingdom,1,3,2,2,322,Needs Attention
17974,2011-11-15 11:37:00,3,703.99,500,143,25,0.0,703.99,234.66333333333333,United Kingdom,1,4,4,3,443,Loyal Customers
17975,2011-11-24 13:27:00,13,4479.96,1563,188,15,-95.2,4384.76,344.6123076923077,United Kingdom,1,4,5,5,455,Champions
17976,2010-12-02 13:49:00,1,321.79,93,56,372,0.0,321.79,321.79,United Kingdom,1,1,2,2,122,Lost / Low-Value
17977,2011-11-10 13:28:00,1,288.14,342,19,29,0.0,288.14,288.14,United Kingdom,1,4,2,2,422,New Inflow
17978,2010-12-09 14:05:00,1,300.91999999999996,499,12,365,0.0,300.91999999999996,300.91999999999996,United Kingdom,1,1,2,2,122,Lost / Low-Value
17979,2011-11-04 12:05:00,4,729.01,379,115,36,-19.9,709.11,182.2525,United Kingdom,1,3,4,3,343,Loyal Customers
17980,2011-06-27 12:01:00,3,811.45,682,23,166,0.0,811.45,270.48333333333335,United Kingdom,1,2,4,3,243,At-Risk High-Value
17984,2011-07-17 15:59:00,1,152.68,98,48,145,0.0,152.68,152.68,United Kingdom,1,2,2,1,221,Lost / Low-Value
17985,2011-11-17 14:24:00,1,631.35,171,20,22,0.0,631.35,631.35,United Kingdom,1,4,2,3,423,New Inflow
17986,2011-10-14 14:22:00,1,20.8,10,1,56,0.0,20.8,20.8,United Kingdom,1,3,2,1,321,Needs Attention
17987,2011-06-07 14:22:00,1,198.57,261,13,185,0.0,198.57,198.57,United Kingdom,1,1,2,1,121,Lost / Low-Value
17988,2011-11-28 11:00:00,7,201.12,43,37,12,-9.95,191.17000000000002,28.731428571428573,United Kingdom,1,5,5,1,551,Loyal Customers
17990,2011-04-17 11:44:00,3,630.84,414,27,237,0.0,630.84,210.28,United Kingdom,1,1,4,3,143,At-Risk High-Value
17991,2011-04-28 15:58:00,2,93.35,25,4,225,0.0,93.35,46.675,United Kingdom,1,1,3,1,131,Needs Attention
17994,2011-08-10 11:41:00,4,674.89,495,63,122,-48.8,626.09,168.7225,United Kingdom,1,2,4,3,243,At-Risk High-Value
17995,2011-03-03 12:30:00,1,76.1,133,2,282,0.0,76.1,76.1,United Kingdom,1,1,2,1,121,Lost / Low-Value
17997,2011-09-26 16:13:00,8,1962.46,2273,133,74,-441.99,1520.47,245.3075,United Kingdom,1,2,5,4,254,At-Risk High-Value
17999,2011-11-02 15:56:00,2,380.39,219,87,37,0.0,380.39,190.195,United Kingdom,1,3,3,2,332,Loyal Customers
18001,2011-11-27 16:02:00,2,415.13,362,56,12,0.0,415.13,207.565,United Kingdom,1,5,3,2,532,Loyal Customers
18004,2010-12-12 13:47:00,1,157.92,75,32,362,0.0,157.92,157.92,United Kingdom,1,1,2,1,121,Lost / Low-Value
18005,2011-12-06 11:51:00,2,226.47,86,52,4,0.0,226.47,113.235,United Kingdom,1,5,3,1,531,Loyal Customers
18006,2011-11-16 16:52:00,1,444.68,220,21,23,0.0,444.68,444.68,United Kingdom,1,4,2,2,422,New Inflow
18008,2011-09-30 15:17:00,9,2116.19,1581,24,70,0.0,2116.19,235.13222222222223,United Kingdom,1,3,5,5,355,Loyal Customers
18009,2011-04-18 13:36:00,1,247.39,125,31,235,-5.1,242.29,247.39,United Kingdom,1,1,2,1,121,Lost / Low-Value
18010,2011-03-28 12:27:00,1,174.8,60,14,257,0.0,174.8,174.8,United Kingdom,1,1,2,1,121,Lost / Low-Value
18011,2010-12-01 17:35:00,1,102.78999999999999,71,28,373,0.0,102.78999999999999,102.78999999999999,United Kingdom,1,1,2,1,121,Lost / Low-Value
18013,2011-07-07 14:11:00,2,187.29,285,31,155,0.0,187.29,93.645,United Kingdom,1,2,3,1,231,Needs Attention
18014,2011-11-11 15:28:00,1,154.27,65,28,28,0.0,154.27,154.27,United Kingdom,1,4,2,1,421,New Inflow
18015,2011-12-05 14:49:00,1,120.03,157,46,4,0.0,120.03,120.03,United Kingdom,1,5,2,1,521,New Inflow
18016,2011-11-07 13:25:00,5,1477.66,1027,90,32,0.0,1477.66,295.53200000000004,United Kingdom,1,4,4,4,444,Champions
18017,2011-09-19 16:15:00,3,523.0,300,1,81,0.0,523.0,174.33333333333334,United Kingdom,1,2,4,3,243,At-Risk High-Value
18018,2011-08-23 17:37:00,2,122.14,55,29,108,0.0,122.14,61.07,United Kingdom,1,2,3,1,231,Needs Attention
18019,2011-10-19 12:10:00,1,38.45,7,5,52,0.0,38.45,38.45,United Kingdom,1,3,2,1,321,Needs Attention
18022,2011-11-04 12:45:00,1,612.72,703,141,36,0.0,612.72,612.72,United Kingdom,1,3,2,3,323,Needs Attention
18024,2011-07-10 12:40:00,2,389.78,184,21,153,-153.0,236.77999999999997,194.89,United Kingdom,1,2,3,1,231,Needs Attention
18027,2011-09-02 10:38:00,1,115.31,78,21,99,0.0,115.31,115.31,United Kingdom,1,2,2,1,221,Lost / Low-Value
18030,2011-12-05 16:37:00,2,230.64999999999998,67,8,4,-9.95,220.7,115.32499999999999,United Kingdom,1,5,3,1,531,Loyal Customers
18032,2011-01-09 15:32:00,1,73.5,42,5,334,0.0,73.5,73.5,United Kingdom,1,1,2,1,121,Lost / Low-Value
18033,2011-10-05 17:28:00,1,93.82000000000001,252,32,65,0.0,93.82000000000001,93.82000000000001,United Kingdom,1,3,2,1,321,Needs Attention
18034,2011-11-18 12:22:00,2,418.68,559,99,22,0.0,418.68,209.34,United Kingdom,1,4,3,2,432,Loyal Customers
18035,2011-11-04 12:39:00,3,713.89,584,44,36,0.0,713.89,237.96333333333334,United Kingdom,1,3,4,3,343,Loyal Customers
18036,2011-11-07 14:40:00,3,403.12,232,77,32,0.0,403.12,134.37333333333333,United Kingdom,1,4,4,2,442,Loyal Customers
18037,2011-07-08 13:39:00,6,70.02,20,19,154,0.0,70.02,11.67,United Kingdom,1,2,5,1,251,Needs Attention
18040,2011-11-20 14:20:00,2,357.20000000000005,148,18,19,0.0,357.20000000000005,178.60000000000002,United Kingdom,1,4,3,2,432,Loyal Customers
18041,2011-11-28 11:39:00,21,4097.37,3758,285,12,-22.25,4075.12,195.11285714285714,United Kingdom,1,5,5,5,555,Champions
18042,2011-10-17 11:49:00,1,165.04999999999998,33,7,54,0.0,165.04999999999998,165.04999999999998,United Kingdom,1,3,2,1,321,Needs Attention
18043,2011-11-15 12:48:00,3,529.29,265,106,25,0.0,529.29,176.42999999999998,United Kingdom,1,4,4,3,443,Loyal Customers
18044,2011-12-05 14:26:00,10,2088.6,1033,88,4,-2.95,2085.65,208.85999999999999,United Kingdom,1,5,5,5,555,Champions
18045,2011-10-25 13:07:00,1,178.34,138,43,45,0.0,178.34,178.34,United Kingdom,1,3,2,1,321,Needs Attention
18048,2011-05-20 14:58:00,2,172.29000000000002,127,6,203,0.0,172.29000000000002,86.14500000000001,United Kingdom,1,1,3,1,131,Needs Attention
18050,2010-12-15 14:25:00,1,74.4,40,5,359,0.0,74.4,74.4,United Kingdom,1,1,2,1,121,Lost / Low-Value
18053,2011-09-30 09:05:00,1,300.02,302,20,71,-2.95,297.07,300.02,United Kingdom,1,3,2,2,322,Needs Attention
18055,2011-12-02 14:25:00,10,6761.34,2452,223,7,-32.050000000000004,6729.29,676.134,United Kingdom,1,5,5,5,555,Champions
18056,2011-02-24 14:27:00,1,363.65,211,19,288,0.0,363.65,363.65,United Kingdom,1,1,2,2,122,Lost / Low-Value
18058,2011-11-30 08:38:00,1,170.16,88,3,10,0.0,170.16,170.16,United Kingdom,1,5,2,1,521,New Inflow
18059,2011-11-16 16:49:00,3,306.46,258,17,23,-9.75,296.71,102.15333333333332,United Kingdom,1,4,4,2,442,Loyal Customers
18061,2011-11-18 11:20:00,10,2119.41,955,18,22,0.0,2119.41,211.94099999999997,United Kingdom,1,4,5,5,455,Champions
18062,2011-06-19 14:47:00,3,720.52,396,23,173,0.0,720.52,240.17333333333332,United Kingdom,1,2,4,3,243,At-Risk High-Value
18064,2011-07-29 16:39:00,2,814.0,384,7,133,0.0,814.0,407.0,United Kingdom,1,2,3,3,233,At-Risk High-Value
18065,2011-12-04 10:30:00,14,2392.83,1027,110,6,-12.75,2380.08,170.91642857142855,United Kingdom,1,5,5,5,555,Champions
18066,2011-09-25 15:30:00,1,318.0,108,10,75,0.0,318.0,318.0,United Kingdom,1,2,2,2,222,Lost / Low-Value
18067,2011-10-30 15:58:00,1,396.33,189,36,40,0.0,396.33,396.33,United Kingdom,1,3,2,2,322,Needs Attention
18068,2011-02-23 14:50:00,1,101.7,6,1,289,0.0,101.7,101.7,United Kingdom,1,1,2,1,121,Lost / Low-Value
18069,2011-11-13 16:03:00,5,2009.24,1296,334,26,-14.850000000000001,1994.39,401.848,United Kingdom,1,4,4,4,444,Champions
18071,2011-03-27 11:59:00,2,453.0,260,23,258,0.0,453.0,226.5,United Kingdom,1,1,3,2,132,Needs Attention
18072,2011-06-07 10:44:00,1,247.44,288,18,186,-235.2,12.240000000000009,247.44,United Kingdom,1,1,2,1,121,Lost / Low-Value
18073,2011-08-17 14:02:00,12,3859.82,3102,23,114,-13.08,3846.7400000000002,321.6516666666667,United Kingdom,1,2,5,5,255,At-Risk High-Value
18074,2010-12-01 09:53:00,1,489.6,190,13,374,0.0,489.6,489.6,United Kingdom,1,1,2,3,123,Lost / Low-Value
18075,2011-11-16 15:21:00,10,2611.75,1464,97,23,-73.03,2538.72,261.175,United Kingdom,1,4,5,5,455,Champions
18077,2011-12-01 13:32:00,11,2584.41,1839,101,8,0.0,2584.41,234.94636363636363,United Kingdom,1,5,5,5,555,Champions
18078,2011-05-06 14:32:00,2,336.13,145,27,217,0.0,336.13,168.065,United Kingdom,1,1,3,2,132,Needs Attention
18079,2011-10-25 15:27:00,4,3613.15,7347,99,45,0.0,3613.15,903.2875,United Kingdom,1,3,4,5,345,Loyal Customers
18080,2011-11-21 08:02:00,2,1231.5,642,2,19,0.0,1231.5,615.75,United Kingdom,1,4,3,4,434,Loyal Customers
18081,2011-11-03 16:30:00,3,343.45,195,14,36,0.0,343.45,114.48333333333333,United Kingdom,1,3,4,2,342,Loyal Customers
18082,2011-11-14 12:45:00,1,680.84,608,62,26,0.0,680.84,680.84,United Kingdom,1,4,2,3,423,New Inflow
18084,2011-11-23 13:57:00,1,90.48,312,1,16,-2.95,87.53,90.48,United Kingdom,1,4,2,1,421,New Inflow
18085,2011-01-13 15:17:00,2,689.95,265,25,330,0.0,689.95,344.975,United Kingdom,1,1,3,3,133,At-Risk High-Value
18086,2011-03-10 13:34:00,1,101.34,106,7,274,0.0,101.34,101.34,United Kingdom,1,1,2,1,121,Lost / Low-Value
18087,2011-02-22 10:43:00,1,3202.92,3906,1,291,-285.59999999999997,2917.32,3202.92,United Kingdom,1,1,2,5,125,Lost / Low-Value
18088,2011-10-09 13:41:00,1,166.03,107,35,61,0.0,166.03,166.03,United Kingdom,1,3,2,1,321,Needs Attention
18092,2011-12-07 13:14:00,11,9068.26,4252,28,2,-2.5,9065.76,824.3872727272727,United Kingdom,1,5,5,5,555,Champions
18093,2011-09-07 15:43:00,4,2106.52,1392,31,93,-23.1,2083.42,526.63,United Kingdom,1,2,4,5,245,At-Risk High-Value
18094,2011-09-19 09:28:00,7,3017.3,2518,39,82,0.0,3017.3,431.04285714285714,United Kingdom,1,2,5,5,255,At-Risk High-Value
18095,2011-01-31 12:50:00,2,580.05,419,20,313,0.0,580.05,290.025,United Kingdom,1,1,3,3,133,At-Risk High-Value
18096,2011-11-28 12:44:00,3,849.06,788,157,12,0.0,849.06,283.02,United Kingdom,1,5,4,3,543,Loyal Customers
18097,2011-12-02 11:16:00,6,2662.4,1662,65,8,-4.95,2657.4500000000003,443.73333333333335,United Kingdom,1,5,5,5,555,Champions
18099,2011-08-04 15:52:00,1,168.31,149,19,127,0.0,168.31,168.31,United Kingdom,1,2,2,1,221,Lost / Low-Value
18101,2011-11-28 13:37:00,2,222.4,87,37,11,0.0,222.4,111.2,United Kingdom,1,5,3,1,531,Loyal Customers
18102,2011-12-09 11:50:00,60,259657.3,64124,150,1,0.0,259657.3,4327.621666666667,United Kingdom,1,5,5,5,555,Champions
18104,2011-11-02 14:07:00,1,754.64,362,38,37,0.0,754.64,754.64,United Kingdom,1,3,2,3,323,Needs Attention
18105,2011-11-02 12:04:00,1,113.48000000000002,46,18,38,0.0,113.48000000000002,113.48000000000002,United Kingdom,1,3,2,1,321,Needs Attention
18106,2011-01-14 12:23:00,1,421.9,126,33,330,0.0,421.9,421.9,United Kingdom,1,1,2,2,122,Lost / Low-Value
18108,2011-03-30 13:56:00,1,271.0,84,17,254,-6.35,264.65,271.0,United Kingdom,1,1,2,2,122,Lost / Low-Value
18109,2011-12-08 11:36:00,26,8004.92,4230,119,2,-127.65,7877.27,307.88153846153847,United Kingdom,1,5,5,5,555,Champions
18110,2011-11-20 12:34:00,1,198.8,72,33,20,-30.25,168.55,198.8,United Kingdom,1,4,2,1,421,New Inflow
18112,2011-11-27 14:43:00,2,352.69,255,26,12,0.0,352.69,176.345,United Kingdom,1,5,3,2,532,Loyal Customers
18113,2010-12-06 12:31:00,1,76.32000000000001,72,1,369,0.0,76.32000000000001,76.32000000000001,United Kingdom,1,1,2,1,121,Lost / Low-Value
18114,2011-02-22 13:20:00,1,220.1,55,28,290,0.0,220.1,220.1,United Kingdom,1,1,2,1,121,Lost / Low-Value
18116,2011-10-03 11:00:00,8,1399.51,819,229,68,0.0,1399.51,174.93875,United Kingdom,1,3,5,4,354,Loyal Customers
18117,2011-11-14 12:47:00,1,314.4,604,67,26,0.0,314.4,314.4,United Kingdom,1,4,2,2,422,New Inflow
18118,2011-11-29 11:32:00,26,5622.68,2853,423,11,-58.05,5564.63,216.2569230769231,United Kingdom,1,5,5,5,555,Champions
18119,2010-12-07 11:59:00,1,180.7,124,29,368,0.0,180.7,180.7,United Kingdom,1,1,2,1,121,Lost / Low-Value
18120,2011-05-09 13:45:00,1,111.15,31,17,214,0.0,111.15,111.15,United Kingdom,1,1,2,1,121,Lost / Low-Value
18121,2011-07-13 12:53:00,2,653.3000000000001,438,28,149,0.0,653.3000000000001,326.65000000000003,United Kingdom,1,2,3,3,233,At-Risk High-Value
18122,2011-12-01 13:08:00,6,1791.84,1215,238,8,0.0,1791.84,298.64,United Kingdom,1,5,5,4,554,Champions
18123,2011-11-15 14:23:00,2,574.4399999999999,582,31,24,0.0,574.4399999999999,287.21999999999997,United Kingdom,1,4,3,3,433,Loyal Customers
18125,2011-11-10 12:29:00,4,1131.75,800,164,30,-1.65,1130.1,282.9375,United Kingdom,1,4,4,4,444,Champions
18126,2011-10-10 12:19:00,1,198.58,129,51,61,0.0,198.58,198.58,United Kingdom,1,3,2,1,321,Needs Attention
18127,2011-11-20 14:05:00,3,347.08,187,41,19,0.0,347.08,115.69333333333333,United Kingdom,1,4,4,2,442,Loyal Customers
18129,2011-04-10 14:16:00,1,112.55000000000001,48,13,243,0.0,112.55000000000001,112.55000000000001,United Kingdom,1,1,2,1,121,Lost / Low-Value
18130,2011-11-24 14:40:00,3,1059.39,824,58,15,-13.65,1045.74,353.13000000000005,United Kingdom,1,4,4,4,444,Champions
18133,2011-05-11 14:14:00,1,931.5,1350,1,212,0.0,931.5,931.5,United Kingdom,1,1,2,4,124,Lost / Low-Value
18135,2011-11-10 19:32:00,5,681.91,349,11,29,0.0,681.91,136.382,United Kingdom,1,4,4,3,443,Loyal Customers
18136,2011-10-07 15:40:00,3,784.33,379,34,63,-22.5,761.83,261.4433333333333,United Kingdom,1,3,4,3,343,Loyal Customers
18138,2011-02-17 14:51:00,1,152.65,38,8,295,0.0,152.65,152.65,United Kingdom,1,1,2,1,121,Lost / Low-Value
18139,2011-11-22 10:44:00,6,8438.34,5557,35,18,0.0,8438.34,1406.39,United Kingdom,1,4,5,5,455,Champions
18142,2011-07-05 13:19:00,2,1019.52,1276,9,157,-4.62,1014.9,509.76,United Kingdom,1,2,3,4,234,At-Risk High-Value
18143,2011-08-15 12:07:00,2,1000.16,570,59,117,0.0,1000.16,500.08,United Kingdom,1,2,3,4,234,At-Risk High-Value
18144,2011-12-02 12:46:00,12,2888.75,1343,27,8,0.0,2888.75,240.72916666666666,United Kingdom,1,5,5,5,555,Champions
18145,2011-11-27 11:22:00,4,2861.55,2625,174,13,0.0,2861.55,715.3875,United Kingdom,1,5,4,5,545,Champions
18146,2011-07-22 12:08:00,2,160.35,153,10,141,0.0,160.35,80.175,United Kingdom,1,2,3,1,231,Needs Attention
18147,2011-10-25 11:46:00,2,179.34,203,7,46,0.0,179.34,89.67,United Kingdom,1,3,3,1,331,Loyal Customers
18149,2011-10-20 12:04:00,3,612.0799999999999,310,11,51,0.0,612.0799999999999,204.02666666666664,United Kingdom,1,3,4,3,343,Loyal Customers
18150,2011-11-07 16:49:00,3,566.58,332,29,32,0.0,566.58,188.86,United Kingdom,1,4,4,3,443,Loyal Customers
18151,2011-07-28 11:35:00,2,653.35,355,38,135,0.0,653.35,326.675,United Kingdom,1,2,3,3,233,At-Risk High-Value
18154,2011-12-06 16:41:00,2,399.19,255,15,3,0.0,399.19,199.595,United Kingdom,1,5,3,2,532,Loyal Customers
18155,2011-09-25 13:32:00,3,371.62,266,19,75,-23.8,347.82,123.87333333333333,United Kingdom,1,2,4,2,242,Needs Attention
18156,2011-11-27 12:24:00,2,675.64,283,100,13,0.0,675.64,337.82,United Kingdom,1,5,3,3,533,Loyal Customers
18158,2011-11-30 16:19:00,2,453.4,354,24,9,-1.65,451.75,226.7,United Kingdom,1,5,3,2,532,Loyal Customers
18159,2011-02-11 14:26:00,1,530.15,139,23,301,0.0,530.15,530.15,United Kingdom,1,1,2,3,123,Lost / Low-Value
18160,2011-10-13 15:50:00,2,638.0600000000001,294,37,57,0.0,638.0600000000001,319.03000000000003,United Kingdom,1,3,3,3,333,Loyal Customers
18161,2011-11-24 16:40:00,5,1618.69,812,49,15,-5.9,1612.79,323.738,United Kingdom,1,4,4,4,444,Champions
18164,2011-11-02 12:56:00,1,399.65,184,24,37,-4.95,394.7,399.65,United Kingdom,1,3,2,2,322,Needs Attention
18165,2011-06-15 13:23:00,1,302.46,254,10,177,0.0,302.46,302.46,United Kingdom,1,2,2,2,222,Lost / Low-Value
18167,2011-11-16 15:56:00,3,1384.8600000000001,382,24,23,-23.35,1361.5100000000002,461.62000000000006,United Kingdom,1,4,4,4,444,Champions
18168,2011-06-16 19:21:00,6,1160.04,592,97,176,-36.3,1123.74,193.34,United Kingdom,1,2,5,4,254,At-Risk High-Value
18169,2011-10-10 12:18:00,1,202.65,61,9,61,0.0,202.65,202.65,United Kingdom,1,3,2,1,321,Needs Attention
18170,2011-11-06 14:35:00,3,980.3100000000001,409,29,33,0.0,980.3100000000001,326.77000000000004,United Kingdom,1,3,4,4,344,Loyal Customers
18171,2011-10-12 09:13:00,5,1231.31,481,43,59,-22.8,1208.51,246.262,United Kingdom,1,3,4,4,344,Loyal Customers
18172,2011-11-25 11:12:00,20,7561.68,3184,100,15,-71.51,7490.17,378.084,United Kingdom,1,4,5,5,455,Champions
18173,2011-09-14 11:26:00,4,2106.84,1220,23,87,0.0,2106.84,526.71,United Kingdom,1,2,4,5,245,At-Risk High-Value
18174,2011-12-02 16:56:00,1,104.0,50,1,7,0.0,104.0,104.0,United Kingdom,1,5,2,1,521,New Inflow
18176,2010-12-16 15:45:00,1,476.35,283,30,358,-27.7,448.65000000000003,476.35,United Kingdom,1,1,2,2,122,Lost / Low-Value
18177,2011-11-08 14:44:00,6,1340.8700000000001,709,53,31,-27.25,1313.6200000000001,223.47833333333335,United Kingdom,1,4,5,4,454,Champions
18178,2011-08-03 09:30:00,4,1590.81,983,80,129,-17.4,1573.4099999999999,397.7025,United Kingdom,1,2,4,4,244,At-Risk High-Value
18179,2011-11-30 16:23:00,6,1793.17,1360,86,9,0.0,1793.17,298.8616666666667,United Kingdom,1,5,5,4,554,Champions
18180,2011-12-05 08:39:00,6,1843.75,1721,108,5,0.0,1843.75,307.2916666666667,United Kingdom,1,5,5,4,554,Champions
18181,2011-11-15 15:08:00,1,366.85,133,40,24,0.0,366.85,366.85,United Kingdom,1,4,2,2,422,New Inflow
18183,2011-04-26 15:26:00,2,632.07,371,36,227,-31.55,600.5200000000001,316.035,United Kingdom,1,1,3,3,133,At-Risk High-Value
18184,2011-11-24 15:28:00,1,49.8,60,1,15,0.0,49.8,49.8,United Kingdom,1,4,2,1,421,New Inflow
18185,2011-04-04 13:42:00,1,304.25,183,17,249,0.0,304.25,304.25,United Kingdom,1,1,2,2,122,Lost / Low-Value
18188,2011-11-24 16:46:00,3,2001.04,1168,63,15,-2.55,1998.49,667.0133333333333,United Kingdom,1,4,4,4,444,Champions
18189,2011-09-23 12:40:00,2,1090.24,566,65,78,-5.9,1084.34,545.12,United Kingdom,1,2,3,4,234,At-Risk High-Value
18190,2011-05-31 14:48:00,2,284.46000000000004,140,14,192,-9.95,274.51000000000005,142.23000000000002,United Kingdom,1,1,3,2,132,Needs Attention
18191,2011-03-23 12:08:00,1,207.8,140,7,262,0.0,207.8,207.8,United Kingdom,1,1,2,1,121,Lost / Low-Value
18192,2011-09-29 09:53:00,1,957.97,339,45,72,0.0,957.97,957.97,United Kingdom,1,2,2,4,224,Lost / Low-Value
18193,2011-06-27 13:58:00,1,243.76,124,16,165,-30.8,212.95999999999998,243.76,United Kingdom,1,2,2,1,221,Lost / Low-Value
18194,2011-09-18 13:29:00,1,973.84,632,7,82,-77.84,896.0,973.84,United Kingdom,1,2,2,3,223,Lost / Low-Value
18196,2011-09-05 16:22:00,2,686.63,431,131,95,0.0,686.63,343.315,United Kingdom,1,2,3,3,233,At-Risk High-Value
18198,2011-12-05 14:49:00,17,5425.56,4074,81,4,-342.5,5083.06,319.15058823529415,United Kingdom,1,5,5,5,555,Champions
18200,2011-08-25 18:45:00,1,150.35,104,29,106,0.0,150.35,150.35,United Kingdom,1,2,2,1,221,Lost / Low-Value
18202,2011-05-24 12:12:00,3,1396.99,581,55,200,0.0,1396.99,465.66333333333336,United Kingdom,1,1,4,4,144,At-Risk High-Value
18203,2011-07-05 13:07:00,1,160.42000000000002,43,19,157,0.0,160.42000000000002,160.42000000000002,United Kingdom,1,2,2,1,221,Lost / Low-Value
18204,2011-09-29 16:44:00,3,1975.3500000000001,1190,159,71,-14.4,1960.95,658.45,United Kingdom,1,2,4,4,244,At-Risk High-Value
18205,2011-11-03 13:22:00,2,517.36,192,30,36,0.0,517.36,258.68,United Kingdom,1,3,3,3,333,Loyal Customers
18209,2011-11-11 12:07:00,1,139.10000000000002,58,8,29,0.0,139.10000000000002,139.10000000000002,United Kingdom,1,4,2,1,421,New Inflow
18210,2011-12-08 11:02:00,6,2621.38,1398,109,2,0.0,2621.38,436.8966666666667,United Kingdom,1,5,5,5,555,Champions
18211,2011-11-14 08:10:00,5,600.07,359,37,26,0.0,600.07,120.01400000000001,United Kingdom,1,4,4,3,443,Loyal Customers
18212,2011-01-17 16:14:00,1,216.07,92,30,326,0.0,216.07,216.07,United Kingdom,1,1,2,1,121,Lost / Low-Value
18213,2011-04-17 10:21:00,1,232.48000000000002,232,15,237,0.0,232.48000000000002,232.48000000000002,United Kingdom,1,1,2,1,121,Lost / Low-Value
18215,2011-09-11 16:05:00,1,299.34000000000003,118,13,89,0.0,299.34000000000003,299.34000000000003,United Kingdom,1,2,2,2,222,Lost / Low-Value
18216,2011-11-08 16:55:00,1,481.75,200,26,31,0.0,481.75,481.75,United Kingdom,1,4,2,3,423,New Inflow
18217,2011-11-10 13:18:00,2,621.75,491,27,29,0.0,621.75,310.875,United Kingdom,1,4,3,3,433,Loyal Customers
18218,2011-05-12 12:53:00,2,641.92,536,17,211,-35.7,606.2199999999999,320.96,United Kingdom,1,1,3,3,133,At-Risk High-Value
18219,2011-12-07 11:43:00,10,2069.77,885,58,3,-50.0,2019.77,206.977,United Kingdom,1,5,5,5,555,Champions
18220,2011-04-27 09:03:00,1,305.28,288,2,227,-7.5,297.78,305.28,United Kingdom,1,1,2,2,122,Lost / Low-Value
18221,2011-11-17 14:40:00,5,1041.61,791,59,22,-8.3,1033.31,208.32199999999997,United Kingdom,1,4,4,4,444,Champions
18222,2011-09-08 10:45:00,1,443.0,335,19,93,0.0,443.0,443.0,United Kingdom,1,2,2,2,222,Lost / Low-Value
18223,2011-12-05 09:11:00,14,6484.54,2948,116,5,-166.47,6318.07,463.18142857142857,United Kingdom,1,5,5,5,555,Champions
18224,2011-03-21 10:30:00,1,158.95000000000002,69,10,264,0.0,158.95000000000002,158.95000000000002,United Kingdom,1,1,2,1,121,Lost / Low-Value
18225,2011-12-06 13:27:00,12,5504.96,3242,150,3,-148.1,5356.86,458.74666666666667,United Kingdom,1,5,5,5,555,Champions
18226,2011-10-26 13:36:00,11,5228.05,3466,141,44,-35.95,5192.1,475.27727272727276,United Kingdom,1,3,5,5,355,Loyal Customers
18227,2011-05-06 12:23:00,1,93.75,21,5,218,0.0,93.75,93.75,United Kingdom,1,1,2,1,121,Lost / Low-Value
18228,2011-10-14 09:21:00,2,779.9,238,23,57,-10.7,769.1999999999999,389.95,United Kingdom,1,3,3,3,333,Loyal Customers
18229,2011-11-28 09:48:00,20,7276.9,2488,66,12,0.0,7276.9,363.84499999999997,United Kingdom,1,5,5,5,555,Champions
18230,2011-11-30 13:22:00,7,2810.2000000000003,1316,32,9,-93.6,2716.6000000000004,401.4571428571429,United Kingdom,1,5,5,5,555,Champions
18231,2011-05-31 14:18:00,5,2071.77,819,106,192,-17.1,2054.67,414.354,United Kingdom,1,1,4,5,145,At-Risk High-Value
18232,2011-09-19 11:49:00,4,592.97,302,31,82,-10.5,582.47,148.2425,United Kingdom,1,2,4,3,243,At-Risk High-Value
18233,2011-01-18 08:44:00,1,440.0,4,1,326,0.0,440.0,440.0,United Kingdom,1,1,2,2,122,Lost / Low-Value
18235,2011-09-29 08:27:00,3,1796.48,1578,100,72,0.0,1796.48,598.8266666666667,United Kingdom,1,2,4,4,244,At-Risk High-Value
18236,2011-11-10 08:06:00,6,882.24,403,42,30,0.0,882.24,147.04,United Kingdom,1,4,5,3,453,Loyal Customers
18237,2011-12-07 12:49:00,5,987.1,622,40,3,0.0,987.1,197.42000000000002,United Kingdom,1,5,4,4,544,Champions
18239,2011-05-05 12:38:00,5,1561.6100000000001,795,80,219,0.0,1561.6100000000001,312.322,United Kingdom,1,1,4,4,144,At-Risk High-Value
18240,2011-10-24 13:06:00,1,422.58,126,6,46,0.0,422.58,422.58,United Kingdom,1,3,2,2,322,Needs Attention
18241,2011-11-30 12:10:00,17,2073.09,1051,60,10,-15.0,2058.09,121.9464705882353,United Kingdom,1,5,5,5,555,Champions
18242,2011-09-28 13:43:00,4,2232.4900000000002,1017,72,72,0.0,2232.4900000000002,558.1225000000001,United Kingdom,1,2,4,5,245,At-Risk High-Value
18245,2011-12-02 14:48:00,7,2567.06,1788,153,7,-59.5,2507.56,366.72285714285715,United Kingdom,1,5,5,5,555,Champions
18246,2011-11-16 11:49:00,2,596.1,166,3,24,0.0,596.1,298.05,United Kingdom,1,4,3,3,433,Loyal Customers
18248,2011-08-09 10:19:00,2,804.02,511,39,123,-21.0,783.02,402.01,United Kingdom,1,2,3,3,233,At-Risk High-Value
18249,2011-11-22 15:07:00,1,95.34,128,8,17,0.0,95.34,95.34,United Kingdom,1,4,2,1,421,New Inflow
18250,2011-02-02 13:16:00,1,349.27,199,21,310,-6.35,342.91999999999996,349.27,United Kingdom,1,1,2,2,122,Lost / Low-Value
18251,2011-09-13 15:03:00,1,4314.72,7824,16,87,0.0,4314.72,4314.72,United Kingdom,1,2,2,5,225,Lost / Low-Value
18252,2011-10-20 12:43:00,2,518.27,234,90,51,0.0,518.27,259.135,United Kingdom,1,3,3,3,333,Loyal Customers
18255,2011-09-11 13:16:00,1,103.30000000000001,74,6,89,0.0,103.30000000000001,103.30000000000001,United Kingdom,1,2,2,1,221,Lost / Low-Value
18257,2011-10-31 14:48:00,8,2337.63,1041,97,39,-63.60000000000001,2274.03,292.20375,United Kingdom,1,3,5,5,355,Loyal Customers
18259,2011-11-15 12:34:00,3,2338.6,714,27,25,0.0,2338.6,779.5333333333333,United Kingdom,1,4,4,5,445,Champions
18260,2011-06-20 12:37:00,6,2628.35,1475,86,173,-48.2,2580.15,438.05833333333334,United Kingdom,1,2,5,5,255,At-Risk High-Value
18261,2011-10-27 15:36:00,2,324.24,146,19,43,0.0,324.24,162.12,United Kingdom,1,3,3,2,332,Loyal Customers
18262,2011-07-22 16:04:00,1,149.48,182,13,140,0.0,149.48,149.48,United Kingdom,1,2,2,1,221,Lost / Low-Value
18263,2011-11-14 09:00:00,3,1213.16,1468,59,26,-2.08,1211.0800000000002,404.3866666666667,United Kingdom,1,4,4,4,444,Champions
18265,2011-09-28 14:10:00,2,801.51,311,44,72,0.0,801.51,400.755,United Kingdom,1,2,3,3,233,At-Risk High-Value
18269,2010-12-08 13:53:00,1,168.60000000000002,76,7,366,-29.700000000000003,138.90000000000003,168.60000000000002,United Kingdom,1,1,2,1,121,Lost / Low-Value
18270,2011-11-01 13:57:00,2,283.15000000000003,101,11,38,-38.25,244.90000000000003,141.57500000000002,United Kingdom,1,3,3,2,332,Loyal Customers
18272,2011-12-07 12:43:00,6,3078.58,2050,99,3,-13.8,3064.7799999999997,513.0966666666667,United Kingdom,1,5,5,5,555,Champions
18273,2011-12-07 13:16:00,3,204.0,80,1,2,0.0,204.0,68.0,United Kingdom,1,5,4,1,541,Loyal Customers
18276,2011-10-27 10:54:00,1,335.86,186,14,44,-12.5,323.36,335.86,United Kingdom,1,3,2,2,322,Needs Attention
18277,2011-10-12 15:22:00,1,110.38,68,8,58,-12.75,97.63,110.38,United Kingdom,1,3,2,1,321,Needs Attention
18278,2011-09-27 11:58:00,1,173.9,66,9,74,0.0,173.9,173.9,United Kingdom,1,2,2,1,221,Lost / Low-Value
18280,2011-03-07 09:52:00,1,180.60000000000002,45,10,278,0.0,180.60000000000002,180.60000000000002,United Kingdom,1,1,2,1,121,Lost / Low-Value
18281,2011-06-12 10:53:00,1,80.82,54,7,181,0.0,80.82,80.82,United Kingdom,1,1,2,1,121,Lost / Low-Value
18282,2011-12-02 11:43:00,2,178.05,103,12,8,-1.45,176.60000000000002,89.025,United Kingdom,1,5,3,1,531,Loyal Customers
18283,2011-12-06 12:02:00,16,2039.58,1355,262,4,0.0,2039.58,127.47375,United Kingdom,1,5,5,5,555,Champions
18287,2011-10-28 09:29:00,3,1837.28,1586,59,43,0.0,1837.28,612.4266666666666,United Kingdom,1,3,4,4,344,Loyal Customers
